-- phpMyAdmin SQL Dump
-- version 5.2.1
-- https://www.phpmyadmin.net/
--
-- Servidor: 127.0.0.1
-- Tiempo de generación: 22-07-2025 a las 01:13:25
-- Versión del servidor: 10.4.32-MariaDB
-- Versión de PHP: 8.2.12

SET SQL_MODE = "NO_AUTO_VALUE_ON_ZERO";
START TRANSACTION;
SET time_zone = "+00:00";


/*!40101 SET @OLD_CHARACTER_SET_CLIENT=@@CHARACTER_SET_CLIENT */;
/*!40101 SET @OLD_CHARACTER_SET_RESULTS=@@CHARACTER_SET_RESULTS */;
/*!40101 SET @OLD_COLLATION_CONNECTION=@@COLLATION_CONNECTION */;
/*!40101 SET NAMES utf8mb4 */;

--
-- Base de datos: `aviones_sa`
--

DELIMITER $$
--
-- Procedimientos
--
CREATE DEFINER=`root`@`localhost` PROCEDURE `asientos_DML` (IN `p_numero` INT, IN `p_seccion_codigo` INT, IN `p_avion_codigo` INT, IN `p_tipo_asiento` VARCHAR(50), IN `p_accion` INT)   BEGIN
    IF p_accion = 1 THEN
        INSERT INTO asientos VALUES (p_numero, p_seccion_codigo, p_avion_codigo, p_tipo_asiento);
    ELSEIF p_accion = 2 THEN
        UPDATE asientos SET tipo_asiento = p_tipo_asiento WHERE numero = p_numero AND seccion_codigo = p_seccion_codigo AND avion_codigo = p_avion_codigo;
    ELSEIF p_accion = 3 THEN
        DELETE FROM asientos WHERE numero = p_numero AND seccion_codigo = p_seccion_codigo AND avion_codigo = p_avion_codigo;
    END IF;
END$$

CREATE DEFINER=`root`@`localhost` PROCEDURE `aviones_DML` (IN `p_codigo` INT, IN `p_tipo_avion` VARCHAR(50), IN `p_descripcion` VARCHAR(200), IN `p_capacidad_pasajeros` INT, IN `p_accion` INT)   BEGIN
    IF p_accion = 1 THEN
        INSERT INTO aviones VALUES (p_codigo, p_tipo_avion, p_descripcion, p_capacidad_pasajeros);
    ELSEIF p_accion = 2 THEN
        UPDATE aviones SET tipo_avion = p_tipo_avion, descripcion = p_descripcion, capacidad_pasajeros = p_capacidad_pasajeros WHERE codigo = p_codigo;
    ELSEIF p_accion = 3 THEN
        DELETE FROM aviones WHERE codigo = p_codigo;
    END IF;
END$$

CREATE DEFINER=`` PROCEDURE `clientes_DML` (IN `p_accion` INT, IN `p_cedula` VARCHAR(20), IN `p_nombre` VARCHAR(100), IN `p_nacionalidad` VARCHAR(50), IN `p_correo` VARCHAR(100), IN `p_direccion` VARCHAR(200), IN `p_tipo_cliente` VARCHAR(50))   BEGIN
    IF p_accion = 1 THEN
        -- **CAMBIO AQUÍ: Se especifican los nombres de las columnas**
        INSERT INTO clientes (cedula, nombre, nacionalidad, correo, direccion, tipo_cliente)
        VALUES (p_cedula, p_nombre, p_nacionalidad, p_correo, p_direccion, p_tipo_cliente);
    ELSEIF p_accion = 2 THEN
        UPDATE clientes SET nombre = p_nombre, nacionalidad = p_nacionalidad, correo = p_correo, direccion = p_direccion, tipo_cliente = p_tipo_cliente WHERE cedula = p_cedula;
    ELSEIF p_accion = 3 THEN
        DELETE FROM clientes WHERE cedula = p_cedula;
    END IF;
END$$

CREATE DEFINER=`root`@`localhost` PROCEDURE `funcionarios_DML` (IN `p_cedula` VARCHAR(20), IN `p_nombre` VARCHAR(100), IN `p_estado_civil` VARCHAR(20), IN `p_telefono` VARCHAR(20), IN `p_correo` VARCHAR(100), IN `p_puesto` VARCHAR(50), IN `p_accion` INT)   BEGIN
    IF p_accion = 1 THEN
        INSERT INTO funcionarios VALUES (p_cedula, p_nombre, p_estado_civil, p_telefono, p_correo, p_puesto);
    ELSEIF p_accion = 2 THEN
        UPDATE funcionarios SET nombre = p_nombre, estado_civil = p_estado_civil, telefono = p_telefono, correo = p_correo, puesto = p_puesto WHERE cedula = p_cedula;
    ELSEIF p_accion = 3 THEN
        DELETE FROM funcionarios WHERE cedula = p_cedula;
    END IF;
END$$

CREATE DEFINER=`root`@`localhost` PROCEDURE `generar_asientos_por_avion` (`p_avion_codigo` INT)   BEGIN
    -- Declaraciones
    DECLARE done INT DEFAULT FALSE;
    DECLARE v_seccion_codigo INT;
    DECLARE v_porcentaje INT;
    DECLARE v_tipo VARCHAR(50);
    DECLARE v_area VARCHAR(50);
    DECLARE v_capacidad INT;
    DECLARE v_asientos_por_seccion INT;
    DECLARE v_asiento_num INT DEFAULT 1;

    DECLARE cur_secciones CURSOR FOR 
        SELECT codigo, porcentaje, tipo, area 
        FROM secciones WHERE avion_codigo = p_avion_codigo;

    DECLARE CONTINUE HANDLER FOR NOT FOUND SET done = TRUE;

    -- Borrar asientos existentes para ese avión
    DELETE FROM asientos WHERE avion_codigo = p_avion_codigo;

    -- Obtener capacidad total del avión
    SELECT capacidad_pasajeros INTO v_capacidad FROM aviones WHERE codigo = p_avion_codigo;

    OPEN cur_secciones;

    seccion_loop: LOOP
        FETCH cur_secciones INTO v_seccion_codigo, v_porcentaje, v_tipo, v_area;
        IF done THEN
            LEAVE seccion_loop;
        END IF;

        SET v_asientos_por_seccion = FLOOR(v_capacidad * v_porcentaje / 100);

        SET v_asiento_num = 1;
        WHILE v_asiento_num <= v_asientos_por_seccion DO
            INSERT INTO asientos (numero, seccion_codigo, avion_codigo, tipo_asiento)
            VALUES (v_asiento_num, v_seccion_codigo, p_avion_codigo, v_tipo);
            SET v_asiento_num = v_asiento_num + 1;
        END WHILE;
    END LOOP;

    CLOSE cur_secciones;
END$$

CREATE DEFINER=`root`@`localhost` PROCEDURE `generar_asientos_todos_los_aviones` ()   BEGIN
    DECLARE done INT DEFAULT FALSE;
    DECLARE v_avion_codigo INT;

    DECLARE cur_aviones CURSOR FOR 
        SELECT codigo FROM aviones;

    DECLARE CONTINUE HANDLER FOR NOT FOUND SET done = TRUE;

    OPEN cur_aviones;

    avion_loop: LOOP
        FETCH cur_aviones INTO v_avion_codigo;
        IF done THEN
            LEAVE avion_loop;
        END IF;

        -- Llamar al procedimiento para generar asientos por avión
        CALL generar_asientos_por_avion(v_avion_codigo);
    END LOOP;

    CLOSE cur_aviones;
END$$

CREATE DEFINER=`` PROCEDURE `reservaciones_DML` (IN `p_numero` INT, IN `p_fecha` DATE, IN `p_cliente_cedula` VARCHAR(20), IN `p_vuelo_numero` INT, IN `p_total_costo` DECIMAL(10,2), IN `p_accion` INT)   BEGIN
    IF p_accion = 1 THEN
        INSERT INTO reservaciones (numero, fecha, cliente_cedula, vuelo_numero, total_costo)
        VALUES (p_numero, p_fecha, p_cliente_cedula, p_vuelo_numero, p_total_costo);
    ELSEIF p_accion = 2 THEN
        UPDATE reservaciones
        SET fecha = p_fecha, cliente_cedula = p_cliente_cedula, vuelo_numero = p_vuelo_numero, total_costo = p_total_costo
        WHERE numero = p_numero;
    ELSEIF p_accion = 3 THEN
        DELETE FROM reservaciones WHERE numero = p_numero;
    END IF;
END$$

CREATE DEFINER=`root`@`localhost` PROCEDURE `reservacion_detalle_DML` (IN `p_reservacion_numero` INT, IN `p_seccion_codigo` INT, IN `p_asiento_numero` INT, IN `p_avion_codigo` INT, IN `p_monto` DECIMAL(10,2), IN `p_accion` INT)   BEGIN
    IF p_accion = 1 THEN
        INSERT INTO reservacion_detalle VALUES (p_reservacion_numero, p_seccion_codigo, p_asiento_numero, p_avion_codigo, p_monto);
    ELSEIF p_accion = 3 THEN
        DELETE FROM reservacion_detalle WHERE reservacion_numero = p_reservacion_numero AND seccion_codigo = p_seccion_codigo AND asiento_numero = p_asiento_numero AND avion_codigo = p_avion_codigo;
    END IF;
END$$

CREATE DEFINER=`root`@`localhost` PROCEDURE `secciones_DML` (IN `p_codigo` INT, IN `p_avion_codigo` INT, IN `p_tipo` VARCHAR(50), IN `p_area` VARCHAR(50), IN `p_porcentaje` INT, IN `p_accion` INT)   BEGIN
    IF p_accion = 1 THEN
        INSERT INTO secciones VALUES (p_codigo, p_avion_codigo, p_tipo, p_area, p_porcentaje);
    ELSEIF p_accion = 2 THEN
        UPDATE secciones SET tipo = p_tipo, area = p_area, porcentaje = p_porcentaje WHERE codigo = p_codigo AND avion_codigo = p_avion_codigo;
    ELSEIF p_accion = 3 THEN
        DELETE FROM secciones WHERE codigo = p_codigo AND avion_codigo = p_avion_codigo;
    END IF;
END$$

CREATE DEFINER=`root`@`localhost` PROCEDURE `vuelos_DML` (IN `p_numero` INT, IN `p_fecha` DATE, IN `p_ciudad_destino` VARCHAR(100), IN `p_costo_base` DECIMAL(10,2), IN `p_avion_codigo` INT, IN `p_accion` INT)   BEGIN
    IF p_accion = 1 THEN
        INSERT INTO vuelos VALUES (p_numero, p_fecha, p_ciudad_destino, p_costo_base, p_avion_codigo);
    ELSEIF p_accion = 2 THEN
        UPDATE vuelos SET fecha = p_fecha, ciudad_destino = p_ciudad_destino, costo_base = p_costo_base, avion_codigo = p_avion_codigo WHERE numero = p_numero;
    ELSEIF p_accion = 3 THEN
        DELETE FROM vuelos WHERE numero = p_numero;
    END IF;
END$$

CREATE DEFINER=`` PROCEDURE `vuelo_tripulacion_DML` (IN `p_vuelo_numero` INT, IN `p_funcionario_cedula` VARCHAR(20), IN `p_fecha_asignacion` DATE, IN `p_accion` INT)   BEGIN
    DECLARE vuelo_fecha DATE;

    IF p_accion = 1 THEN
        -- Obtener fecha del vuelo que quieres asignar
        SELECT fecha INTO vuelo_fecha FROM vuelos WHERE numero = p_vuelo_numero;

        -- Validar que el funcionario no tenga ya asignación en el mismo vuelo
        IF EXISTS (
            SELECT 1 FROM vuelo_tripulacion
            WHERE vuelo_numero = p_vuelo_numero AND funcionario_cedula = p_funcionario_cedula
        ) THEN
            SIGNAL SQLSTATE '45000' SET MESSAGE_TEXT = 'Error: La asignación ya existe para este vuelo.';
        ELSE
            -- Validar que el funcionario no esté asignado a otro vuelo en la misma fecha
            IF EXISTS (
                SELECT 1
                FROM vuelo_tripulacion vt
                JOIN vuelos v ON vt.vuelo_numero = v.numero
                WHERE vt.funcionario_cedula = p_funcionario_cedula
                  AND v.fecha = vuelo_fecha
            ) THEN
                SIGNAL SQLSTATE '45000' SET MESSAGE_TEXT = 'Error: El funcionario ya está asignado a otro vuelo en esta fecha.';
            ELSE
                -- Insertar la asignación (usamos p_fecha_asignacion si quieres registrarla)
                -- Tu tabla vuelo_tripulacion actualmente solo tiene vuelo_numero y funcionario_cedula
                -- Si quieres guardar la fecha de asignación, necesitas agregar una columna 'fecha_asignacion' a 'vuelo_tripulacion'
                -- Por ahora, insertamos solo las columnas existentes.
                INSERT INTO vuelo_tripulacion (vuelo_numero, funcionario_cedula)
                VALUES (p_vuelo_numero, p_funcionario_cedula);
            END IF;
        END IF;

    ELSEIF p_accion = 3 THEN
        -- Eliminar asignación
        DELETE FROM vuelo_tripulacion
        WHERE vuelo_numero = p_vuelo_numero AND funcionario_cedula = p_funcionario_cedula;
    ELSE
        SIGNAL SQLSTATE '45000' SET MESSAGE_TEXT = 'Acción no válida.';
    END IF;
END$$

--
-- Funciones
--
CREATE DEFINER=`root`@`localhost` FUNCTION `f_asientos` () RETURNS INT(11) DETERMINISTIC BEGIN
    DECLARE nuevo_codigo INT;
    SELECT siguiente_codigo INTO nuevo_codigo FROM consecutivos WHERE nombre_tabla = 'asientos';
    UPDATE consecutivos SET siguiente_codigo = siguiente_codigo + 1 WHERE nombre_tabla = 'asientos';
    RETURN nuevo_codigo;
END$$

CREATE DEFINER=`root`@`localhost` FUNCTION `f_aviones` () RETURNS INT(11) DETERMINISTIC BEGIN
    DECLARE nuevo_codigo INT;
    SELECT siguiente_codigo INTO nuevo_codigo FROM consecutivos WHERE nombre_tabla = 'aviones';
    UPDATE consecutivos SET siguiente_codigo = siguiente_codigo + 1 WHERE nombre_tabla = 'aviones';
    RETURN nuevo_codigo;
END$$

CREATE DEFINER=`` FUNCTION `f_reservacion` () RETURNS INT(11) DETERMINISTIC BEGIN
    DECLARE nuevo_codigo INT;
    -- Selecciona el código actual de reservaciones, bloqueando la fila para evitar concurrencia
    SELECT siguiente_codigo INTO nuevo_codigo
    FROM consecutivos
    WHERE nombre_tabla = 'reservaciones'
    FOR UPDATE;

    -- Incrementa el código para la próxima vez que se use
    UPDATE consecutivos
    SET siguiente_codigo = siguiente_codigo + 1
    WHERE nombre_tabla = 'reservaciones';

    -- Retorna el código que acabamos de obtener (que se usará para la reserva actual)
    RETURN nuevo_codigo;
END$$

CREATE DEFINER=`root`@`localhost` FUNCTION `f_reservaciones` () RETURNS INT(11) DETERMINISTIC BEGIN
    DECLARE nuevo_codigo INT;
    SELECT siguiente_codigo INTO nuevo_codigo FROM consecutivos WHERE nombre_tabla = 'reservaciones';
    UPDATE consecutivos SET siguiente_codigo = siguiente_codigo + 1 WHERE nombre_tabla = 'reservaciones';
    RETURN nuevo_codigo;
END$$

CREATE DEFINER=`root`@`localhost` FUNCTION `f_secciones` () RETURNS INT(11) DETERMINISTIC BEGIN
    DECLARE nuevo_codigo INT;
    SELECT siguiente_codigo INTO nuevo_codigo FROM consecutivos WHERE nombre_tabla = 'secciones';
    UPDATE consecutivos SET siguiente_codigo = siguiente_codigo + 1 WHERE nombre_tabla = 'secciones';
    RETURN nuevo_codigo;
END$$

CREATE DEFINER=`root`@`localhost` FUNCTION `f_vuelos` () RETURNS INT(11) DETERMINISTIC BEGIN
    DECLARE nuevo_codigo INT;
    SELECT siguiente_codigo INTO nuevo_codigo FROM consecutivos WHERE nombre_tabla = 'vuelos';
    UPDATE consecutivos SET siguiente_codigo = siguiente_codigo + 1 WHERE nombre_tabla = 'vuelos';
    RETURN nuevo_codigo;
END$$

DELIMITER ;

-- --------------------------------------------------------

--
-- Estructura de tabla para la tabla `asientos`
--

CREATE TABLE `asientos` (
  `numero` int(11) NOT NULL,
  `seccion_codigo` int(11) NOT NULL,
  `avion_codigo` int(11) NOT NULL,
  `tipo_asiento` varchar(50) DEFAULT NULL
) ENGINE=InnoDB DEFAULT CHARSET=utf8mb4 COLLATE=utf8mb4_general_ci;

--
-- Volcado de datos para la tabla `asientos`
--

INSERT INTO `asientos` (`numero`, `seccion_codigo`, `avion_codigo`, `tipo_asiento`) VALUES
(1, 200, 100, 'Primera Clase'),
(1, 201, 100, 'Clase Económica'),
(1, 202, 100, 'Carga'),
(1, 203, 101, 'Primera Clase'),
(1, 204, 101, 'Clase Económica'),
(1, 205, 101, 'Carga'),
(1, 206, 102, 'Primera Clase'),
(1, 207, 102, 'Clase Económica'),
(1, 208, 102, 'Carga'),
(1, 209, 103, 'Primera Clase'),
(1, 210, 103, 'Clase Económica'),
(1, 211, 103, 'Carga'),
(2, 200, 100, 'Primera Clase'),
(2, 201, 100, 'Clase Económica'),
(2, 202, 100, 'Carga'),
(2, 203, 101, 'Primera Clase'),
(2, 204, 101, 'Clase Económica'),
(2, 205, 101, 'Carga'),
(2, 206, 102, 'Primera Clase'),
(2, 207, 102, 'Clase Económica'),
(2, 208, 102, 'Carga'),
(2, 209, 103, 'Primera Clase'),
(2, 210, 103, 'Clase Económica'),
(2, 211, 103, 'Carga'),
(3, 200, 100, 'Primera Clase'),
(3, 201, 100, 'Clase Económica'),
(3, 202, 100, 'Carga'),
(3, 203, 101, 'Primera Clase'),
(3, 204, 101, 'Clase Económica'),
(3, 205, 101, 'Carga'),
(3, 206, 102, 'Primera Clase'),
(3, 207, 102, 'Clase Económica'),
(3, 209, 103, 'Primera Clase'),
(3, 210, 103, 'Clase Económica'),
(3, 211, 103, 'Carga'),
(4, 200, 100, 'Primera Clase'),
(4, 201, 100, 'Clase Económica'),
(4, 202, 100, 'Carga'),
(4, 203, 101, 'Primera Clase'),
(4, 204, 101, 'Clase Económica'),
(4, 205, 101, 'Carga'),
(4, 206, 102, 'Primera Clase'),
(4, 207, 102, 'Clase Económica'),
(4, 209, 103, 'Primera Clase'),
(4, 210, 103, 'Clase Económica'),
(4, 211, 103, 'Carga'),
(5, 200, 100, 'Primera Clase'),
(5, 201, 100, 'Clase Económica'),
(5, 202, 100, 'Carga'),
(5, 203, 101, 'Primera Clase'),
(5, 204, 101, 'Clase Económica'),
(5, 205, 101, 'Carga'),
(5, 206, 102, 'Primera Clase'),
(5, 207, 102, 'Clase Económica'),
(5, 209, 103, 'Primera Clase'),
(5, 210, 103, 'Clase Económica'),
(5, 211, 103, 'Carga'),
(6, 200, 100, 'Primera Clase'),
(6, 201, 100, 'Clase Económica'),
(6, 202, 100, 'Carga'),
(6, 203, 101, 'Primera Clase'),
(6, 204, 101, 'Clase Económica'),
(6, 205, 101, 'Carga'),
(6, 207, 102, 'Clase Económica'),
(6, 209, 103, 'Primera Clase'),
(6, 210, 103, 'Clase Económica'),
(6, 211, 103, 'Carga'),
(6, 300, 100, 'Ventana'),
(7, 200, 100, 'Primera Clase'),
(7, 201, 100, 'Clase Económica'),
(7, 202, 100, 'Carga'),
(7, 203, 101, 'Primera Clase'),
(7, 204, 101, 'Clase Económica'),
(7, 205, 101, 'Carga'),
(7, 207, 102, 'Clase Económica'),
(7, 209, 103, 'Primera Clase'),
(7, 210, 103, 'Clase Económica'),
(7, 211, 103, 'Carga'),
(7, 300, 100, 'Pasillo'),
(8, 200, 100, 'Primera Clase'),
(8, 201, 100, 'Clase Económica'),
(8, 202, 100, 'Carga'),
(8, 203, 101, 'Primera Clase'),
(8, 204, 101, 'Clase Económica'),
(8, 207, 102, 'Clase Económica'),
(8, 209, 103, 'Primera Clase'),
(8, 210, 103, 'Clase Económica'),
(8, 211, 103, 'Carga'),
(8, 300, 100, 'Central'),
(9, 200, 100, 'Primera Clase'),
(9, 201, 100, 'Clase Económica'),
(9, 202, 100, 'Carga'),
(9, 203, 101, 'Primera Clase'),
(9, 204, 101, 'Clase Económica'),
(9, 207, 102, 'Clase Económica'),
(9, 209, 103, 'Primera Clase'),
(9, 210, 103, 'Clase Económica'),
(9, 211, 103, 'Carga'),
(9, 300, 100, 'Ventana'),
(10, 200, 100, 'Primera Clase'),
(10, 201, 100, 'Clase Económica'),
(10, 202, 100, 'Carga'),
(10, 203, 101, 'Primera Clase'),
(10, 204, 101, 'Clase Económica'),
(10, 207, 102, 'Clase Económica'),
(10, 209, 103, 'Primera Clase'),
(10, 210, 103, 'Clase Económica'),
(10, 211, 103, 'Carga'),
(10, 300, 100, 'Pasillo'),
(11, 200, 100, 'Primera Clase'),
(11, 201, 100, 'Clase Económica'),
(11, 202, 100, 'Carga'),
(11, 203, 101, 'Primera Clase'),
(11, 204, 101, 'Clase Económica'),
(11, 207, 102, 'Clase Económica'),
(11, 209, 103, 'Primera Clase'),
(11, 210, 103, 'Clase Económica'),
(11, 211, 103, 'Carga'),
(11, 300, 100, 'Central'),
(12, 200, 100, 'Primera Clase'),
(12, 201, 100, 'Clase Económica'),
(12, 202, 100, 'Carga'),
(12, 203, 101, 'Primera Clase'),
(12, 204, 101, 'Clase Económica'),
(12, 207, 102, 'Clase Económica'),
(12, 209, 103, 'Primera Clase'),
(12, 210, 103, 'Clase Económica'),
(12, 211, 103, 'Carga'),
(12, 300, 100, 'Ventana'),
(13, 200, 100, 'Primera Clase'),
(13, 201, 100, 'Clase Económica'),
(13, 202, 100, 'Carga'),
(13, 203, 101, 'Primera Clase'),
(13, 204, 101, 'Clase Económica'),
(13, 207, 102, 'Clase Económica'),
(13, 209, 103, 'Primera Clase'),
(13, 210, 103, 'Clase Económica'),
(13, 211, 103, 'Carga'),
(13, 300, 100, 'Pasillo'),
(14, 200, 100, 'Primera Clase'),
(14, 201, 100, 'Clase Económica'),
(14, 202, 100, 'Carga'),
(14, 203, 101, 'Primera Clase'),
(14, 204, 101, 'Clase Económica'),
(14, 207, 102, 'Clase Económica'),
(14, 209, 103, 'Primera Clase'),
(14, 210, 103, 'Clase Económica'),
(14, 211, 103, 'Carga'),
(14, 300, 100, 'Central'),
(15, 200, 100, 'Primera Clase'),
(15, 201, 100, 'Clase Económica'),
(15, 202, 100, 'Carga'),
(15, 203, 101, 'Primera Clase'),
(15, 204, 101, 'Clase Económica'),
(15, 207, 102, 'Clase Económica'),
(15, 209, 103, 'Primera Clase'),
(15, 210, 103, 'Clase Económica'),
(15, 211, 103, 'Carga'),
(15, 300, 100, 'Ventana'),
(16, 200, 100, 'Primera Clase'),
(16, 201, 100, 'Clase Económica'),
(16, 202, 100, 'Carga'),
(16, 203, 101, 'Primera Clase'),
(16, 204, 101, 'Clase Económica'),
(16, 207, 102, 'Clase Económica'),
(16, 209, 103, 'Primera Clase'),
(16, 210, 103, 'Clase Económica'),
(16, 211, 103, 'Carga'),
(16, 300, 100, 'Pasillo'),
(17, 200, 100, 'Primera Clase'),
(17, 201, 100, 'Clase Económica'),
(17, 202, 100, 'Carga'),
(17, 203, 101, 'Primera Clase'),
(17, 204, 101, 'Clase Económica'),
(17, 207, 102, 'Clase Económica'),
(17, 209, 103, 'Primera Clase'),
(17, 210, 103, 'Clase Económica'),
(17, 211, 103, 'Carga'),
(17, 300, 100, 'Central'),
(18, 200, 100, 'Primera Clase'),
(18, 201, 100, 'Clase Económica'),
(18, 202, 100, 'Carga'),
(18, 203, 101, 'Primera Clase'),
(18, 204, 101, 'Clase Económica'),
(18, 207, 102, 'Clase Económica'),
(18, 209, 103, 'Primera Clase'),
(18, 210, 103, 'Clase Económica'),
(18, 211, 103, 'Carga'),
(18, 300, 100, 'Ventana'),
(19, 200, 100, 'Primera Clase'),
(19, 201, 100, 'Clase Económica'),
(19, 202, 100, 'Carga'),
(19, 203, 101, 'Primera Clase'),
(19, 204, 101, 'Clase Económica'),
(19, 207, 102, 'Clase Económica'),
(19, 209, 103, 'Primera Clase'),
(19, 210, 103, 'Clase Económica'),
(19, 300, 100, 'Pasillo'),
(20, 200, 100, 'Primera Clase'),
(20, 201, 100, 'Clase Económica'),
(20, 202, 100, 'Carga'),
(20, 203, 101, 'Primera Clase'),
(20, 204, 101, 'Clase Económica'),
(20, 207, 102, 'Clase Económica'),
(20, 209, 103, 'Primera Clase'),
(20, 210, 103, 'Clase Económica'),
(20, 300, 100, 'Central'),
(21, 200, 100, 'Primera Clase'),
(21, 201, 100, 'Clase Económica'),
(21, 203, 101, 'Primera Clase'),
(21, 204, 101, 'Clase Económica'),
(21, 207, 102, 'Clase Económica'),
(21, 209, 103, 'Primera Clase'),
(21, 210, 103, 'Clase Económica'),
(21, 300, 100, 'Ventana'),
(22, 200, 100, 'Primera Clase'),
(22, 201, 100, 'Clase Económica'),
(22, 203, 101, 'Primera Clase'),
(22, 204, 101, 'Clase Económica'),
(22, 207, 102, 'Clase Económica'),
(22, 209, 103, 'Primera Clase'),
(22, 210, 103, 'Clase Económica'),
(22, 300, 100, 'Pasillo'),
(23, 200, 100, 'Primera Clase'),
(23, 201, 100, 'Clase Económica'),
(23, 204, 101, 'Clase Económica'),
(23, 207, 102, 'Clase Económica'),
(23, 209, 103, 'Primera Clase'),
(23, 210, 103, 'Clase Económica'),
(23, 300, 100, 'Central'),
(24, 200, 100, 'Primera Clase'),
(24, 201, 100, 'Clase Económica'),
(24, 204, 101, 'Clase Económica'),
(24, 207, 102, 'Clase Económica'),
(24, 209, 103, 'Primera Clase'),
(24, 210, 103, 'Clase Económica'),
(24, 300, 100, 'Ventana'),
(25, 200, 100, 'Primera Clase'),
(25, 201, 100, 'Clase Económica'),
(25, 204, 101, 'Clase Económica'),
(25, 207, 102, 'Clase Económica'),
(25, 209, 103, 'Primera Clase'),
(25, 210, 103, 'Clase Económica'),
(25, 300, 100, 'Pasillo'),
(26, 200, 100, 'Primera Clase'),
(26, 201, 100, 'Clase Económica'),
(26, 204, 101, 'Clase Económica'),
(26, 207, 102, 'Clase Económica'),
(26, 209, 103, 'Primera Clase'),
(26, 210, 103, 'Clase Económica'),
(26, 300, 100, 'Central'),
(27, 200, 100, 'Primera Clase'),
(27, 201, 100, 'Clase Económica'),
(27, 204, 101, 'Clase Económica'),
(27, 207, 102, 'Clase Económica'),
(27, 209, 103, 'Primera Clase'),
(27, 210, 103, 'Clase Económica'),
(27, 300, 100, 'Ventana'),
(28, 200, 100, 'Primera Clase'),
(28, 201, 100, 'Clase Económica'),
(28, 204, 101, 'Clase Económica'),
(28, 207, 102, 'Clase Económica'),
(28, 209, 103, 'Primera Clase'),
(28, 210, 103, 'Clase Económica'),
(28, 300, 100, 'Pasillo'),
(29, 200, 100, 'Primera Clase'),
(29, 201, 100, 'Clase Económica'),
(29, 204, 101, 'Clase Económica'),
(29, 207, 102, 'Clase Económica'),
(29, 209, 103, 'Primera Clase'),
(29, 210, 103, 'Clase Económica'),
(29, 300, 100, 'Central'),
(30, 200, 100, 'Primera Clase'),
(30, 201, 100, 'Clase Económica'),
(30, 204, 101, 'Clase Económica'),
(30, 207, 102, 'Clase Económica'),
(30, 209, 103, 'Primera Clase'),
(30, 210, 103, 'Clase Económica'),
(30, 300, 100, 'Ventana'),
(31, 200, 100, 'Primera Clase'),
(31, 201, 100, 'Clase Económica'),
(31, 204, 101, 'Clase Económica'),
(31, 207, 102, 'Clase Económica'),
(31, 209, 103, 'Primera Clase'),
(31, 210, 103, 'Clase Económica'),
(31, 300, 100, 'Ventana'),
(32, 200, 100, 'Primera Clase'),
(32, 201, 100, 'Clase Económica'),
(32, 204, 101, 'Clase Económica'),
(32, 207, 102, 'Clase Económica'),
(32, 209, 103, 'Primera Clase'),
(32, 210, 103, 'Clase Económica'),
(32, 300, 100, 'Pasillo'),
(33, 200, 100, 'Primera Clase'),
(33, 201, 100, 'Clase Económica'),
(33, 204, 101, 'Clase Económica'),
(33, 207, 102, 'Clase Económica'),
(33, 210, 103, 'Clase Económica'),
(33, 300, 100, 'Central'),
(34, 200, 100, 'Primera Clase'),
(34, 201, 100, 'Clase Económica'),
(34, 204, 101, 'Clase Económica'),
(34, 207, 102, 'Clase Económica'),
(34, 210, 103, 'Clase Económica'),
(34, 300, 100, 'Ventana'),
(35, 200, 100, 'Primera Clase'),
(35, 201, 100, 'Clase Económica'),
(35, 204, 101, 'Clase Económica'),
(35, 207, 102, 'Clase Económica'),
(35, 210, 103, 'Clase Económica'),
(35, 300, 100, 'Pasillo'),
(36, 200, 100, 'Primera Clase'),
(36, 201, 100, 'Clase Económica'),
(36, 204, 101, 'Clase Económica'),
(36, 207, 102, 'Clase Económica'),
(36, 210, 103, 'Clase Económica'),
(36, 300, 100, 'Central'),
(37, 200, 100, 'Primera Clase'),
(37, 201, 100, 'Clase Económica'),
(37, 204, 101, 'Clase Económica'),
(37, 207, 102, 'Clase Económica'),
(37, 210, 103, 'Clase Económica'),
(37, 300, 100, 'Ventana'),
(38, 200, 100, 'Primera Clase'),
(38, 201, 100, 'Clase Económica'),
(38, 204, 101, 'Clase Económica'),
(38, 207, 102, 'Clase Económica'),
(38, 210, 103, 'Clase Económica'),
(38, 300, 100, 'Pasillo'),
(39, 200, 100, 'Primera Clase'),
(39, 201, 100, 'Clase Económica'),
(39, 204, 101, 'Clase Económica'),
(39, 207, 102, 'Clase Económica'),
(39, 210, 103, 'Clase Económica'),
(39, 300, 100, 'Central'),
(40, 200, 100, 'Primera Clase'),
(40, 201, 100, 'Clase Económica'),
(40, 204, 101, 'Clase Económica'),
(40, 207, 102, 'Clase Económica'),
(40, 210, 103, 'Clase Económica'),
(40, 300, 100, 'Ventana'),
(41, 201, 100, 'Clase Económica'),
(41, 204, 101, 'Clase Económica'),
(41, 207, 102, 'Clase Económica'),
(41, 210, 103, 'Clase Económica'),
(41, 300, 100, 'Pasillo'),
(42, 201, 100, 'Clase Económica'),
(42, 204, 101, 'Clase Económica'),
(42, 207, 102, 'Clase Económica'),
(42, 210, 103, 'Clase Económica'),
(42, 300, 100, 'Central'),
(43, 201, 100, 'Clase Económica'),
(43, 204, 101, 'Clase Económica'),
(43, 210, 103, 'Clase Económica'),
(43, 300, 100, 'Ventana'),
(44, 201, 100, 'Clase Económica'),
(44, 204, 101, 'Clase Económica'),
(44, 210, 103, 'Clase Económica'),
(44, 300, 100, 'Pasillo'),
(45, 201, 100, 'Clase Económica'),
(45, 204, 101, 'Clase Económica'),
(45, 210, 103, 'Clase Económica'),
(45, 300, 100, 'Central'),
(46, 201, 100, 'Clase Económica'),
(46, 204, 101, 'Clase Económica'),
(46, 210, 103, 'Clase Económica'),
(47, 201, 100, 'Clase Económica'),
(47, 204, 101, 'Clase Económica'),
(47, 210, 103, 'Clase Económica'),
(48, 201, 100, 'Clase Económica'),
(48, 204, 101, 'Clase Económica'),
(48, 210, 103, 'Clase Económica'),
(49, 201, 100, 'Clase Económica'),
(49, 204, 101, 'Clase Económica'),
(49, 210, 103, 'Clase Económica'),
(50, 201, 100, 'Clase Económica'),
(50, 204, 101, 'Clase Económica'),
(50, 210, 103, 'Clase Económica'),
(51, 201, 100, 'Clase Económica'),
(51, 204, 101, 'Clase Económica'),
(51, 210, 103, 'Clase Económica'),
(52, 201, 100, 'Clase Económica'),
(52, 204, 101, 'Clase Económica'),
(52, 210, 103, 'Clase Económica'),
(53, 201, 100, 'Clase Económica'),
(53, 204, 101, 'Clase Económica'),
(53, 210, 103, 'Clase Económica'),
(54, 201, 100, 'Clase Económica'),
(54, 204, 101, 'Clase Económica'),
(54, 210, 103, 'Clase Económica'),
(55, 201, 100, 'Clase Económica'),
(55, 204, 101, 'Clase Económica'),
(55, 210, 103, 'Clase Económica'),
(56, 201, 100, 'Clase Económica'),
(56, 204, 101, 'Clase Económica'),
(56, 210, 103, 'Clase Económica'),
(57, 201, 100, 'Clase Económica'),
(57, 204, 101, 'Clase Económica'),
(57, 210, 103, 'Clase Económica'),
(58, 201, 100, 'Clase Económica'),
(58, 204, 101, 'Clase Económica'),
(58, 210, 103, 'Clase Económica'),
(59, 201, 100, 'Clase Económica'),
(59, 204, 101, 'Clase Económica'),
(59, 210, 103, 'Clase Económica'),
(60, 201, 100, 'Clase Económica'),
(60, 204, 101, 'Clase Económica'),
(60, 210, 103, 'Clase Económica'),
(61, 201, 100, 'Clase Económica'),
(61, 204, 101, 'Clase Económica'),
(61, 210, 103, 'Clase Económica'),
(62, 201, 100, 'Clase Económica'),
(62, 204, 101, 'Clase Económica'),
(62, 210, 103, 'Clase Económica'),
(63, 201, 100, 'Clase Económica'),
(63, 204, 101, 'Clase Económica'),
(63, 210, 103, 'Clase Económica'),
(64, 201, 100, 'Clase Económica'),
(64, 204, 101, 'Clase Económica'),
(64, 210, 103, 'Clase Económica'),
(65, 201, 100, 'Clase Económica'),
(65, 204, 101, 'Clase Económica'),
(65, 210, 103, 'Clase Económica'),
(66, 201, 100, 'Clase Económica'),
(66, 204, 101, 'Clase Económica'),
(66, 210, 103, 'Clase Económica'),
(67, 201, 100, 'Clase Económica'),
(67, 204, 101, 'Clase Económica'),
(67, 210, 103, 'Clase Económica'),
(68, 201, 100, 'Clase Económica'),
(68, 204, 101, 'Clase Económica'),
(68, 210, 103, 'Clase Económica'),
(69, 201, 100, 'Clase Económica'),
(69, 204, 101, 'Clase Económica'),
(69, 210, 103, 'Clase Económica'),
(70, 201, 100, 'Clase Económica'),
(70, 204, 101, 'Clase Económica'),
(70, 210, 103, 'Clase Económica'),
(71, 201, 100, 'Clase Económica'),
(71, 204, 101, 'Clase Económica'),
(71, 210, 103, 'Clase Económica'),
(72, 201, 100, 'Clase Económica'),
(72, 204, 101, 'Clase Económica'),
(72, 210, 103, 'Clase Económica'),
(73, 201, 100, 'Clase Económica'),
(73, 204, 101, 'Clase Económica'),
(73, 210, 103, 'Clase Económica'),
(74, 201, 100, 'Clase Económica'),
(74, 204, 101, 'Clase Económica'),
(74, 210, 103, 'Clase Económica'),
(75, 201, 100, 'Clase Económica'),
(75, 204, 101, 'Clase Económica'),
(75, 210, 103, 'Clase Económica'),
(76, 201, 100, 'Clase Económica'),
(76, 204, 101, 'Clase Económica'),
(76, 210, 103, 'Clase Económica'),
(77, 201, 100, 'Clase Económica'),
(77, 204, 101, 'Clase Económica'),
(77, 210, 103, 'Clase Económica'),
(78, 201, 100, 'Clase Económica'),
(78, 204, 101, 'Clase Económica'),
(78, 210, 103, 'Clase Económica'),
(79, 201, 100, 'Clase Económica'),
(79, 204, 101, 'Clase Económica'),
(79, 210, 103, 'Clase Económica'),
(80, 201, 100, 'Clase Económica'),
(80, 204, 101, 'Clase Económica'),
(80, 210, 103, 'Clase Económica'),
(81, 201, 100, 'Clase Económica'),
(81, 204, 101, 'Clase Económica'),
(81, 210, 103, 'Clase Económica'),
(82, 201, 100, 'Clase Económica'),
(82, 204, 101, 'Clase Económica'),
(82, 210, 103, 'Clase Económica'),
(83, 201, 100, 'Clase Económica'),
(83, 204, 101, 'Clase Económica'),
(83, 210, 103, 'Clase Económica'),
(84, 201, 100, 'Clase Económica'),
(84, 204, 101, 'Clase Económica'),
(84, 210, 103, 'Clase Económica'),
(85, 201, 100, 'Clase Económica'),
(85, 204, 101, 'Clase Económica'),
(85, 210, 103, 'Clase Económica'),
(86, 201, 100, 'Clase Económica'),
(86, 204, 101, 'Clase Económica'),
(86, 210, 103, 'Clase Económica'),
(87, 201, 100, 'Clase Económica'),
(87, 204, 101, 'Clase Económica'),
(87, 210, 103, 'Clase Económica'),
(88, 201, 100, 'Clase Económica'),
(88, 204, 101, 'Clase Económica'),
(88, 210, 103, 'Clase Económica'),
(89, 201, 100, 'Clase Económica'),
(89, 204, 101, 'Clase Económica'),
(89, 210, 103, 'Clase Económica'),
(90, 201, 100, 'Clase Económica'),
(90, 204, 101, 'Clase Económica'),
(90, 210, 103, 'Clase Económica'),
(91, 201, 100, 'Clase Económica'),
(91, 204, 101, 'Clase Económica'),
(91, 210, 103, 'Clase Económica'),
(92, 201, 100, 'Clase Económica'),
(92, 204, 101, 'Clase Económica'),
(92, 210, 103, 'Clase Económica'),
(93, 201, 100, 'Clase Económica'),
(93, 204, 101, 'Clase Económica'),
(93, 210, 103, 'Clase Económica'),
(94, 201, 100, 'Clase Económica'),
(94, 204, 101, 'Clase Económica'),
(94, 210, 103, 'Clase Económica'),
(95, 201, 100, 'Clase Económica'),
(95, 204, 101, 'Clase Económica'),
(95, 210, 103, 'Clase Económica'),
(96, 201, 100, 'Clase Económica'),
(96, 204, 101, 'Clase Económica'),
(96, 210, 103, 'Clase Económica'),
(97, 201, 100, 'Clase Económica'),
(97, 204, 101, 'Clase Económica'),
(97, 210, 103, 'Clase Económica'),
(98, 201, 100, 'Clase Económica'),
(98, 204, 101, 'Clase Económica'),
(98, 210, 103, 'Clase Económica'),
(99, 201, 100, 'Clase Económica'),
(99, 204, 101, 'Clase Económica'),
(99, 210, 103, 'Clase Económica'),
(100, 201, 100, 'Clase Económica'),
(100, 204, 101, 'Clase Económica'),
(100, 210, 103, 'Clase Económica'),
(101, 201, 100, 'Clase Económica'),
(101, 204, 101, 'Clase Económica'),
(101, 210, 103, 'Clase Económica'),
(102, 201, 100, 'Clase Económica'),
(102, 204, 101, 'Clase Económica'),
(102, 210, 103, 'Clase Económica'),
(103, 201, 100, 'Clase Económica'),
(103, 204, 101, 'Clase Económica'),
(103, 210, 103, 'Clase Económica'),
(104, 201, 100, 'Clase Económica'),
(104, 204, 101, 'Clase Económica'),
(104, 210, 103, 'Clase Económica'),
(105, 201, 100, 'Clase Económica'),
(105, 204, 101, 'Clase Económica'),
(105, 210, 103, 'Clase Económica'),
(106, 201, 100, 'Clase Económica'),
(106, 204, 101, 'Clase Económica'),
(106, 210, 103, 'Clase Económica'),
(107, 201, 100, 'Clase Económica'),
(107, 204, 101, 'Clase Económica'),
(107, 210, 103, 'Clase Económica'),
(108, 201, 100, 'Clase Económica'),
(108, 204, 101, 'Clase Económica'),
(108, 210, 103, 'Clase Económica'),
(109, 201, 100, 'Clase Económica'),
(109, 204, 101, 'Clase Económica'),
(109, 210, 103, 'Clase Económica'),
(110, 201, 100, 'Clase Económica'),
(110, 204, 101, 'Clase Económica'),
(110, 210, 103, 'Clase Económica'),
(111, 201, 100, 'Clase Económica'),
(111, 204, 101, 'Clase Económica'),
(111, 210, 103, 'Clase Económica'),
(112, 201, 100, 'Clase Económica'),
(112, 204, 101, 'Clase Económica'),
(112, 210, 103, 'Clase Económica'),
(113, 201, 100, 'Clase Económica'),
(113, 204, 101, 'Clase Económica'),
(113, 210, 103, 'Clase Económica'),
(114, 201, 100, 'Clase Económica'),
(114, 204, 101, 'Clase Económica'),
(114, 210, 103, 'Clase Económica'),
(115, 201, 100, 'Clase Económica'),
(115, 204, 101, 'Clase Económica'),
(115, 210, 103, 'Clase Económica'),
(116, 201, 100, 'Clase Económica'),
(116, 204, 101, 'Clase Económica'),
(116, 210, 103, 'Clase Económica'),
(117, 201, 100, 'Clase Económica'),
(117, 204, 101, 'Clase Económica'),
(117, 210, 103, 'Clase Económica'),
(118, 201, 100, 'Clase Económica'),
(118, 204, 101, 'Clase Económica'),
(118, 210, 103, 'Clase Económica'),
(119, 201, 100, 'Clase Económica'),
(119, 204, 101, 'Clase Económica'),
(119, 210, 103, 'Clase Económica'),
(120, 201, 100, 'Clase Económica'),
(120, 204, 101, 'Clase Económica'),
(120, 210, 103, 'Clase Económica'),
(121, 201, 100, 'Clase Económica'),
(121, 210, 103, 'Clase Económica'),
(122, 201, 100, 'Clase Económica'),
(122, 210, 103, 'Clase Económica'),
(123, 201, 100, 'Clase Económica'),
(123, 210, 103, 'Clase Económica'),
(124, 201, 100, 'Clase Económica'),
(124, 210, 103, 'Clase Económica'),
(125, 201, 100, 'Clase Económica'),
(125, 210, 103, 'Clase Económica'),
(126, 201, 100, 'Clase Económica'),
(126, 210, 103, 'Clase Económica'),
(127, 201, 100, 'Clase Económica'),
(127, 210, 103, 'Clase Económica'),
(128, 201, 100, 'Clase Económica'),
(128, 210, 103, 'Clase Económica'),
(129, 201, 100, 'Clase Económica'),
(129, 210, 103, 'Clase Económica'),
(130, 201, 100, 'Clase Económica'),
(131, 201, 100, 'Clase Económica'),
(132, 201, 100, 'Clase Económica'),
(133, 201, 100, 'Clase Económica'),
(134, 201, 100, 'Clase Económica'),
(135, 201, 100, 'Clase Económica'),
(136, 201, 100, 'Clase Económica'),
(137, 201, 100, 'Clase Económica'),
(138, 201, 100, 'Clase Económica'),
(139, 201, 100, 'Clase Económica'),
(140, 201, 100, 'Clase Económica');

--
-- Disparadores `asientos`
--
DELIMITER $$
CREATE TRIGGER `asientos_tgg` AFTER INSERT ON `asientos` FOR EACH ROW BEGIN
    INSERT INTO historial (fecha, accion, tabla, cantidad) VALUES (NOW(), 'Inserción', 'asientos', 1);
END
$$
DELIMITER ;
DELIMITER $$
CREATE TRIGGER `asientos_tgg_delete` AFTER DELETE ON `asientos` FOR EACH ROW BEGIN
    INSERT INTO historial (fecha, accion, tabla, cantidad) VALUES (NOW(), 'Borrado', 'asientos', 1);
END
$$
DELIMITER ;
DELIMITER $$
CREATE TRIGGER `asientos_tgg_update` AFTER UPDATE ON `asientos` FOR EACH ROW BEGIN
    INSERT INTO historial (fecha, accion, tabla, cantidad) VALUES (NOW(), 'Modificación', 'asientos', 1);
END
$$
DELIMITER ;

-- --------------------------------------------------------

--
-- Estructura de tabla para la tabla `aviones`
--

CREATE TABLE `aviones` (
  `codigo` int(11) NOT NULL,
  `tipo_avion` varchar(50) DEFAULT NULL,
  `descripcion` varchar(200) DEFAULT NULL,
  `capacidad_pasajeros` int(11) DEFAULT NULL
) ENGINE=InnoDB DEFAULT CHARSET=utf8mb4 COLLATE=utf8mb4_general_ci;

--
-- Volcado de datos para la tabla `aviones`
--

INSERT INTO `aviones` (`codigo`, `tipo_avion`, `descripcion`, `capacidad_pasajeros`) VALUES
(100, '747', 'Avión de pasajeros grande', 200),
(101, 'Concorde', 'Avión supersónico', 150),
(102, 'Carga', 'Avión de carga', 50),
(103, 'Boeing 737', 'Avión comercial mediano', 180),
(104, 'Boeing 777', 'Avión comercial grande', 250);

--
-- Disparadores `aviones`
--
DELIMITER $$
CREATE TRIGGER `aviones_tgg` AFTER INSERT ON `aviones` FOR EACH ROW BEGIN
    INSERT INTO historial (fecha, accion, tabla, cantidad) VALUES (NOW(), 'Inserción', 'aviones', 1);
END
$$
DELIMITER ;
DELIMITER $$
CREATE TRIGGER `aviones_tgg_delete` AFTER DELETE ON `aviones` FOR EACH ROW BEGIN
    INSERT INTO historial (fecha, accion, tabla, cantidad) VALUES (NOW(), 'Borrado', 'aviones', 1);
END
$$
DELIMITER ;
DELIMITER $$
CREATE TRIGGER `aviones_tgg_update` AFTER UPDATE ON `aviones` FOR EACH ROW BEGIN
    INSERT INTO historial (fecha, accion, tabla, cantidad) VALUES (NOW(), 'Modificación', 'aviones', 1);
END
$$
DELIMITER ;

-- --------------------------------------------------------

--
-- Estructura de tabla para la tabla `clientes`
--

CREATE TABLE `clientes` (
  `cedula` varchar(20) NOT NULL,
  `nombre` varchar(100) DEFAULT NULL,
  `nacionalidad` varchar(50) DEFAULT NULL,
  `correo` varchar(100) DEFAULT NULL,
  `direccion` varchar(200) DEFAULT NULL,
  `tipo_cliente` varchar(50) DEFAULT NULL
) ENGINE=InnoDB DEFAULT CHARSET=utf8mb4 COLLATE=utf8mb4_general_ci;

--
-- Volcado de datos para la tabla `clientes`
--

INSERT INTO `clientes` (`cedula`, `nombre`, `nacionalidad`, `correo`, `direccion`, `tipo_cliente`) VALUES
('12345678', 'Cliente Prueba', 'Nacional', 'cliente@test.com', 'Calle Falsa 123', 'frecuente'),
('201', 'ramon', 'Costarricense', 'ramon@correo.com', 'San José', 'Nacional'),
('204', 'Juan Carlos Fernández', 'Costarricense', 'juan.cfernandez@mail.com', 'San José', 'Nacional'),
('205', 'María Elena Morales', 'Costarricense', 'maria.morales@mail.com', 'Heredia', 'Nacional'),
('206', 'José Manuel Vargas', 'Costarricense', 'jose.vargas@mail.com', 'Alajuela', 'Nacional'),
('208', 'Carlos Alberto Jiménez', 'Costarricense', 'carlos.jimenez@mail.com', 'Puntarenas', 'Nacional'),
('209', 'Laura Sofía Salazar', 'Costarricense', 'laura.salazar@mail.com', 'Limón', 'Nacional'),
('215', 'Gabriela Fernández Solano', 'Costarricense', 'gabriela.solano@mail.com', 'Limón', 'Nacional'),
('216', 'Luis Fernando Jiménez', 'Costarricense', 'luis.jimenez@mail.com', 'San José', 'Nacional'),
('217', 'María José Rivas', 'Costarricense', 'maria.rivas@mail.com', 'Heredia', 'Nacional'),
('219', 'Verónica Sánchez', 'Costarricense', 'veronica.sanchez@mail.com', 'Cartago', 'Nacional'),
('220', 'Jorge Luis Morales', 'Costarricense', 'jorge.morales@mail.com', 'Puntarenas', 'Nacional'),
('221', 'Carolina Pérez', 'Costarricense', 'carolina.perez@mail.com', 'Limón', 'Nacional'),
('222', 'Eduardo Arias', 'Costarricense', 'eduardo.arias@mail.com', 'San José', 'Nacional'),
('223', 'Sofía Méndez', 'Costarricense', 'sofia.mendez@mail.com', 'Heredia', 'Nacional'),
('224', 'Fernando Ramírez', 'Costarricense', 'fernando.ramirez@mail.com', 'Alajuela', 'Nacional'),
('225', 'Patricia Vargas', 'Costarricense', 'patricia.vargas@mail.com', 'Cartago', 'Nacional'),
('227', 'Daniela Salazar', 'Costarricense', 'daniela.salazar@mail.com', 'Limón', 'Nacional'),
('228', 'Alejandro Jiménez', 'Costarricense', 'alejandro.jimenez@mail.com', 'San José', 'Nacional'),
('230', 'Carlos Alberto Soto', 'Costarricense', 'carlos.soto@mail.com', 'Alajuela', 'Nacional'),
('231', 'Ana Gabriela Herrera', 'Costarricense', 'ana.herrera@mail.com', 'Cartago', 'Nacional'),
('232', 'Juan Pablo Ramírez', 'Costarricense', 'juan.ramirez@mail.com', 'Puntarenas', 'Nacional'),
('234', 'Oscar Andrés Vargas', 'Costarricense', 'oscar.vargas@mail.com', 'San José', 'Nacional'),
('235', 'Claudia Patricia Rojas', 'Costarricense', 'claudia.rojas@mail.com', 'Heredia', 'Nacional'),
('236', 'Francisco Javier Pérez', 'Costarricense', 'francisco.perez@mail.com', 'Alajuela', 'Nacional'),
('237', 'Paula Andrea Morales', 'Costarricense', 'paula.morales@mail.com', 'Cartago', 'Nacional'),
('238', 'Héctor Enrique Jiménez', 'Costarricense', 'hector.jimenez@mail.com', 'Puntarenas', 'Nacional'),
('239', 'Mariela Sánchez', 'Costarricense', 'mariela.sanchez@mail.com', 'Limón', 'Nacional'),
('240', 'Javier Antonio Gómez', 'Costarricense', 'javier.gomez@mail.com', 'San José', 'Nacional'),
('241', 'Lorena Vargas', 'Costarricense', 'lorena.vargas@mail.com', 'Heredia', 'Nacional'),
('243', 'Sandra Patricia Herrera', 'Costarricense', 'sandra.herrera@mail.com', 'Cartago', 'Nacional'),
('244', 'Manuel Alejandro Jiménez', 'Costarricense', 'manuel.jimenez@mail.com', 'Puntarenas', 'Nacional'),
('245', 'Adriana Gómez', 'Costarricense', 'adriana.gomez@mail.com', 'Limón', 'Nacional'),
('247', 'Verónica López', 'Costarricense', 'veronica.lopez@mail.com', 'Heredia', 'Nacional'),
('248', 'Roberto Hernández', 'Costarricense', 'roberto.hernandez@mail.com', 'Alajuela', 'Nacional'),
('249', 'Marcela Vargas', 'Costarricense', 'marcela.vargas@mail.com', 'Cartago', 'Nacional'),
('250', 'Gustavo Jiménez', 'Costarricense', 'gustavo.jimenez@mail.com', 'Puntarenas', 'Nacional'),
('251', 'Katherine Sánchez', 'Costarricense', 'katherine.sanchez@mail.com', 'Limón', 'Nacional'),
('252', 'José Alberto Ramírez', 'Costarricense', 'jose.ramirez@mail.com', 'San José', 'Nacional'),
('256', 'Felipe Vargas', 'Costarricense', 'felipe.vargas@mail.com', 'Puntarenas', 'Nacional'),
('257', 'Sandra Méndez', 'Costarricense', 'sandra.mendez@mail.com', 'Limón', 'Nacional'),
('258', 'Javier Ramírez', 'Costarricense', 'javier.ramirez@mail.com', 'San José', 'Nacional'),
('259', 'María Victoria Herrera', 'Costarricense', 'maria.victoria@mail.com', 'Heredia', 'Nacional'),
('260', 'Luis Alberto Sánchez', 'Costarricense', 'luis.sanchez@mail.com', 'Alajuela', 'Nacional'),
('261', 'Carolina Méndez', 'Costarricense', 'carolina.mendez@mail.com', 'Cartago', 'Nacional'),
('263', 'Natalia Ruiz', 'Costarricense', 'natalia.ruiz@mail.com', 'Limón', 'Nacional'),
('265', 'Paola Ramírez', 'Costarricense', 'paola.ramirez@mail.com', 'Heredia', 'Nacional'),
('267', 'Ana María Vargas', 'Costarricense', 'ana.vargas@mail.com', 'Cartago', 'Nacional'),
('268', 'Jorge Alberto Jiménez', 'Costarricense', 'jorge.jimenez@mail.com', 'Puntarenas', 'Nacional'),
('271', 'Gabriela Ramírez', 'Costarricense', 'gabriela.ramirez@mail.com', 'Heredia', 'Nacional'),
('272', 'Luis Fernando Sánchez', 'Costarricense', 'luis.sanchez@mail.com', 'Alajuela', 'Nacional'),
('273', 'Sandra Patricia Gómez', 'Costarricense', 'sandra.gomez@mail.com', 'Cartago', 'Nacional'),
('274', 'Mauricio Hernández', 'Costarricense', 'mauricio.hernandez@mail.com', 'Puntarenas', 'Nacional'),
('275', 'Paola Sánchez', 'Costarricense', 'paola.sanchez@mail.com', 'Limón', 'Nacional'),
('276', 'Ricardo Ramírez', 'Costarricense', 'ricardo.ramirez@mail.com', 'San José', 'Nacional'),
('278', 'Javier Gómez', 'Costarricense', 'javier.gomez@mail.com', 'Alajuela', 'Nacional'),
('280', 'Felipe Jiménez', 'Costarricense', 'felipe.jimenez@mail.com', 'Puntarenas', 'Nacional'),
('281', 'Sandra Vargas', 'Costarricense', 'sandra.vargas@mail.com', 'Limón', 'Nacional'),
('282', 'Jorge Sánchez', 'Costarricense', 'jorge.sanchez@mail.com', 'San José', 'Nacional'),
('283', 'María Gómez', 'Costarricense', 'maria.gomez@mail.com', 'Heredia', 'Nacional'),
('284', 'Carlos Ramírez', 'Costarricense', 'carlos.ramirez@mail.com', 'Alajuela', 'Nacional'),
('285', 'Ana Sánchez', 'Costarricense', 'ana.sanchez@mail.com', 'Cartago', 'Nacional'),
('286', 'Juan Gómez', 'Costarricense', 'juan.gomez@mail.com', 'Puntarenas', 'Nacional'),
('287', 'Paola Jiménez', 'Costarricense', 'paola.jimenez@mail.com', 'Limón', 'Nacional'),
('288', 'Oscar Sánchez', 'Costarricense', 'oscar.sanchez@mail.com', 'San José', 'Nacional'),
('289', 'Claudia Gómez', 'Costarricense', 'claudia.gomez@mail.com', 'Heredia', 'Nacional'),
('290', 'Francisco Ramírez', 'Costarricense', 'francisco.ramirez@mail.com', 'Alajuela', 'Nacional'),
('291', 'Paula Sánchez', 'Costarricense', 'paula.sanchez@mail.com', 'Cartago', 'Nacional'),
('292', 'Héctor Gómez', 'Costarricense', 'hector.gomez@mail.com', 'Puntarenas', 'Nacional'),
('293', 'Mariela Ramírez', 'Costarricense', 'mariela.ramirez@mail.com', 'Limón', 'Nacional'),
('294', 'Javier Sánchez', 'Costarricense', 'javier.sanchez@mail.com', 'San José', 'Nacional'),
('295', 'Lorena Gómez', 'Costarricense', 'lorena.gomez@mail.com', 'Heredia', 'Nacional'),
('296', 'Ricardo Sánchez', 'Costarricense', 'ricardo.sanchez@mail.com', 'Alajuela', 'Nacional'),
('297', 'Sandra Ramírez', 'Costarricense', 'sandra.ramirez@mail.com', 'Cartago', 'Nacional'),
('298', 'Manuel Sánchez', 'Costarricense', 'manuel.sanchez@mail.com', 'Puntarenas', 'Nacional'),
('299', 'Adriana Ramírez', 'Costarricense', 'adriana.ramirez@mail.com', 'Limón', 'Nacional'),
('555555555', 'Juan Pérez', 'Costarricense', 'juanperez@email.com', 'San José', 'Frecuente'),
('99999999', 'Cliente Test', 'Nacional', 'test@correo.com', 'Pruebas', 'frecuente');

--
-- Disparadores `clientes`
--
DELIMITER $$
CREATE TRIGGER `clientes_delete_tgg` AFTER DELETE ON `clientes` FOR EACH ROW BEGIN
    INSERT INTO historial (fecha, accion, tabla, cantidad, funcionario_cedula)
    VALUES (NOW(), 'Eliminación', 'clientes', 1, @current_funcionario_cedula);
    -- Opcional: Podrías registrar qué cliente se eliminó usando OLD.cedula
    -- Ejemplo: INSERT INTO historial (fecha, accion, tabla, detalles, funcionario_cedula)
    -- VALUES (NOW(), 'Eliminación', 'clientes', CONCAT('Cliente ', OLD.cedula, ' eliminado.'), @current_funcionario_cedula);
END
$$
DELIMITER ;
DELIMITER $$
CREATE TRIGGER `clientes_tgg` AFTER INSERT ON `clientes` FOR EACH ROW BEGIN
    INSERT INTO historial (fecha, accion, tabla, cantidad, funcionario_cedula) -- AÑADIDA funcionario_cedula
    VALUES (NOW(), 'Inserción', 'clientes', 1, @current_funcionario_cedula); -- USANDO LA VARIABLE DE SESIÓN
END
$$
DELIMITER ;
DELIMITER $$
CREATE TRIGGER `clientes_tgg_delete` AFTER DELETE ON `clientes` FOR EACH ROW BEGIN
    INSERT INTO historial (fecha, accion, tabla, cantidad) VALUES (NOW(), 'Borrado', 'clientes', 1);
END
$$
DELIMITER ;
DELIMITER $$
CREATE TRIGGER `clientes_tgg_update` AFTER UPDATE ON `clientes` FOR EACH ROW BEGIN
    INSERT INTO historial (fecha, accion, tabla, cantidad) VALUES (NOW(), 'Modificación', 'clientes', 1);
END
$$
DELIMITER ;
DELIMITER $$
CREATE TRIGGER `clientes_update_tgg` AFTER UPDATE ON `clientes` FOR EACH ROW BEGIN
    INSERT INTO historial (fecha, accion, tabla, cantidad, funcionario_cedula)
    VALUES (NOW(), 'Actualización', 'clientes', 1, @current_funcionario_cedula);
    -- Opcional: Podrías registrar qué cliente se actualizó usando OLD.cedula o NEW.cedula
    -- Ejemplo: INSERT INTO historial (fecha, accion, tabla, detalles, funcionario_cedula)
    -- VALUES (NOW(), 'Actualización', 'clientes', CONCAT('Cliente ', OLD.cedula, ' actualizado.'), @current_funcionario_cedula);
END
$$
DELIMITER ;

-- --------------------------------------------------------

--
-- Estructura de tabla para la tabla `consecutivos`
--

CREATE TABLE `consecutivos` (
  `nombre_tabla` varchar(50) NOT NULL,
  `siguiente_codigo` int(11) DEFAULT NULL
) ENGINE=InnoDB DEFAULT CHARSET=utf8mb4 COLLATE=utf8mb4_general_ci;

--
-- Volcado de datos para la tabla `consecutivos`
--

INSERT INTO `consecutivos` (`nombre_tabla`, `siguiente_codigo`) VALUES
('asientos', 5),
('aviones', 107),
('reservaciones', 1014),
('secciones', 216),
('vuelos', 502);

-- --------------------------------------------------------

--
-- Estructura de tabla para la tabla `funcionarios`
--

CREATE TABLE `funcionarios` (
  `cedula` varchar(20) NOT NULL,
  `nombre` varchar(100) DEFAULT NULL,
  `estado_civil` varchar(20) DEFAULT NULL,
  `telefono` varchar(20) DEFAULT NULL,
  `correo` varchar(100) DEFAULT NULL,
  `puesto` varchar(50) DEFAULT NULL,
  `vuelo_asignado` int(11) DEFAULT NULL
) ENGINE=InnoDB DEFAULT CHARSET=utf8mb4 COLLATE=utf8mb4_general_ci;

--
-- Volcado de datos para la tabla `funcionarios`
--

INSERT INTO `funcionarios` (`cedula`, `nombre`, `estado_civil`, `telefono`, `correo`, `puesto`, `vuelo_asignado`) VALUES
('101', 'Carlos Jimenez', 'Soltero', '88888888', 'carlos1@empresa.com', 'Piloto', 1),
('102', 'María Pérez', 'Casado', '88888889', 'maria2@empresa.com', 'Copiloto', 1),
('103', 'Luis Rodríguez', 'Soltero', '88888890', 'luis3@empresa.com', 'Aeromoza', 1),
('104', 'Ana Torres', 'Casado', '88888891', 'ana4@empresa.com', 'Aeromoza', 1),
('105', 'Javier Sánchez', 'Soltero', '88888892', 'javier5@empresa.com', 'Aeromoza', 1),
('106', 'Pedro López', 'Casado', '88888893', 'pedro6@empresa.com', 'Piloto', 2),
('107', 'Lucía Vargas', 'Soltero', '88888894', 'lucia7@empresa.com', 'Copiloto', 2),
('108', 'Mario Díaz', 'Casado', '88888895', 'mario8@empresa.com', 'Aeromoza', 1),
('109', 'Sofía Mena', 'Soltero', '88888896', 'sofia9@empresa.com', 'Aeromoza', 2),
('110', 'Andrés Mora', 'Casado', '88888897', 'andres10@empresa.com', 'Aeromoza', 2),
('111', 'Daniela Rojas', 'Soltero', '88888898', 'daniela11@empresa.com', 'Piloto', 3),
('112', 'Felipe Castro', 'Casado', '88888899', 'felipe12@empresa.com', 'Copiloto', 3),
('113', 'Valeria Navarro', 'Soltero', '88888900', 'valeria13@empresa.com', 'Aeromoza', 3),
('114', 'Esteban Vega', 'Casado', '88888901', 'esteban14@empresa.com', 'Aeromoza', 3),
('115', 'Gabriela Paniagua', 'Soltero', '88888902', 'gabriela15@empresa.com', 'Aeromoza', 3),
('116', 'Roberto Chaves', 'Casado', '88888903', 'roberto16@empresa.com', 'Piloto', 4),
('117', 'Karina Ramírez', 'Soltero', '88888904', 'karina17@empresa.com', 'Copiloto', 4),
('118', 'Fernando Arias', 'Casado', '88888905', 'fernando18@empresa.com', 'Aeromoza', 2),
('119', 'Isabel Salazar', 'Soltero', '88888906', 'isabel19@empresa.com', 'Aeromoza', 3),
('120', 'Ricardo Soto', 'Casado', '88888907', 'ricardo20@empresa.com', 'Aeromoza', 4),
('121', 'Natalia León', 'Soltero', '88888908', 'natalia21@empresa.com', 'Piloto', NULL),
('122', 'José Herrera', 'Casado', '88888909', 'jose22@empresa.com', 'Copiloto', NULL),
('123', 'Carolina Brenes', 'Soltero', '88888910', 'carolina23@empresa.com', 'Aeromoza', 4),
('124', 'Pablo Gutiérrez', 'Casado', '88888911', 'pablo24@empresa.com', 'Aeromoza', 4),
('125', 'Andrea Morales', 'Soltero', '88888912', 'andrea25@empresa.com', 'Aeromoza', 4),
('126', 'Miguel Valverde', 'Casado', '88888913', 'miguel26@empresa.com', 'Piloto', 2),
('127', 'Alejandra Ureña', 'Soltero', '88888914', 'alejandra27@empresa.com', 'Copiloto', NULL),
('128', 'Cristian Solís', 'Casado', '88888915', 'cristian28@empresa.com', 'Aeromoza', NULL),
('129', 'Paola Vargas', 'Soltero', '88888916', 'paola29@empresa.com', 'Aeromoza', NULL),
('130', 'Mauricio González', 'Casado', '88888917', 'mauricio30@empresa.com', 'Aeromoza', NULL),
('200001001', 'Carlos Mendoza', 'Soltero', '88551234', 'carlos.mendoza@example.com', 'Piloto', NULL);

--
-- Disparadores `funcionarios`
--
DELIMITER $$
CREATE TRIGGER `funcionarios_tgg` AFTER INSERT ON `funcionarios` FOR EACH ROW BEGIN
    INSERT INTO historial (fecha, accion, tabla, cantidad) VALUES (NOW(), 'Inserción', 'funcionarios', 1);
END
$$
DELIMITER ;
DELIMITER $$
CREATE TRIGGER `funcionarios_tgg_delete` AFTER DELETE ON `funcionarios` FOR EACH ROW BEGIN
    INSERT INTO historial (fecha, accion, tabla, cantidad) VALUES (NOW(), 'Borrado', 'funcionarios', 1);
END
$$
DELIMITER ;
DELIMITER $$
CREATE TRIGGER `funcionarios_tgg_update` AFTER UPDATE ON `funcionarios` FOR EACH ROW BEGIN
    INSERT INTO historial (fecha, accion, tabla, cantidad) VALUES (NOW(), 'Modificación', 'funcionarios', 1);
END
$$
DELIMITER ;
DELIMITER $$
CREATE TRIGGER `trg_actualizar_historial_puestos` AFTER UPDATE ON `funcionarios` FOR EACH ROW BEGIN
    -- Solo si el puesto cambió
    IF OLD.puesto <> NEW.puesto THEN
        -- Cerrar el puesto anterior poniendo fecha_fin al día antes de hoy
        UPDATE historial_puestos
        SET fecha_fin = DATE_SUB(CURDATE(), INTERVAL 1 DAY)
        WHERE cedula = NEW.cedula AND fecha_fin IS NULL;

        -- Insertar nuevo registro con el nuevo puesto y fecha_inicio hoy
        INSERT INTO historial_puestos (cedula, puesto, fecha_inicio, fecha_fin)
        VALUES (NEW.cedula, NEW.puesto, CURDATE(), NULL);
    END IF;
END
$$
DELIMITER ;

-- --------------------------------------------------------

--
-- Estructura de tabla para la tabla `historial`
--

CREATE TABLE `historial` (
  `id_historial` int(11) NOT NULL,
  `fecha` datetime DEFAULT NULL,
  `accion` varchar(50) DEFAULT NULL,
  `tabla` varchar(50) DEFAULT NULL,
  `cantidad` int(11) DEFAULT NULL,
  `funcionario_cedula` varchar(20) DEFAULT NULL
) ENGINE=InnoDB DEFAULT CHARSET=utf8mb4 COLLATE=utf8mb4_general_ci;

--
-- Volcado de datos para la tabla `historial`
--

INSERT INTO `historial` (`id_historial`, `fecha`, `accion`, `tabla`, `cantidad`, `funcionario_cedula`) VALUES
(1, '2025-07-11 16:48:21', 'Inserción', 'funcionarios', 1, '101'),
(2, '2025-07-11 16:48:21', 'Inserción', 'funcionarios', 1, '102'),
(3, '2025-07-11 16:48:21', 'Inserción', 'funcionarios', 1, '103'),
(4, '2025-07-11 16:48:21', 'Inserción', 'funcionarios', 1, '104'),
(5, '2025-07-11 16:48:21', 'Inserción', 'funcionarios', 1, '105'),
(6, '2025-07-11 16:48:21', 'Inserción', 'funcionarios', 1, '106'),
(7, '2025-07-11 16:48:21', 'Inserción', 'funcionarios', 1, '107'),
(8, '2025-07-11 16:48:21', 'Inserción', 'funcionarios', 1, '108'),
(9, '2025-07-11 16:48:21', 'Inserción', 'funcionarios', 1, '109'),
(10, '2025-07-11 16:48:21', 'Inserción', 'funcionarios', 1, '110'),
(11, '2025-07-11 16:48:21', 'Inserción', 'funcionarios', 1, '111'),
(12, '2025-07-11 16:48:21', 'Inserción', 'funcionarios', 1, '112'),
(13, '2025-07-11 16:48:21', 'Inserción', 'funcionarios', 1, '113'),
(14, '2025-07-11 16:48:21', 'Inserción', 'funcionarios', 1, '114'),
(15, '2025-07-11 16:48:21', 'Inserción', 'funcionarios', 1, '115'),
(16, '2025-07-11 16:48:21', 'Inserción', 'funcionarios', 1, '116'),
(17, '2025-07-11 16:48:21', 'Inserción', 'funcionarios', 1, '117'),
(18, '2025-07-11 16:48:21', 'Inserción', 'funcionarios', 1, '118'),
(19, '2025-07-11 16:48:21', 'Inserción', 'funcionarios', 1, '119'),
(20, '2025-07-11 16:48:21', 'Inserción', 'funcionarios', 1, '120'),
(21, '2025-07-11 16:48:21', 'Inserción', 'funcionarios', 1, '121'),
(22, '2025-07-11 16:48:21', 'Inserción', 'funcionarios', 1, '122'),
(23, '2025-07-11 16:48:21', 'Inserción', 'funcionarios', 1, '123'),
(24, '2025-07-11 16:48:21', 'Inserción', 'funcionarios', 1, '124'),
(25, '2025-07-11 16:48:21', 'Inserción', 'funcionarios', 1, '125'),
(26, '2025-07-11 16:48:21', 'Inserción', 'funcionarios', 1, NULL),
(27, '2025-07-11 16:48:21', 'Inserción', 'funcionarios', 1, NULL),
(28, '2025-07-11 16:48:21', 'Inserción', 'funcionarios', 1, NULL),
(29, '2025-07-11 16:48:21', 'Inserción', 'funcionarios', 1, NULL),
(30, '2025-07-11 16:48:21', 'Inserción', 'funcionarios', 1, NULL),
(31, '2025-07-11 16:48:21', 'Inserción', 'aviones', 1, NULL),
(32, '2025-07-11 16:48:21', 'Inserción', 'aviones', 1, NULL),
(33, '2025-07-11 16:48:21', 'Inserción', 'aviones', 1, NULL),
(34, '2025-07-11 16:48:21', 'Inserción', 'aviones', 1, NULL),
(35, '2025-07-11 16:48:21', 'Inserción', 'aviones', 1, NULL),
(36, '2025-07-11 16:48:21', 'Inserción', 'clientes', 1, NULL),
(37, '2025-07-11 16:48:21', 'Inserción', 'clientes', 1, NULL),
(38, '2025-07-11 16:48:21', 'Inserción', 'clientes', 1, NULL),
(39, '2025-07-11 16:50:14', 'Inserción', 'secciones', 1, NULL),
(40, '2025-07-11 16:50:14', 'Inserción', 'secciones', 1, NULL),
(41, '2025-07-11 16:50:14', 'Inserción', 'secciones', 1, NULL),
(42, '2025-07-11 16:50:14', 'Inserción', 'secciones', 1, NULL),
(43, '2025-07-11 16:50:14', 'Inserción', 'secciones', 1, NULL),
(44, '2025-07-11 16:50:14', 'Inserción', 'secciones', 1, NULL),
(45, '2025-07-11 16:50:14', 'Inserción', 'secciones', 1, NULL),
(46, '2025-07-11 16:50:14', 'Inserción', 'secciones', 1, NULL),
(47, '2025-07-11 16:50:14', 'Inserción', 'secciones', 1, NULL),
(48, '2025-07-11 16:50:14', 'Inserción', 'secciones', 1, NULL),
(49, '2025-07-11 16:50:14', 'Inserción', 'secciones', 1, NULL),
(50, '2025-07-11 16:50:14', 'Inserción', 'secciones', 1, NULL),
(51, '2025-07-11 16:50:14', 'Inserción', 'secciones', 1, NULL),
(52, '2025-07-11 16:50:14', 'Inserción', 'secciones', 1, NULL),
(53, '2025-07-11 16:50:14', 'Inserción', 'secciones', 1, NULL),
(54, '2025-07-11 16:56:52', 'Inserción', 'asientos', 1, NULL),
(55, '2025-07-11 16:56:52', 'Inserción', 'asientos', 1, NULL),
(56, '2025-07-11 16:56:52', 'Inserción', 'asientos', 1, NULL),
(57, '2025-07-11 16:56:52', 'Inserción', 'asientos', 1, NULL),
(58, '2025-07-11 16:56:52', 'Inserción', 'asientos', 1, NULL),
(59, '2025-07-11 16:56:52', 'Inserción', 'asientos', 1, NULL),
(60, '2025-07-11 16:56:52', 'Inserción', 'asientos', 1, NULL),
(61, '2025-07-11 16:56:52', 'Inserción', 'asientos', 1, NULL),
(62, '2025-07-11 16:56:52', 'Inserción', 'asientos', 1, NULL),
(63, '2025-07-11 16:56:52', 'Inserción', 'asientos', 1, NULL),
(64, '2025-07-11 16:56:52', 'Inserción', 'asientos', 1, NULL),
(65, '2025-07-11 16:56:52', 'Inserción', 'asientos', 1, NULL),
(66, '2025-07-11 16:56:52', 'Inserción', 'asientos', 1, NULL),
(67, '2025-07-11 16:56:52', 'Inserción', 'asientos', 1, NULL),
(68, '2025-07-11 16:56:52', 'Inserción', 'asientos', 1, NULL),
(69, '2025-07-11 16:56:52', 'Inserción', 'asientos', 1, NULL),
(70, '2025-07-11 16:56:52', 'Inserción', 'asientos', 1, NULL),
(71, '2025-07-11 16:56:52', 'Inserción', 'asientos', 1, NULL),
(72, '2025-07-11 16:56:52', 'Inserción', 'asientos', 1, NULL),
(73, '2025-07-11 16:56:52', 'Inserción', 'asientos', 1, NULL),
(74, '2025-07-11 16:56:52', 'Inserción', 'asientos', 1, NULL),
(75, '2025-07-11 16:56:52', 'Inserción', 'asientos', 1, NULL),
(76, '2025-07-11 16:56:52', 'Inserción', 'asientos', 1, NULL),
(77, '2025-07-11 16:56:52', 'Inserción', 'asientos', 1, NULL),
(78, '2025-07-11 16:56:52', 'Inserción', 'asientos', 1, NULL),
(79, '2025-07-11 16:56:52', 'Inserción', 'asientos', 1, NULL),
(80, '2025-07-11 16:56:52', 'Inserción', 'asientos', 1, NULL),
(81, '2025-07-11 16:56:52', 'Inserción', 'asientos', 1, NULL),
(82, '2025-07-11 16:56:52', 'Inserción', 'asientos', 1, NULL),
(83, '2025-07-11 16:56:52', 'Inserción', 'asientos', 1, NULL),
(84, '2025-07-11 16:56:52', 'Inserción', 'asientos', 1, NULL),
(85, '2025-07-11 16:56:52', 'Inserción', 'asientos', 1, NULL),
(86, '2025-07-11 16:56:52', 'Inserción', 'asientos', 1, NULL),
(87, '2025-07-11 16:56:52', 'Inserción', 'asientos', 1, NULL),
(88, '2025-07-11 16:56:52', 'Inserción', 'asientos', 1, NULL),
(89, '2025-07-11 16:56:52', 'Inserción', 'asientos', 1, NULL),
(90, '2025-07-11 16:56:52', 'Inserción', 'asientos', 1, NULL),
(91, '2025-07-11 16:56:52', 'Inserción', 'asientos', 1, NULL),
(92, '2025-07-11 16:56:52', 'Inserción', 'asientos', 1, NULL),
(93, '2025-07-11 16:56:52', 'Inserción', 'asientos', 1, NULL),
(94, '2025-07-11 16:56:52', 'Inserción', 'asientos', 1, NULL),
(95, '2025-07-11 16:56:52', 'Inserción', 'asientos', 1, NULL),
(96, '2025-07-11 16:56:52', 'Inserción', 'asientos', 1, NULL),
(97, '2025-07-11 16:56:52', 'Inserción', 'asientos', 1, NULL),
(98, '2025-07-11 16:56:52', 'Inserción', 'asientos', 1, NULL),
(99, '2025-07-11 16:56:52', 'Inserción', 'asientos', 1, NULL),
(100, '2025-07-11 16:56:52', 'Inserción', 'asientos', 1, NULL),
(101, '2025-07-11 16:56:52', 'Inserción', 'asientos', 1, NULL),
(102, '2025-07-11 16:56:52', 'Inserción', 'asientos', 1, NULL),
(103, '2025-07-11 16:56:52', 'Inserción', 'asientos', 1, NULL),
(104, '2025-07-11 16:56:52', 'Inserción', 'asientos', 1, NULL),
(105, '2025-07-11 16:56:52', 'Inserción', 'asientos', 1, NULL),
(106, '2025-07-11 16:56:52', 'Inserción', 'asientos', 1, NULL),
(107, '2025-07-11 16:56:52', 'Inserción', 'asientos', 1, NULL),
(108, '2025-07-11 16:56:52', 'Inserción', 'asientos', 1, NULL),
(109, '2025-07-11 16:56:52', 'Inserción', 'asientos', 1, NULL),
(110, '2025-07-11 16:56:52', 'Inserción', 'asientos', 1, NULL),
(111, '2025-07-11 16:56:52', 'Inserción', 'asientos', 1, NULL),
(112, '2025-07-11 16:56:52', 'Inserción', 'asientos', 1, NULL),
(113, '2025-07-11 16:56:52', 'Inserción', 'asientos', 1, NULL),
(114, '2025-07-11 16:56:52', 'Inserción', 'asientos', 1, NULL),
(115, '2025-07-11 16:56:52', 'Inserción', 'asientos', 1, NULL),
(116, '2025-07-11 16:56:52', 'Inserción', 'asientos', 1, NULL),
(117, '2025-07-11 16:56:52', 'Inserción', 'asientos', 1, NULL),
(118, '2025-07-11 16:56:52', 'Inserción', 'asientos', 1, NULL),
(119, '2025-07-11 16:56:52', 'Inserción', 'asientos', 1, NULL),
(120, '2025-07-11 16:56:52', 'Inserción', 'asientos', 1, NULL),
(121, '2025-07-11 16:56:52', 'Inserción', 'asientos', 1, NULL),
(122, '2025-07-11 16:56:52', 'Inserción', 'asientos', 1, NULL),
(123, '2025-07-11 16:56:52', 'Inserción', 'asientos', 1, NULL),
(124, '2025-07-11 16:56:52', 'Inserción', 'asientos', 1, NULL),
(125, '2025-07-11 16:56:52', 'Inserción', 'asientos', 1, NULL),
(126, '2025-07-11 16:56:53', 'Inserción', 'asientos', 1, NULL),
(127, '2025-07-11 16:56:53', 'Inserción', 'asientos', 1, NULL),
(128, '2025-07-11 16:56:53', 'Inserción', 'asientos', 1, NULL),
(129, '2025-07-11 16:56:53', 'Inserción', 'asientos', 1, NULL),
(130, '2025-07-11 16:56:53', 'Inserción', 'asientos', 1, NULL),
(131, '2025-07-11 16:56:53', 'Inserción', 'asientos', 1, NULL),
(132, '2025-07-11 16:56:53', 'Inserción', 'asientos', 1, NULL),
(133, '2025-07-11 16:56:53', 'Inserción', 'asientos', 1, NULL),
(134, '2025-07-11 16:56:53', 'Inserción', 'asientos', 1, NULL),
(135, '2025-07-11 16:56:53', 'Inserción', 'asientos', 1, NULL),
(136, '2025-07-11 16:56:53', 'Inserción', 'asientos', 1, NULL),
(137, '2025-07-11 16:56:53', 'Inserción', 'asientos', 1, NULL),
(138, '2025-07-11 16:56:53', 'Inserción', 'asientos', 1, NULL),
(139, '2025-07-11 16:56:53', 'Inserción', 'asientos', 1, NULL),
(140, '2025-07-11 16:56:53', 'Inserción', 'asientos', 1, NULL),
(141, '2025-07-11 16:56:53', 'Inserción', 'asientos', 1, NULL),
(142, '2025-07-11 16:56:53', 'Inserción', 'asientos', 1, NULL),
(143, '2025-07-11 16:56:53', 'Inserción', 'asientos', 1, NULL),
(144, '2025-07-11 16:56:53', 'Inserción', 'asientos', 1, NULL),
(145, '2025-07-11 16:56:53', 'Inserción', 'asientos', 1, NULL),
(146, '2025-07-11 16:56:53', 'Inserción', 'asientos', 1, NULL),
(147, '2025-07-11 16:56:53', 'Inserción', 'asientos', 1, NULL),
(148, '2025-07-11 16:56:53', 'Inserción', 'asientos', 1, NULL),
(149, '2025-07-11 16:56:53', 'Inserción', 'asientos', 1, NULL),
(150, '2025-07-11 16:56:53', 'Inserción', 'asientos', 1, NULL),
(151, '2025-07-11 16:56:53', 'Inserción', 'asientos', 1, NULL),
(152, '2025-07-11 16:56:53', 'Inserción', 'asientos', 1, NULL),
(153, '2025-07-11 16:56:53', 'Inserción', 'asientos', 1, NULL),
(154, '2025-07-11 16:56:53', 'Inserción', 'asientos', 1, NULL),
(155, '2025-07-11 16:56:53', 'Inserción', 'asientos', 1, NULL),
(156, '2025-07-11 16:56:53', 'Inserción', 'asientos', 1, NULL),
(157, '2025-07-11 16:56:53', 'Inserción', 'asientos', 1, NULL),
(158, '2025-07-11 16:56:53', 'Inserción', 'asientos', 1, NULL),
(159, '2025-07-11 16:56:53', 'Inserción', 'asientos', 1, NULL),
(160, '2025-07-11 16:56:53', 'Inserción', 'asientos', 1, NULL),
(161, '2025-07-11 16:56:53', 'Inserción', 'asientos', 1, NULL),
(162, '2025-07-11 16:56:53', 'Inserción', 'asientos', 1, NULL),
(163, '2025-07-11 16:56:53', 'Inserción', 'asientos', 1, NULL),
(164, '2025-07-11 16:56:53', 'Inserción', 'asientos', 1, NULL),
(165, '2025-07-11 16:56:53', 'Inserción', 'asientos', 1, NULL),
(166, '2025-07-11 16:56:53', 'Inserción', 'asientos', 1, NULL),
(167, '2025-07-11 16:56:53', 'Inserción', 'asientos', 1, NULL),
(168, '2025-07-11 16:56:53', 'Inserción', 'asientos', 1, NULL),
(169, '2025-07-11 16:56:53', 'Inserción', 'asientos', 1, NULL),
(170, '2025-07-11 16:56:53', 'Inserción', 'asientos', 1, NULL),
(171, '2025-07-11 16:56:53', 'Inserción', 'asientos', 1, NULL),
(172, '2025-07-11 16:56:53', 'Inserción', 'asientos', 1, NULL),
(173, '2025-07-11 16:56:53', 'Inserción', 'asientos', 1, NULL),
(174, '2025-07-11 16:56:53', 'Inserción', 'asientos', 1, NULL),
(175, '2025-07-11 16:56:53', 'Inserción', 'asientos', 1, NULL),
(176, '2025-07-11 16:56:53', 'Inserción', 'asientos', 1, NULL),
(177, '2025-07-11 16:56:53', 'Inserción', 'asientos', 1, NULL),
(178, '2025-07-11 16:56:53', 'Inserción', 'asientos', 1, NULL),
(179, '2025-07-11 16:56:53', 'Inserción', 'asientos', 1, NULL),
(180, '2025-07-11 16:56:53', 'Inserción', 'asientos', 1, NULL),
(181, '2025-07-11 16:56:53', 'Inserción', 'asientos', 1, NULL),
(182, '2025-07-11 16:56:53', 'Inserción', 'asientos', 1, NULL),
(183, '2025-07-11 16:56:53', 'Inserción', 'asientos', 1, NULL),
(184, '2025-07-11 16:56:53', 'Inserción', 'asientos', 1, NULL),
(185, '2025-07-11 16:56:53', 'Inserción', 'asientos', 1, NULL),
(186, '2025-07-11 16:56:53', 'Inserción', 'asientos', 1, NULL),
(187, '2025-07-11 16:56:53', 'Inserción', 'asientos', 1, NULL),
(188, '2025-07-11 16:56:53', 'Inserción', 'asientos', 1, NULL),
(189, '2025-07-11 16:56:53', 'Inserción', 'asientos', 1, NULL),
(190, '2025-07-11 16:56:53', 'Inserción', 'asientos', 1, NULL),
(191, '2025-07-11 16:56:53', 'Inserción', 'asientos', 1, NULL),
(192, '2025-07-11 16:56:53', 'Inserción', 'asientos', 1, NULL),
(193, '2025-07-11 16:56:53', 'Inserción', 'asientos', 1, NULL),
(194, '2025-07-11 16:56:53', 'Inserción', 'asientos', 1, NULL),
(195, '2025-07-11 16:56:53', 'Inserción', 'asientos', 1, NULL),
(196, '2025-07-11 16:56:53', 'Inserción', 'asientos', 1, NULL),
(197, '2025-07-11 16:56:53', 'Inserción', 'asientos', 1, NULL),
(198, '2025-07-11 16:56:53', 'Inserción', 'asientos', 1, NULL),
(199, '2025-07-11 16:56:53', 'Inserción', 'asientos', 1, NULL),
(200, '2025-07-11 16:56:53', 'Inserción', 'asientos', 1, NULL),
(201, '2025-07-11 16:56:53', 'Inserción', 'asientos', 1, NULL),
(202, '2025-07-11 16:56:53', 'Inserción', 'asientos', 1, NULL),
(203, '2025-07-11 16:56:53', 'Inserción', 'asientos', 1, NULL),
(204, '2025-07-11 16:56:53', 'Inserción', 'asientos', 1, NULL),
(205, '2025-07-11 16:56:53', 'Inserción', 'asientos', 1, NULL),
(206, '2025-07-11 16:56:53', 'Inserción', 'asientos', 1, NULL),
(207, '2025-07-11 16:56:53', 'Inserción', 'asientos', 1, NULL),
(208, '2025-07-11 16:56:53', 'Inserción', 'asientos', 1, NULL),
(209, '2025-07-11 16:56:53', 'Inserción', 'asientos', 1, NULL),
(210, '2025-07-11 16:56:53', 'Inserción', 'asientos', 1, NULL),
(211, '2025-07-11 16:56:53', 'Inserción', 'asientos', 1, NULL),
(212, '2025-07-11 16:56:53', 'Inserción', 'asientos', 1, NULL),
(213, '2025-07-11 16:56:53', 'Inserción', 'asientos', 1, NULL),
(214, '2025-07-11 16:56:53', 'Inserción', 'asientos', 1, NULL),
(215, '2025-07-11 16:56:53', 'Inserción', 'asientos', 1, NULL),
(216, '2025-07-11 16:56:53', 'Inserción', 'asientos', 1, NULL),
(217, '2025-07-11 16:56:53', 'Inserción', 'asientos', 1, NULL),
(218, '2025-07-11 16:56:53', 'Inserción', 'asientos', 1, NULL),
(219, '2025-07-11 16:56:53', 'Inserción', 'asientos', 1, NULL),
(220, '2025-07-11 16:56:53', 'Inserción', 'asientos', 1, NULL),
(221, '2025-07-11 16:56:53', 'Inserción', 'asientos', 1, NULL),
(222, '2025-07-11 16:56:53', 'Inserción', 'asientos', 1, NULL),
(223, '2025-07-11 16:56:53', 'Inserción', 'asientos', 1, NULL),
(224, '2025-07-11 16:56:53', 'Inserción', 'asientos', 1, NULL),
(225, '2025-07-11 16:56:53', 'Inserción', 'asientos', 1, NULL),
(226, '2025-07-11 16:56:53', 'Inserción', 'asientos', 1, NULL),
(227, '2025-07-11 16:56:53', 'Inserción', 'asientos', 1, NULL),
(228, '2025-07-11 16:56:53', 'Inserción', 'asientos', 1, NULL),
(229, '2025-07-11 16:56:53', 'Inserción', 'asientos', 1, NULL),
(230, '2025-07-11 16:56:53', 'Inserción', 'asientos', 1, NULL),
(231, '2025-07-11 16:56:53', 'Inserción', 'asientos', 1, NULL),
(232, '2025-07-11 16:56:53', 'Inserción', 'asientos', 1, NULL),
(233, '2025-07-11 16:56:53', 'Inserción', 'asientos', 1, NULL),
(234, '2025-07-11 16:56:53', 'Inserción', 'asientos', 1, NULL),
(235, '2025-07-11 16:56:53', 'Inserción', 'asientos', 1, NULL),
(236, '2025-07-11 16:56:53', 'Inserción', 'asientos', 1, NULL),
(237, '2025-07-11 16:56:53', 'Inserción', 'asientos', 1, NULL),
(238, '2025-07-11 16:56:53', 'Inserción', 'asientos', 1, NULL),
(239, '2025-07-11 16:56:53', 'Inserción', 'asientos', 1, NULL),
(240, '2025-07-11 16:56:53', 'Inserción', 'asientos', 1, NULL),
(241, '2025-07-11 16:56:53', 'Inserción', 'asientos', 1, NULL),
(242, '2025-07-11 16:56:53', 'Inserción', 'asientos', 1, NULL),
(243, '2025-07-11 16:56:53', 'Inserción', 'asientos', 1, NULL),
(244, '2025-07-11 16:56:53', 'Inserción', 'asientos', 1, NULL),
(245, '2025-07-11 16:56:53', 'Inserción', 'asientos', 1, NULL),
(246, '2025-07-11 16:56:53', 'Inserción', 'asientos', 1, NULL),
(247, '2025-07-11 16:56:53', 'Inserción', 'asientos', 1, NULL),
(248, '2025-07-11 16:56:53', 'Inserción', 'asientos', 1, NULL),
(249, '2025-07-11 16:56:53', 'Inserción', 'asientos', 1, NULL),
(250, '2025-07-11 16:56:53', 'Inserción', 'asientos', 1, NULL),
(251, '2025-07-11 16:56:53', 'Inserción', 'asientos', 1, NULL),
(252, '2025-07-11 16:56:53', 'Inserción', 'asientos', 1, NULL),
(253, '2025-07-11 16:56:53', 'Inserción', 'asientos', 1, NULL),
(254, '2025-07-11 17:01:07', 'Borrado', 'asientos', 1, NULL),
(255, '2025-07-11 17:01:07', 'Borrado', 'asientos', 1, NULL),
(256, '2025-07-11 17:01:07', 'Borrado', 'asientos', 1, NULL),
(257, '2025-07-11 17:01:07', 'Borrado', 'asientos', 1, NULL),
(258, '2025-07-11 17:01:07', 'Borrado', 'asientos', 1, NULL),
(259, '2025-07-11 17:01:07', 'Borrado', 'asientos', 1, NULL),
(260, '2025-07-11 17:01:07', 'Borrado', 'asientos', 1, NULL),
(261, '2025-07-11 17:01:07', 'Borrado', 'asientos', 1, NULL),
(262, '2025-07-11 17:01:07', 'Borrado', 'asientos', 1, NULL),
(263, '2025-07-11 17:01:07', 'Borrado', 'asientos', 1, NULL),
(264, '2025-07-11 17:01:07', 'Borrado', 'asientos', 1, NULL),
(265, '2025-07-11 17:01:07', 'Borrado', 'asientos', 1, NULL),
(266, '2025-07-11 17:01:07', 'Borrado', 'asientos', 1, NULL),
(267, '2025-07-11 17:01:07', 'Borrado', 'asientos', 1, NULL),
(268, '2025-07-11 17:01:07', 'Borrado', 'asientos', 1, NULL),
(269, '2025-07-11 17:01:07', 'Borrado', 'asientos', 1, NULL),
(270, '2025-07-11 17:01:07', 'Borrado', 'asientos', 1, NULL),
(271, '2025-07-11 17:01:07', 'Borrado', 'asientos', 1, NULL),
(272, '2025-07-11 17:01:07', 'Borrado', 'asientos', 1, NULL),
(273, '2025-07-11 17:01:07', 'Borrado', 'asientos', 1, NULL),
(274, '2025-07-11 17:01:07', 'Borrado', 'asientos', 1, NULL),
(275, '2025-07-11 17:01:07', 'Borrado', 'asientos', 1, NULL),
(276, '2025-07-11 17:01:07', 'Borrado', 'asientos', 1, NULL),
(277, '2025-07-11 17:01:07', 'Borrado', 'asientos', 1, NULL),
(278, '2025-07-11 17:01:07', 'Borrado', 'asientos', 1, NULL),
(279, '2025-07-11 17:01:07', 'Borrado', 'asientos', 1, NULL),
(280, '2025-07-11 17:01:07', 'Borrado', 'asientos', 1, NULL),
(281, '2025-07-11 17:01:07', 'Borrado', 'asientos', 1, NULL),
(282, '2025-07-11 17:01:07', 'Borrado', 'asientos', 1, NULL),
(283, '2025-07-11 17:01:07', 'Borrado', 'asientos', 1, NULL),
(284, '2025-07-11 17:01:07', 'Borrado', 'asientos', 1, NULL),
(285, '2025-07-11 17:01:07', 'Borrado', 'asientos', 1, NULL),
(286, '2025-07-11 17:01:07', 'Borrado', 'asientos', 1, NULL),
(287, '2025-07-11 17:01:07', 'Borrado', 'asientos', 1, NULL),
(288, '2025-07-11 17:01:07', 'Borrado', 'asientos', 1, NULL),
(289, '2025-07-11 17:01:07', 'Borrado', 'asientos', 1, NULL),
(290, '2025-07-11 17:01:07', 'Borrado', 'asientos', 1, NULL),
(291, '2025-07-11 17:01:07', 'Borrado', 'asientos', 1, NULL),
(292, '2025-07-11 17:01:07', 'Borrado', 'asientos', 1, NULL),
(293, '2025-07-11 17:01:07', 'Borrado', 'asientos', 1, NULL),
(294, '2025-07-11 17:01:07', 'Borrado', 'asientos', 1, NULL),
(295, '2025-07-11 17:01:07', 'Borrado', 'asientos', 1, NULL),
(296, '2025-07-11 17:01:07', 'Borrado', 'asientos', 1, NULL),
(297, '2025-07-11 17:01:07', 'Borrado', 'asientos', 1, NULL),
(298, '2025-07-11 17:01:07', 'Borrado', 'asientos', 1, NULL),
(299, '2025-07-11 17:01:07', 'Borrado', 'asientos', 1, NULL),
(300, '2025-07-11 17:01:07', 'Borrado', 'asientos', 1, NULL),
(301, '2025-07-11 17:01:07', 'Borrado', 'asientos', 1, NULL),
(302, '2025-07-11 17:01:07', 'Borrado', 'asientos', 1, NULL),
(303, '2025-07-11 17:01:07', 'Borrado', 'asientos', 1, NULL),
(304, '2025-07-11 17:01:07', 'Borrado', 'asientos', 1, NULL),
(305, '2025-07-11 17:01:07', 'Borrado', 'asientos', 1, NULL),
(306, '2025-07-11 17:01:07', 'Borrado', 'asientos', 1, NULL),
(307, '2025-07-11 17:01:07', 'Borrado', 'asientos', 1, NULL),
(308, '2025-07-11 17:01:07', 'Borrado', 'asientos', 1, NULL),
(309, '2025-07-11 17:01:07', 'Borrado', 'asientos', 1, NULL),
(310, '2025-07-11 17:01:07', 'Borrado', 'asientos', 1, NULL),
(311, '2025-07-11 17:01:07', 'Borrado', 'asientos', 1, NULL),
(312, '2025-07-11 17:01:07', 'Borrado', 'asientos', 1, NULL),
(313, '2025-07-11 17:01:07', 'Borrado', 'asientos', 1, NULL),
(314, '2025-07-11 17:01:07', 'Borrado', 'asientos', 1, NULL),
(315, '2025-07-11 17:01:07', 'Borrado', 'asientos', 1, NULL),
(316, '2025-07-11 17:01:07', 'Borrado', 'asientos', 1, NULL),
(317, '2025-07-11 17:01:07', 'Borrado', 'asientos', 1, NULL),
(318, '2025-07-11 17:01:07', 'Borrado', 'asientos', 1, NULL),
(319, '2025-07-11 17:01:07', 'Borrado', 'asientos', 1, NULL),
(320, '2025-07-11 17:01:07', 'Borrado', 'asientos', 1, NULL),
(321, '2025-07-11 17:01:07', 'Borrado', 'asientos', 1, NULL),
(322, '2025-07-11 17:01:07', 'Borrado', 'asientos', 1, NULL),
(323, '2025-07-11 17:01:07', 'Borrado', 'asientos', 1, NULL),
(324, '2025-07-11 17:01:07', 'Borrado', 'asientos', 1, NULL),
(325, '2025-07-11 17:01:07', 'Borrado', 'asientos', 1, NULL),
(326, '2025-07-11 17:01:07', 'Borrado', 'asientos', 1, NULL),
(327, '2025-07-11 17:01:07', 'Borrado', 'asientos', 1, NULL),
(328, '2025-07-11 17:01:07', 'Borrado', 'asientos', 1, NULL),
(329, '2025-07-11 17:01:07', 'Borrado', 'asientos', 1, NULL),
(330, '2025-07-11 17:01:07', 'Borrado', 'asientos', 1, NULL),
(331, '2025-07-11 17:01:07', 'Borrado', 'asientos', 1, NULL),
(332, '2025-07-11 17:01:07', 'Borrado', 'asientos', 1, NULL),
(333, '2025-07-11 17:01:07', 'Borrado', 'asientos', 1, NULL),
(334, '2025-07-11 17:01:07', 'Borrado', 'asientos', 1, NULL),
(335, '2025-07-11 17:01:07', 'Borrado', 'asientos', 1, NULL),
(336, '2025-07-11 17:01:07', 'Borrado', 'asientos', 1, NULL),
(337, '2025-07-11 17:01:07', 'Borrado', 'asientos', 1, NULL),
(338, '2025-07-11 17:01:07', 'Borrado', 'asientos', 1, NULL),
(339, '2025-07-11 17:01:07', 'Borrado', 'asientos', 1, NULL),
(340, '2025-07-11 17:01:07', 'Borrado', 'asientos', 1, NULL),
(341, '2025-07-11 17:01:07', 'Borrado', 'asientos', 1, NULL),
(342, '2025-07-11 17:01:07', 'Borrado', 'asientos', 1, NULL),
(343, '2025-07-11 17:01:07', 'Borrado', 'asientos', 1, NULL),
(344, '2025-07-11 17:01:07', 'Borrado', 'asientos', 1, NULL),
(345, '2025-07-11 17:01:07', 'Borrado', 'asientos', 1, NULL),
(346, '2025-07-11 17:01:07', 'Borrado', 'asientos', 1, NULL),
(347, '2025-07-11 17:01:07', 'Borrado', 'asientos', 1, NULL),
(348, '2025-07-11 17:01:07', 'Borrado', 'asientos', 1, NULL),
(349, '2025-07-11 17:01:07', 'Borrado', 'asientos', 1, NULL),
(350, '2025-07-11 17:01:07', 'Borrado', 'asientos', 1, NULL),
(351, '2025-07-11 17:01:07', 'Borrado', 'asientos', 1, NULL),
(352, '2025-07-11 17:01:07', 'Borrado', 'asientos', 1, NULL),
(353, '2025-07-11 17:01:07', 'Borrado', 'asientos', 1, NULL),
(354, '2025-07-11 17:01:07', 'Borrado', 'asientos', 1, NULL),
(355, '2025-07-11 17:01:07', 'Borrado', 'asientos', 1, NULL),
(356, '2025-07-11 17:01:07', 'Borrado', 'asientos', 1, NULL),
(357, '2025-07-11 17:01:07', 'Borrado', 'asientos', 1, NULL),
(358, '2025-07-11 17:01:07', 'Borrado', 'asientos', 1, NULL),
(359, '2025-07-11 17:01:07', 'Borrado', 'asientos', 1, NULL),
(360, '2025-07-11 17:01:07', 'Borrado', 'asientos', 1, NULL),
(361, '2025-07-11 17:01:07', 'Borrado', 'asientos', 1, NULL),
(362, '2025-07-11 17:01:07', 'Borrado', 'asientos', 1, NULL),
(363, '2025-07-11 17:01:07', 'Borrado', 'asientos', 1, NULL),
(364, '2025-07-11 17:01:07', 'Borrado', 'asientos', 1, NULL),
(365, '2025-07-11 17:01:07', 'Borrado', 'asientos', 1, NULL),
(366, '2025-07-11 17:01:07', 'Borrado', 'asientos', 1, NULL),
(367, '2025-07-11 17:01:07', 'Borrado', 'asientos', 1, NULL),
(368, '2025-07-11 17:01:07', 'Borrado', 'asientos', 1, NULL),
(369, '2025-07-11 17:01:07', 'Borrado', 'asientos', 1, NULL),
(370, '2025-07-11 17:01:07', 'Borrado', 'asientos', 1, NULL),
(371, '2025-07-11 17:01:07', 'Borrado', 'asientos', 1, NULL),
(372, '2025-07-11 17:01:07', 'Borrado', 'asientos', 1, NULL),
(373, '2025-07-11 17:01:07', 'Borrado', 'asientos', 1, NULL),
(374, '2025-07-11 17:01:07', 'Borrado', 'asientos', 1, NULL),
(375, '2025-07-11 17:01:07', 'Borrado', 'asientos', 1, NULL),
(376, '2025-07-11 17:01:07', 'Borrado', 'asientos', 1, NULL),
(377, '2025-07-11 17:01:07', 'Borrado', 'asientos', 1, NULL),
(378, '2025-07-11 17:01:07', 'Borrado', 'asientos', 1, NULL),
(379, '2025-07-11 17:01:07', 'Borrado', 'asientos', 1, NULL),
(380, '2025-07-11 17:01:07', 'Borrado', 'asientos', 1, NULL),
(381, '2025-07-11 17:01:07', 'Borrado', 'asientos', 1, NULL),
(382, '2025-07-11 17:01:07', 'Borrado', 'asientos', 1, NULL),
(383, '2025-07-11 17:01:07', 'Borrado', 'asientos', 1, NULL),
(384, '2025-07-11 17:01:07', 'Borrado', 'asientos', 1, NULL),
(385, '2025-07-11 17:01:07', 'Borrado', 'asientos', 1, NULL),
(386, '2025-07-11 17:01:07', 'Borrado', 'asientos', 1, NULL),
(387, '2025-07-11 17:01:07', 'Borrado', 'asientos', 1, NULL),
(388, '2025-07-11 17:01:07', 'Borrado', 'asientos', 1, NULL),
(389, '2025-07-11 17:01:07', 'Borrado', 'asientos', 1, NULL),
(390, '2025-07-11 17:01:07', 'Borrado', 'asientos', 1, NULL),
(391, '2025-07-11 17:01:07', 'Borrado', 'asientos', 1, NULL),
(392, '2025-07-11 17:01:07', 'Borrado', 'asientos', 1, NULL),
(393, '2025-07-11 17:01:07', 'Borrado', 'asientos', 1, NULL),
(394, '2025-07-11 17:01:07', 'Borrado', 'asientos', 1, NULL),
(395, '2025-07-11 17:01:07', 'Borrado', 'asientos', 1, NULL),
(396, '2025-07-11 17:01:07', 'Borrado', 'asientos', 1, NULL),
(397, '2025-07-11 17:01:07', 'Borrado', 'asientos', 1, NULL),
(398, '2025-07-11 17:01:07', 'Borrado', 'asientos', 1, NULL),
(399, '2025-07-11 17:01:07', 'Borrado', 'asientos', 1, NULL),
(400, '2025-07-11 17:01:07', 'Borrado', 'asientos', 1, NULL),
(401, '2025-07-11 17:01:07', 'Borrado', 'asientos', 1, NULL),
(402, '2025-07-11 17:01:07', 'Borrado', 'asientos', 1, NULL),
(403, '2025-07-11 17:01:07', 'Borrado', 'asientos', 1, NULL),
(404, '2025-07-11 17:01:07', 'Borrado', 'asientos', 1, NULL),
(405, '2025-07-11 17:01:07', 'Borrado', 'asientos', 1, NULL),
(406, '2025-07-11 17:01:07', 'Borrado', 'asientos', 1, NULL),
(407, '2025-07-11 17:01:07', 'Borrado', 'asientos', 1, NULL),
(408, '2025-07-11 17:01:07', 'Borrado', 'asientos', 1, NULL),
(409, '2025-07-11 17:01:07', 'Borrado', 'asientos', 1, NULL),
(410, '2025-07-11 17:01:07', 'Borrado', 'asientos', 1, NULL),
(411, '2025-07-11 17:01:07', 'Borrado', 'asientos', 1, NULL),
(412, '2025-07-11 17:01:07', 'Borrado', 'asientos', 1, NULL),
(413, '2025-07-11 17:01:07', 'Borrado', 'asientos', 1, NULL),
(414, '2025-07-11 17:01:07', 'Borrado', 'asientos', 1, NULL),
(415, '2025-07-11 17:01:07', 'Borrado', 'asientos', 1, NULL),
(416, '2025-07-11 17:01:07', 'Borrado', 'asientos', 1, NULL),
(417, '2025-07-11 17:01:07', 'Borrado', 'asientos', 1, NULL),
(418, '2025-07-11 17:01:07', 'Borrado', 'asientos', 1, NULL),
(419, '2025-07-11 17:01:07', 'Borrado', 'asientos', 1, NULL),
(420, '2025-07-11 17:01:07', 'Borrado', 'asientos', 1, NULL),
(421, '2025-07-11 17:01:07', 'Borrado', 'asientos', 1, NULL),
(422, '2025-07-11 17:01:07', 'Borrado', 'asientos', 1, NULL),
(423, '2025-07-11 17:01:07', 'Borrado', 'asientos', 1, NULL),
(424, '2025-07-11 17:01:07', 'Borrado', 'asientos', 1, NULL),
(425, '2025-07-11 17:01:07', 'Borrado', 'asientos', 1, NULL),
(426, '2025-07-11 17:01:07', 'Borrado', 'asientos', 1, NULL),
(427, '2025-07-11 17:01:07', 'Borrado', 'asientos', 1, NULL),
(428, '2025-07-11 17:01:07', 'Borrado', 'asientos', 1, NULL),
(429, '2025-07-11 17:01:07', 'Borrado', 'asientos', 1, NULL),
(430, '2025-07-11 17:01:07', 'Borrado', 'asientos', 1, NULL),
(431, '2025-07-11 17:01:07', 'Borrado', 'asientos', 1, NULL),
(432, '2025-07-11 17:01:07', 'Borrado', 'asientos', 1, NULL),
(433, '2025-07-11 17:01:07', 'Borrado', 'asientos', 1, NULL),
(434, '2025-07-11 17:01:07', 'Borrado', 'asientos', 1, NULL),
(435, '2025-07-11 17:01:07', 'Borrado', 'asientos', 1, NULL),
(436, '2025-07-11 17:01:07', 'Borrado', 'asientos', 1, NULL),
(437, '2025-07-11 17:01:07', 'Borrado', 'asientos', 1, NULL),
(438, '2025-07-11 17:01:07', 'Borrado', 'asientos', 1, NULL),
(439, '2025-07-11 17:01:07', 'Borrado', 'asientos', 1, NULL),
(440, '2025-07-11 17:01:07', 'Borrado', 'asientos', 1, NULL),
(441, '2025-07-11 17:01:07', 'Borrado', 'asientos', 1, NULL),
(442, '2025-07-11 17:01:07', 'Borrado', 'asientos', 1, NULL),
(443, '2025-07-11 17:01:07', 'Borrado', 'asientos', 1, NULL),
(444, '2025-07-11 17:01:07', 'Borrado', 'asientos', 1, NULL),
(445, '2025-07-11 17:01:07', 'Borrado', 'asientos', 1, NULL),
(446, '2025-07-11 17:01:07', 'Borrado', 'asientos', 1, NULL),
(447, '2025-07-11 17:01:07', 'Borrado', 'asientos', 1, NULL),
(448, '2025-07-11 17:01:07', 'Borrado', 'asientos', 1, NULL),
(449, '2025-07-11 17:01:07', 'Borrado', 'asientos', 1, NULL),
(450, '2025-07-11 17:01:07', 'Borrado', 'asientos', 1, NULL),
(451, '2025-07-11 17:01:07', 'Borrado', 'asientos', 1, NULL),
(452, '2025-07-11 17:01:07', 'Borrado', 'asientos', 1, NULL),
(453, '2025-07-11 17:01:07', 'Borrado', 'asientos', 1, NULL),
(454, '2025-07-11 17:01:07', 'Inserción', 'asientos', 1, NULL),
(455, '2025-07-11 17:01:07', 'Inserción', 'asientos', 1, NULL),
(456, '2025-07-11 17:01:07', 'Inserción', 'asientos', 1, NULL),
(457, '2025-07-11 17:01:07', 'Inserción', 'asientos', 1, NULL),
(458, '2025-07-11 17:01:07', 'Inserción', 'asientos', 1, NULL),
(459, '2025-07-11 17:01:07', 'Inserción', 'asientos', 1, NULL),
(460, '2025-07-11 17:01:07', 'Inserción', 'asientos', 1, NULL),
(461, '2025-07-11 17:01:07', 'Inserción', 'asientos', 1, NULL),
(462, '2025-07-11 17:01:07', 'Inserción', 'asientos', 1, NULL),
(463, '2025-07-11 17:01:07', 'Inserción', 'asientos', 1, NULL),
(464, '2025-07-11 17:01:07', 'Inserción', 'asientos', 1, NULL),
(465, '2025-07-11 17:01:07', 'Inserción', 'asientos', 1, NULL),
(466, '2025-07-11 17:01:07', 'Inserción', 'asientos', 1, NULL),
(467, '2025-07-11 17:01:07', 'Inserción', 'asientos', 1, NULL),
(468, '2025-07-11 17:01:07', 'Inserción', 'asientos', 1, NULL),
(469, '2025-07-11 17:01:07', 'Inserción', 'asientos', 1, NULL),
(470, '2025-07-11 17:01:07', 'Inserción', 'asientos', 1, NULL),
(471, '2025-07-11 17:01:07', 'Inserción', 'asientos', 1, NULL),
(472, '2025-07-11 17:01:07', 'Inserción', 'asientos', 1, NULL),
(473, '2025-07-11 17:01:07', 'Inserción', 'asientos', 1, NULL),
(474, '2025-07-11 17:01:07', 'Inserción', 'asientos', 1, NULL),
(475, '2025-07-11 17:01:07', 'Inserción', 'asientos', 1, NULL),
(476, '2025-07-11 17:01:07', 'Inserción', 'asientos', 1, NULL),
(477, '2025-07-11 17:01:07', 'Inserción', 'asientos', 1, NULL),
(478, '2025-07-11 17:01:07', 'Inserción', 'asientos', 1, NULL),
(479, '2025-07-11 17:01:07', 'Inserción', 'asientos', 1, NULL),
(480, '2025-07-11 17:01:07', 'Inserción', 'asientos', 1, NULL),
(481, '2025-07-11 17:01:07', 'Inserción', 'asientos', 1, NULL),
(482, '2025-07-11 17:01:07', 'Inserción', 'asientos', 1, NULL),
(483, '2025-07-11 17:01:07', 'Inserción', 'asientos', 1, NULL),
(484, '2025-07-11 17:01:07', 'Inserción', 'asientos', 1, NULL),
(485, '2025-07-11 17:01:07', 'Inserción', 'asientos', 1, NULL),
(486, '2025-07-11 17:01:07', 'Inserción', 'asientos', 1, NULL),
(487, '2025-07-11 17:01:07', 'Inserción', 'asientos', 1, NULL),
(488, '2025-07-11 17:01:07', 'Inserción', 'asientos', 1, NULL),
(489, '2025-07-11 17:01:07', 'Inserción', 'asientos', 1, NULL),
(490, '2025-07-11 17:01:07', 'Inserción', 'asientos', 1, NULL),
(491, '2025-07-11 17:01:07', 'Inserción', 'asientos', 1, NULL),
(492, '2025-07-11 17:01:07', 'Inserción', 'asientos', 1, NULL),
(493, '2025-07-11 17:01:07', 'Inserción', 'asientos', 1, NULL),
(494, '2025-07-11 17:01:07', 'Inserción', 'asientos', 1, NULL),
(495, '2025-07-11 17:01:07', 'Inserción', 'asientos', 1, NULL),
(496, '2025-07-11 17:01:07', 'Inserción', 'asientos', 1, NULL),
(497, '2025-07-11 17:01:07', 'Inserción', 'asientos', 1, NULL),
(498, '2025-07-11 17:01:07', 'Inserción', 'asientos', 1, NULL),
(499, '2025-07-11 17:01:07', 'Inserción', 'asientos', 1, NULL),
(500, '2025-07-11 17:01:07', 'Inserción', 'asientos', 1, NULL),
(501, '2025-07-11 17:01:07', 'Inserción', 'asientos', 1, NULL),
(502, '2025-07-11 17:01:07', 'Inserción', 'asientos', 1, NULL),
(503, '2025-07-11 17:01:07', 'Inserción', 'asientos', 1, NULL),
(504, '2025-07-11 17:01:07', 'Inserción', 'asientos', 1, NULL),
(505, '2025-07-11 17:01:07', 'Inserción', 'asientos', 1, NULL),
(506, '2025-07-11 17:01:07', 'Inserción', 'asientos', 1, NULL),
(507, '2025-07-11 17:01:07', 'Inserción', 'asientos', 1, NULL),
(508, '2025-07-11 17:01:07', 'Inserción', 'asientos', 1, NULL),
(509, '2025-07-11 17:01:07', 'Inserción', 'asientos', 1, NULL),
(510, '2025-07-11 17:01:07', 'Inserción', 'asientos', 1, NULL),
(511, '2025-07-11 17:01:07', 'Inserción', 'asientos', 1, NULL),
(512, '2025-07-11 17:01:07', 'Inserción', 'asientos', 1, NULL),
(513, '2025-07-11 17:01:07', 'Inserción', 'asientos', 1, NULL),
(514, '2025-07-11 17:01:07', 'Inserción', 'asientos', 1, NULL),
(515, '2025-07-11 17:01:07', 'Inserción', 'asientos', 1, NULL),
(516, '2025-07-11 17:01:07', 'Inserción', 'asientos', 1, NULL),
(517, '2025-07-11 17:01:07', 'Inserción', 'asientos', 1, NULL),
(518, '2025-07-11 17:01:07', 'Inserción', 'asientos', 1, NULL),
(519, '2025-07-11 17:01:07', 'Inserción', 'asientos', 1, NULL),
(520, '2025-07-11 17:01:07', 'Inserción', 'asientos', 1, NULL),
(521, '2025-07-11 17:01:07', 'Inserción', 'asientos', 1, NULL),
(522, '2025-07-11 17:01:07', 'Inserción', 'asientos', 1, NULL),
(523, '2025-07-11 17:01:07', 'Inserción', 'asientos', 1, NULL),
(524, '2025-07-11 17:01:07', 'Inserción', 'asientos', 1, NULL),
(525, '2025-07-11 17:01:07', 'Inserción', 'asientos', 1, NULL),
(526, '2025-07-11 17:01:07', 'Inserción', 'asientos', 1, NULL),
(527, '2025-07-11 17:01:07', 'Inserción', 'asientos', 1, NULL),
(528, '2025-07-11 17:01:07', 'Inserción', 'asientos', 1, NULL),
(529, '2025-07-11 17:01:07', 'Inserción', 'asientos', 1, NULL),
(530, '2025-07-11 17:01:07', 'Inserción', 'asientos', 1, NULL),
(531, '2025-07-11 17:01:07', 'Inserción', 'asientos', 1, NULL),
(532, '2025-07-11 17:01:07', 'Inserción', 'asientos', 1, NULL),
(533, '2025-07-11 17:01:07', 'Inserción', 'asientos', 1, NULL),
(534, '2025-07-11 17:01:07', 'Inserción', 'asientos', 1, NULL),
(535, '2025-07-11 17:01:07', 'Inserción', 'asientos', 1, NULL),
(536, '2025-07-11 17:01:07', 'Inserción', 'asientos', 1, NULL),
(537, '2025-07-11 17:01:07', 'Inserción', 'asientos', 1, NULL),
(538, '2025-07-11 17:01:07', 'Inserción', 'asientos', 1, NULL),
(539, '2025-07-11 17:01:07', 'Inserción', 'asientos', 1, NULL),
(540, '2025-07-11 17:01:07', 'Inserción', 'asientos', 1, NULL),
(541, '2025-07-11 17:01:07', 'Inserción', 'asientos', 1, NULL),
(542, '2025-07-11 17:01:07', 'Inserción', 'asientos', 1, NULL),
(543, '2025-07-11 17:01:07', 'Inserción', 'asientos', 1, NULL),
(544, '2025-07-11 17:01:07', 'Inserción', 'asientos', 1, NULL),
(545, '2025-07-11 17:01:07', 'Inserción', 'asientos', 1, NULL),
(546, '2025-07-11 17:01:07', 'Inserción', 'asientos', 1, NULL),
(547, '2025-07-11 17:01:07', 'Inserción', 'asientos', 1, NULL),
(548, '2025-07-11 17:01:07', 'Inserción', 'asientos', 1, NULL),
(549, '2025-07-11 17:01:07', 'Inserción', 'asientos', 1, NULL),
(550, '2025-07-11 17:01:07', 'Inserción', 'asientos', 1, NULL),
(551, '2025-07-11 17:01:07', 'Inserción', 'asientos', 1, NULL),
(552, '2025-07-11 17:01:07', 'Inserción', 'asientos', 1, NULL),
(553, '2025-07-11 17:01:07', 'Inserción', 'asientos', 1, NULL),
(554, '2025-07-11 17:01:07', 'Inserción', 'asientos', 1, NULL),
(555, '2025-07-11 17:01:07', 'Inserción', 'asientos', 1, NULL),
(556, '2025-07-11 17:01:07', 'Inserción', 'asientos', 1, NULL),
(557, '2025-07-11 17:01:07', 'Inserción', 'asientos', 1, NULL),
(558, '2025-07-11 17:01:07', 'Inserción', 'asientos', 1, NULL),
(559, '2025-07-11 17:01:07', 'Inserción', 'asientos', 1, NULL),
(560, '2025-07-11 17:01:07', 'Inserción', 'asientos', 1, NULL),
(561, '2025-07-11 17:01:07', 'Inserción', 'asientos', 1, NULL),
(562, '2025-07-11 17:01:07', 'Inserción', 'asientos', 1, NULL),
(563, '2025-07-11 17:01:07', 'Inserción', 'asientos', 1, NULL),
(564, '2025-07-11 17:01:07', 'Inserción', 'asientos', 1, NULL),
(565, '2025-07-11 17:01:07', 'Inserción', 'asientos', 1, NULL),
(566, '2025-07-11 17:01:07', 'Inserción', 'asientos', 1, NULL),
(567, '2025-07-11 17:01:07', 'Inserción', 'asientos', 1, NULL),
(568, '2025-07-11 17:01:07', 'Inserción', 'asientos', 1, NULL),
(569, '2025-07-11 17:01:07', 'Inserción', 'asientos', 1, NULL),
(570, '2025-07-11 17:01:07', 'Inserción', 'asientos', 1, NULL),
(571, '2025-07-11 17:01:07', 'Inserción', 'asientos', 1, NULL),
(572, '2025-07-11 17:01:07', 'Inserción', 'asientos', 1, NULL),
(573, '2025-07-11 17:01:07', 'Inserción', 'asientos', 1, NULL),
(574, '2025-07-11 17:01:07', 'Inserción', 'asientos', 1, NULL),
(575, '2025-07-11 17:01:07', 'Inserción', 'asientos', 1, NULL),
(576, '2025-07-11 17:01:07', 'Inserción', 'asientos', 1, NULL),
(577, '2025-07-11 17:01:07', 'Inserción', 'asientos', 1, NULL),
(578, '2025-07-11 17:01:07', 'Inserción', 'asientos', 1, NULL),
(579, '2025-07-11 17:01:07', 'Inserción', 'asientos', 1, NULL),
(580, '2025-07-11 17:01:07', 'Inserción', 'asientos', 1, NULL),
(581, '2025-07-11 17:01:07', 'Inserción', 'asientos', 1, NULL),
(582, '2025-07-11 17:01:07', 'Inserción', 'asientos', 1, NULL),
(583, '2025-07-11 17:01:07', 'Inserción', 'asientos', 1, NULL),
(584, '2025-07-11 17:01:07', 'Inserción', 'asientos', 1, NULL),
(585, '2025-07-11 17:01:07', 'Inserción', 'asientos', 1, NULL),
(586, '2025-07-11 17:01:07', 'Inserción', 'asientos', 1, NULL),
(587, '2025-07-11 17:01:07', 'Inserción', 'asientos', 1, NULL),
(588, '2025-07-11 17:01:07', 'Inserción', 'asientos', 1, NULL),
(589, '2025-07-11 17:01:07', 'Inserción', 'asientos', 1, NULL),
(590, '2025-07-11 17:01:07', 'Inserción', 'asientos', 1, NULL),
(591, '2025-07-11 17:01:07', 'Inserción', 'asientos', 1, NULL),
(592, '2025-07-11 17:01:07', 'Inserción', 'asientos', 1, NULL),
(593, '2025-07-11 17:01:07', 'Inserción', 'asientos', 1, NULL),
(594, '2025-07-11 17:01:07', 'Inserción', 'asientos', 1, NULL),
(595, '2025-07-11 17:01:07', 'Inserción', 'asientos', 1, NULL),
(596, '2025-07-11 17:01:07', 'Inserción', 'asientos', 1, NULL),
(597, '2025-07-11 17:01:07', 'Inserción', 'asientos', 1, NULL),
(598, '2025-07-11 17:01:07', 'Inserción', 'asientos', 1, NULL),
(599, '2025-07-11 17:01:07', 'Inserción', 'asientos', 1, NULL),
(600, '2025-07-11 17:01:07', 'Inserción', 'asientos', 1, NULL),
(601, '2025-07-11 17:01:07', 'Inserción', 'asientos', 1, NULL),
(602, '2025-07-11 17:01:07', 'Inserción', 'asientos', 1, NULL),
(603, '2025-07-11 17:01:07', 'Inserción', 'asientos', 1, NULL),
(604, '2025-07-11 17:01:07', 'Inserción', 'asientos', 1, NULL),
(605, '2025-07-11 17:01:07', 'Inserción', 'asientos', 1, NULL),
(606, '2025-07-11 17:01:07', 'Inserción', 'asientos', 1, NULL),
(607, '2025-07-11 17:01:07', 'Inserción', 'asientos', 1, NULL),
(608, '2025-07-11 17:01:07', 'Inserción', 'asientos', 1, NULL),
(609, '2025-07-11 17:01:07', 'Inserción', 'asientos', 1, NULL),
(610, '2025-07-11 17:01:07', 'Inserción', 'asientos', 1, NULL),
(611, '2025-07-11 17:01:07', 'Inserción', 'asientos', 1, NULL),
(612, '2025-07-11 17:01:07', 'Inserción', 'asientos', 1, NULL),
(613, '2025-07-11 17:01:07', 'Inserción', 'asientos', 1, NULL),
(614, '2025-07-11 17:01:07', 'Inserción', 'asientos', 1, NULL),
(615, '2025-07-11 17:01:07', 'Inserción', 'asientos', 1, NULL),
(616, '2025-07-11 17:01:07', 'Inserción', 'asientos', 1, NULL),
(617, '2025-07-11 17:01:07', 'Inserción', 'asientos', 1, NULL),
(618, '2025-07-11 17:01:07', 'Inserción', 'asientos', 1, NULL),
(619, '2025-07-11 17:01:07', 'Inserción', 'asientos', 1, NULL),
(620, '2025-07-11 17:01:07', 'Inserción', 'asientos', 1, NULL),
(621, '2025-07-11 17:01:07', 'Inserción', 'asientos', 1, NULL),
(622, '2025-07-11 17:01:07', 'Inserción', 'asientos', 1, NULL),
(623, '2025-07-11 17:01:07', 'Inserción', 'asientos', 1, NULL),
(624, '2025-07-11 17:01:07', 'Inserción', 'asientos', 1, NULL),
(625, '2025-07-11 17:01:07', 'Inserción', 'asientos', 1, NULL),
(626, '2025-07-11 17:01:07', 'Inserción', 'asientos', 1, NULL),
(627, '2025-07-11 17:01:07', 'Inserción', 'asientos', 1, NULL),
(628, '2025-07-11 17:01:07', 'Inserción', 'asientos', 1, NULL),
(629, '2025-07-11 17:01:07', 'Inserción', 'asientos', 1, NULL),
(630, '2025-07-11 17:01:07', 'Inserción', 'asientos', 1, NULL),
(631, '2025-07-11 17:01:07', 'Inserción', 'asientos', 1, NULL),
(632, '2025-07-11 17:01:07', 'Inserción', 'asientos', 1, NULL),
(633, '2025-07-11 17:01:07', 'Inserción', 'asientos', 1, NULL),
(634, '2025-07-11 17:01:07', 'Inserción', 'asientos', 1, NULL),
(635, '2025-07-11 17:01:07', 'Inserción', 'asientos', 1, NULL),
(636, '2025-07-11 17:01:07', 'Inserción', 'asientos', 1, NULL),
(637, '2025-07-11 17:01:07', 'Inserción', 'asientos', 1, NULL),
(638, '2025-07-11 17:01:07', 'Inserción', 'asientos', 1, NULL),
(639, '2025-07-11 17:01:07', 'Inserción', 'asientos', 1, NULL),
(640, '2025-07-11 17:01:07', 'Inserción', 'asientos', 1, NULL),
(641, '2025-07-11 17:01:07', 'Inserción', 'asientos', 1, NULL),
(642, '2025-07-11 17:01:07', 'Inserción', 'asientos', 1, NULL),
(643, '2025-07-11 17:01:07', 'Inserción', 'asientos', 1, NULL),
(644, '2025-07-11 17:01:07', 'Inserción', 'asientos', 1, NULL),
(645, '2025-07-11 17:01:07', 'Inserción', 'asientos', 1, NULL),
(646, '2025-07-11 17:01:07', 'Inserción', 'asientos', 1, NULL),
(647, '2025-07-11 17:01:07', 'Inserción', 'asientos', 1, NULL),
(648, '2025-07-11 17:01:07', 'Inserción', 'asientos', 1, NULL),
(649, '2025-07-11 17:01:07', 'Inserción', 'asientos', 1, NULL),
(650, '2025-07-11 17:01:07', 'Inserción', 'asientos', 1, NULL),
(651, '2025-07-11 17:01:07', 'Inserción', 'asientos', 1, NULL),
(652, '2025-07-11 17:01:07', 'Inserción', 'asientos', 1, NULL),
(653, '2025-07-11 17:01:07', 'Inserción', 'asientos', 1, NULL),
(654, '2025-07-11 17:01:33', 'Inserción', 'asientos', 1, NULL),
(655, '2025-07-11 17:01:33', 'Inserción', 'asientos', 1, NULL),
(656, '2025-07-11 17:01:33', 'Inserción', 'asientos', 1, NULL),
(657, '2025-07-11 17:01:33', 'Inserción', 'asientos', 1, NULL),
(658, '2025-07-11 17:01:33', 'Inserción', 'asientos', 1, NULL),
(659, '2025-07-11 17:01:33', 'Inserción', 'asientos', 1, NULL),
(660, '2025-07-11 17:01:33', 'Inserción', 'asientos', 1, NULL),
(661, '2025-07-11 17:01:33', 'Inserción', 'asientos', 1, NULL),
(662, '2025-07-11 17:01:33', 'Inserción', 'asientos', 1, NULL),
(663, '2025-07-11 17:01:33', 'Inserción', 'asientos', 1, NULL),
(664, '2025-07-11 17:01:33', 'Inserción', 'asientos', 1, NULL),
(665, '2025-07-11 17:01:33', 'Inserción', 'asientos', 1, NULL),
(666, '2025-07-11 17:01:33', 'Inserción', 'asientos', 1, NULL),
(667, '2025-07-11 17:01:33', 'Inserción', 'asientos', 1, NULL),
(668, '2025-07-11 17:01:33', 'Inserción', 'asientos', 1, NULL),
(669, '2025-07-11 17:01:33', 'Inserción', 'asientos', 1, NULL),
(670, '2025-07-11 17:01:33', 'Inserción', 'asientos', 1, NULL),
(671, '2025-07-11 17:01:33', 'Inserción', 'asientos', 1, NULL),
(672, '2025-07-11 17:01:33', 'Inserción', 'asientos', 1, NULL),
(673, '2025-07-11 17:01:33', 'Inserción', 'asientos', 1, NULL),
(674, '2025-07-11 17:01:33', 'Inserción', 'asientos', 1, NULL),
(675, '2025-07-11 17:01:33', 'Inserción', 'asientos', 1, NULL),
(676, '2025-07-11 17:01:33', 'Inserción', 'asientos', 1, NULL),
(677, '2025-07-11 17:01:33', 'Inserción', 'asientos', 1, NULL),
(678, '2025-07-11 17:01:33', 'Inserción', 'asientos', 1, NULL),
(679, '2025-07-11 17:01:33', 'Inserción', 'asientos', 1, NULL),
(680, '2025-07-11 17:01:33', 'Inserción', 'asientos', 1, NULL),
(681, '2025-07-11 17:01:33', 'Inserción', 'asientos', 1, NULL),
(682, '2025-07-11 17:01:33', 'Inserción', 'asientos', 1, NULL),
(683, '2025-07-11 17:01:33', 'Inserción', 'asientos', 1, NULL),
(684, '2025-07-11 17:01:33', 'Inserción', 'asientos', 1, NULL),
(685, '2025-07-11 17:01:33', 'Inserción', 'asientos', 1, NULL),
(686, '2025-07-11 17:01:33', 'Inserción', 'asientos', 1, NULL),
(687, '2025-07-11 17:01:33', 'Inserción', 'asientos', 1, NULL),
(688, '2025-07-11 17:01:33', 'Inserción', 'asientos', 1, NULL),
(689, '2025-07-11 17:01:33', 'Inserción', 'asientos', 1, NULL),
(690, '2025-07-11 17:01:33', 'Inserción', 'asientos', 1, NULL),
(691, '2025-07-11 17:01:33', 'Inserción', 'asientos', 1, NULL),
(692, '2025-07-11 17:01:33', 'Inserción', 'asientos', 1, NULL),
(693, '2025-07-11 17:01:33', 'Inserción', 'asientos', 1, NULL),
(694, '2025-07-11 17:01:33', 'Inserción', 'asientos', 1, NULL),
(695, '2025-07-11 17:01:33', 'Inserción', 'asientos', 1, NULL),
(696, '2025-07-11 17:01:33', 'Inserción', 'asientos', 1, NULL),
(697, '2025-07-11 17:01:33', 'Inserción', 'asientos', 1, NULL),
(698, '2025-07-11 17:01:33', 'Inserción', 'asientos', 1, NULL),
(699, '2025-07-11 17:01:33', 'Inserción', 'asientos', 1, NULL),
(700, '2025-07-11 17:01:33', 'Inserción', 'asientos', 1, NULL),
(701, '2025-07-11 17:01:33', 'Inserción', 'asientos', 1, NULL),
(702, '2025-07-11 17:01:33', 'Inserción', 'asientos', 1, NULL),
(703, '2025-07-11 17:01:33', 'Inserción', 'asientos', 1, NULL),
(704, '2025-07-11 17:01:33', 'Inserción', 'asientos', 1, NULL),
(705, '2025-07-11 17:01:33', 'Inserción', 'asientos', 1, NULL),
(706, '2025-07-11 17:01:33', 'Inserción', 'asientos', 1, NULL),
(707, '2025-07-11 17:01:33', 'Inserción', 'asientos', 1, NULL),
(708, '2025-07-11 17:01:33', 'Inserción', 'asientos', 1, NULL),
(709, '2025-07-11 17:01:33', 'Inserción', 'asientos', 1, NULL),
(710, '2025-07-11 17:01:33', 'Inserción', 'asientos', 1, NULL),
(711, '2025-07-11 17:01:33', 'Inserción', 'asientos', 1, NULL),
(712, '2025-07-11 17:01:33', 'Inserción', 'asientos', 1, NULL),
(713, '2025-07-11 17:01:33', 'Inserción', 'asientos', 1, NULL),
(714, '2025-07-11 17:01:33', 'Inserción', 'asientos', 1, NULL),
(715, '2025-07-11 17:01:33', 'Inserción', 'asientos', 1, NULL),
(716, '2025-07-11 17:01:33', 'Inserción', 'asientos', 1, NULL),
(717, '2025-07-11 17:01:33', 'Inserción', 'asientos', 1, NULL),
(718, '2025-07-11 17:01:33', 'Inserción', 'asientos', 1, NULL),
(719, '2025-07-11 17:01:33', 'Inserción', 'asientos', 1, NULL),
(720, '2025-07-11 17:01:33', 'Inserción', 'asientos', 1, NULL),
(721, '2025-07-11 17:01:33', 'Inserción', 'asientos', 1, NULL),
(722, '2025-07-11 17:01:33', 'Inserción', 'asientos', 1, NULL),
(723, '2025-07-11 17:01:33', 'Inserción', 'asientos', 1, NULL),
(724, '2025-07-11 17:01:33', 'Inserción', 'asientos', 1, NULL),
(725, '2025-07-11 17:01:33', 'Inserción', 'asientos', 1, NULL),
(726, '2025-07-11 17:01:33', 'Inserción', 'asientos', 1, NULL),
(727, '2025-07-11 17:01:33', 'Inserción', 'asientos', 1, NULL),
(728, '2025-07-11 17:01:33', 'Inserción', 'asientos', 1, NULL),
(729, '2025-07-11 17:01:33', 'Inserción', 'asientos', 1, NULL),
(730, '2025-07-11 17:01:33', 'Inserción', 'asientos', 1, NULL),
(731, '2025-07-11 17:01:33', 'Inserción', 'asientos', 1, NULL),
(732, '2025-07-11 17:01:33', 'Inserción', 'asientos', 1, NULL),
(733, '2025-07-11 17:01:33', 'Inserción', 'asientos', 1, NULL),
(734, '2025-07-11 17:01:33', 'Inserción', 'asientos', 1, NULL),
(735, '2025-07-11 17:01:33', 'Inserción', 'asientos', 1, NULL),
(736, '2025-07-11 17:01:33', 'Inserción', 'asientos', 1, NULL),
(737, '2025-07-11 17:01:33', 'Inserción', 'asientos', 1, NULL),
(738, '2025-07-11 17:01:33', 'Inserción', 'asientos', 1, NULL),
(739, '2025-07-11 17:01:33', 'Inserción', 'asientos', 1, NULL),
(740, '2025-07-11 17:01:33', 'Inserción', 'asientos', 1, NULL),
(741, '2025-07-11 17:01:33', 'Inserción', 'asientos', 1, NULL),
(742, '2025-07-11 17:01:33', 'Inserción', 'asientos', 1, NULL),
(743, '2025-07-11 17:01:33', 'Inserción', 'asientos', 1, NULL),
(744, '2025-07-11 17:01:33', 'Inserción', 'asientos', 1, NULL),
(745, '2025-07-11 17:01:33', 'Inserción', 'asientos', 1, NULL),
(746, '2025-07-11 17:01:33', 'Inserción', 'asientos', 1, NULL),
(747, '2025-07-11 17:01:33', 'Inserción', 'asientos', 1, NULL),
(748, '2025-07-11 17:01:33', 'Inserción', 'asientos', 1, NULL),
(749, '2025-07-11 17:01:33', 'Inserción', 'asientos', 1, NULL),
(750, '2025-07-11 17:01:33', 'Inserción', 'asientos', 1, NULL),
(751, '2025-07-11 17:01:33', 'Inserción', 'asientos', 1, NULL),
(752, '2025-07-11 17:01:33', 'Inserción', 'asientos', 1, NULL),
(753, '2025-07-11 17:01:33', 'Inserción', 'asientos', 1, NULL),
(754, '2025-07-11 17:01:33', 'Inserción', 'asientos', 1, NULL),
(755, '2025-07-11 17:01:33', 'Inserción', 'asientos', 1, NULL),
(756, '2025-07-11 17:01:33', 'Inserción', 'asientos', 1, NULL),
(757, '2025-07-11 17:01:33', 'Inserción', 'asientos', 1, NULL),
(758, '2025-07-11 17:01:33', 'Inserción', 'asientos', 1, NULL),
(759, '2025-07-11 17:01:33', 'Inserción', 'asientos', 1, NULL),
(760, '2025-07-11 17:01:33', 'Inserción', 'asientos', 1, NULL),
(761, '2025-07-11 17:01:33', 'Inserción', 'asientos', 1, NULL),
(762, '2025-07-11 17:01:33', 'Inserción', 'asientos', 1, NULL),
(763, '2025-07-11 17:01:33', 'Inserción', 'asientos', 1, NULL),
(764, '2025-07-11 17:01:33', 'Inserción', 'asientos', 1, NULL),
(765, '2025-07-11 17:01:33', 'Inserción', 'asientos', 1, NULL),
(766, '2025-07-11 17:01:33', 'Inserción', 'asientos', 1, NULL),
(767, '2025-07-11 17:01:33', 'Inserción', 'asientos', 1, NULL),
(768, '2025-07-11 17:01:33', 'Inserción', 'asientos', 1, NULL),
(769, '2025-07-11 17:01:33', 'Inserción', 'asientos', 1, NULL),
(770, '2025-07-11 17:01:33', 'Inserción', 'asientos', 1, NULL),
(771, '2025-07-11 17:01:33', 'Inserción', 'asientos', 1, NULL),
(772, '2025-07-11 17:01:33', 'Inserción', 'asientos', 1, NULL),
(773, '2025-07-11 17:01:33', 'Inserción', 'asientos', 1, NULL),
(774, '2025-07-11 17:01:33', 'Inserción', 'asientos', 1, NULL),
(775, '2025-07-11 17:01:33', 'Inserción', 'asientos', 1, NULL),
(776, '2025-07-11 17:01:33', 'Inserción', 'asientos', 1, NULL),
(777, '2025-07-11 17:01:33', 'Inserción', 'asientos', 1, NULL),
(778, '2025-07-11 17:01:33', 'Inserción', 'asientos', 1, NULL),
(779, '2025-07-11 17:01:33', 'Inserción', 'asientos', 1, NULL),
(780, '2025-07-11 17:01:33', 'Inserción', 'asientos', 1, NULL),
(781, '2025-07-11 17:01:33', 'Inserción', 'asientos', 1, NULL),
(782, '2025-07-11 17:01:33', 'Inserción', 'asientos', 1, NULL),
(783, '2025-07-11 17:01:33', 'Inserción', 'asientos', 1, NULL),
(784, '2025-07-11 17:01:33', 'Inserción', 'asientos', 1, NULL),
(785, '2025-07-11 17:01:33', 'Inserción', 'asientos', 1, NULL),
(786, '2025-07-11 17:01:33', 'Inserción', 'asientos', 1, NULL),
(787, '2025-07-11 17:01:33', 'Inserción', 'asientos', 1, NULL),
(788, '2025-07-11 17:01:33', 'Inserción', 'asientos', 1, NULL),
(789, '2025-07-11 17:01:33', 'Inserción', 'asientos', 1, NULL),
(790, '2025-07-11 17:01:33', 'Inserción', 'asientos', 1, NULL),
(791, '2025-07-11 17:01:33', 'Inserción', 'asientos', 1, NULL),
(792, '2025-07-11 17:01:33', 'Inserción', 'asientos', 1, NULL),
(793, '2025-07-11 17:01:33', 'Inserción', 'asientos', 1, NULL),
(794, '2025-07-11 17:01:33', 'Inserción', 'asientos', 1, NULL),
(795, '2025-07-11 17:01:33', 'Inserción', 'asientos', 1, NULL),
(796, '2025-07-11 17:01:33', 'Inserción', 'asientos', 1, NULL),
(797, '2025-07-11 17:01:33', 'Inserción', 'asientos', 1, NULL),
(798, '2025-07-11 17:01:33', 'Inserción', 'asientos', 1, NULL),
(799, '2025-07-11 17:01:33', 'Inserción', 'asientos', 1, NULL),
(800, '2025-07-11 17:01:33', 'Inserción', 'asientos', 1, NULL),
(801, '2025-07-11 17:01:33', 'Inserción', 'asientos', 1, NULL),
(802, '2025-07-11 17:01:33', 'Inserción', 'asientos', 1, NULL),
(803, '2025-07-11 17:02:32', 'Borrado', 'asientos', 1, NULL),
(804, '2025-07-11 17:02:32', 'Borrado', 'asientos', 1, NULL),
(805, '2025-07-11 17:02:32', 'Borrado', 'asientos', 1, NULL),
(806, '2025-07-11 17:02:32', 'Borrado', 'asientos', 1, NULL),
(807, '2025-07-11 17:02:32', 'Borrado', 'asientos', 1, NULL),
(808, '2025-07-11 17:02:32', 'Borrado', 'asientos', 1, NULL),
(809, '2025-07-11 17:02:32', 'Borrado', 'asientos', 1, NULL),
(810, '2025-07-11 17:02:32', 'Borrado', 'asientos', 1, NULL);
INSERT INTO `historial` (`id_historial`, `fecha`, `accion`, `tabla`, `cantidad`, `funcionario_cedula`) VALUES
(811, '2025-07-11 17:02:32', 'Borrado', 'asientos', 1, NULL),
(812, '2025-07-11 17:02:32', 'Borrado', 'asientos', 1, NULL),
(813, '2025-07-11 17:02:32', 'Borrado', 'asientos', 1, NULL),
(814, '2025-07-11 17:02:32', 'Borrado', 'asientos', 1, NULL),
(815, '2025-07-11 17:02:32', 'Borrado', 'asientos', 1, NULL),
(816, '2025-07-11 17:02:32', 'Borrado', 'asientos', 1, NULL),
(817, '2025-07-11 17:02:32', 'Borrado', 'asientos', 1, NULL),
(818, '2025-07-11 17:02:32', 'Borrado', 'asientos', 1, NULL),
(819, '2025-07-11 17:02:32', 'Borrado', 'asientos', 1, NULL),
(820, '2025-07-11 17:02:32', 'Borrado', 'asientos', 1, NULL),
(821, '2025-07-11 17:02:32', 'Borrado', 'asientos', 1, NULL),
(822, '2025-07-11 17:02:32', 'Borrado', 'asientos', 1, NULL),
(823, '2025-07-11 17:02:32', 'Borrado', 'asientos', 1, NULL),
(824, '2025-07-11 17:02:32', 'Borrado', 'asientos', 1, NULL),
(825, '2025-07-11 17:02:32', 'Borrado', 'asientos', 1, NULL),
(826, '2025-07-11 17:02:32', 'Borrado', 'asientos', 1, NULL),
(827, '2025-07-11 17:02:32', 'Borrado', 'asientos', 1, NULL),
(828, '2025-07-11 17:02:32', 'Borrado', 'asientos', 1, NULL),
(829, '2025-07-11 17:02:32', 'Borrado', 'asientos', 1, NULL),
(830, '2025-07-11 17:02:32', 'Borrado', 'asientos', 1, NULL),
(831, '2025-07-11 17:02:32', 'Borrado', 'asientos', 1, NULL),
(832, '2025-07-11 17:02:32', 'Borrado', 'asientos', 1, NULL),
(833, '2025-07-11 17:02:32', 'Borrado', 'asientos', 1, NULL),
(834, '2025-07-11 17:02:32', 'Borrado', 'asientos', 1, NULL),
(835, '2025-07-11 17:02:32', 'Borrado', 'asientos', 1, NULL),
(836, '2025-07-11 17:02:32', 'Borrado', 'asientos', 1, NULL),
(837, '2025-07-11 17:02:32', 'Borrado', 'asientos', 1, NULL),
(838, '2025-07-11 17:02:32', 'Borrado', 'asientos', 1, NULL),
(839, '2025-07-11 17:02:32', 'Borrado', 'asientos', 1, NULL),
(840, '2025-07-11 17:02:32', 'Borrado', 'asientos', 1, NULL),
(841, '2025-07-11 17:02:32', 'Borrado', 'asientos', 1, NULL),
(842, '2025-07-11 17:02:32', 'Borrado', 'asientos', 1, NULL),
(843, '2025-07-11 17:02:32', 'Borrado', 'asientos', 1, NULL),
(844, '2025-07-11 17:02:32', 'Borrado', 'asientos', 1, NULL),
(845, '2025-07-11 17:02:32', 'Borrado', 'asientos', 1, NULL),
(846, '2025-07-11 17:02:32', 'Borrado', 'asientos', 1, NULL),
(847, '2025-07-11 17:02:32', 'Borrado', 'asientos', 1, NULL),
(848, '2025-07-11 17:02:32', 'Borrado', 'asientos', 1, NULL),
(849, '2025-07-11 17:02:32', 'Borrado', 'asientos', 1, NULL),
(850, '2025-07-11 17:02:32', 'Borrado', 'asientos', 1, NULL),
(851, '2025-07-11 17:02:32', 'Borrado', 'asientos', 1, NULL),
(852, '2025-07-11 17:02:32', 'Borrado', 'asientos', 1, NULL),
(853, '2025-07-11 17:02:32', 'Borrado', 'asientos', 1, NULL),
(854, '2025-07-11 17:02:32', 'Borrado', 'asientos', 1, NULL),
(855, '2025-07-11 17:02:32', 'Borrado', 'asientos', 1, NULL),
(856, '2025-07-11 17:02:32', 'Borrado', 'asientos', 1, NULL),
(857, '2025-07-11 17:02:32', 'Borrado', 'asientos', 1, NULL),
(858, '2025-07-11 17:02:32', 'Borrado', 'asientos', 1, NULL),
(859, '2025-07-11 17:02:32', 'Borrado', 'asientos', 1, NULL),
(860, '2025-07-11 17:02:32', 'Borrado', 'asientos', 1, NULL),
(861, '2025-07-11 17:02:32', 'Borrado', 'asientos', 1, NULL),
(862, '2025-07-11 17:02:32', 'Borrado', 'asientos', 1, NULL),
(863, '2025-07-11 17:02:32', 'Borrado', 'asientos', 1, NULL),
(864, '2025-07-11 17:02:32', 'Borrado', 'asientos', 1, NULL),
(865, '2025-07-11 17:02:32', 'Borrado', 'asientos', 1, NULL),
(866, '2025-07-11 17:02:32', 'Borrado', 'asientos', 1, NULL),
(867, '2025-07-11 17:02:32', 'Borrado', 'asientos', 1, NULL),
(868, '2025-07-11 17:02:32', 'Borrado', 'asientos', 1, NULL),
(869, '2025-07-11 17:02:32', 'Borrado', 'asientos', 1, NULL),
(870, '2025-07-11 17:02:32', 'Borrado', 'asientos', 1, NULL),
(871, '2025-07-11 17:02:32', 'Borrado', 'asientos', 1, NULL),
(872, '2025-07-11 17:02:32', 'Borrado', 'asientos', 1, NULL),
(873, '2025-07-11 17:02:32', 'Borrado', 'asientos', 1, NULL),
(874, '2025-07-11 17:02:32', 'Borrado', 'asientos', 1, NULL),
(875, '2025-07-11 17:02:32', 'Borrado', 'asientos', 1, NULL),
(876, '2025-07-11 17:02:32', 'Borrado', 'asientos', 1, NULL),
(877, '2025-07-11 17:02:32', 'Borrado', 'asientos', 1, NULL),
(878, '2025-07-11 17:02:32', 'Borrado', 'asientos', 1, NULL),
(879, '2025-07-11 17:02:32', 'Borrado', 'asientos', 1, NULL),
(880, '2025-07-11 17:02:32', 'Borrado', 'asientos', 1, NULL),
(881, '2025-07-11 17:02:32', 'Borrado', 'asientos', 1, NULL),
(882, '2025-07-11 17:02:32', 'Borrado', 'asientos', 1, NULL),
(883, '2025-07-11 17:02:32', 'Borrado', 'asientos', 1, NULL),
(884, '2025-07-11 17:02:32', 'Borrado', 'asientos', 1, NULL),
(885, '2025-07-11 17:02:32', 'Borrado', 'asientos', 1, NULL),
(886, '2025-07-11 17:02:32', 'Borrado', 'asientos', 1, NULL),
(887, '2025-07-11 17:02:32', 'Borrado', 'asientos', 1, NULL),
(888, '2025-07-11 17:02:32', 'Borrado', 'asientos', 1, NULL),
(889, '2025-07-11 17:02:32', 'Borrado', 'asientos', 1, NULL),
(890, '2025-07-11 17:02:32', 'Borrado', 'asientos', 1, NULL),
(891, '2025-07-11 17:02:32', 'Borrado', 'asientos', 1, NULL),
(892, '2025-07-11 17:02:32', 'Borrado', 'asientos', 1, NULL),
(893, '2025-07-11 17:02:32', 'Borrado', 'asientos', 1, NULL),
(894, '2025-07-11 17:02:32', 'Borrado', 'asientos', 1, NULL),
(895, '2025-07-11 17:02:32', 'Borrado', 'asientos', 1, NULL),
(896, '2025-07-11 17:02:32', 'Borrado', 'asientos', 1, NULL),
(897, '2025-07-11 17:02:32', 'Borrado', 'asientos', 1, NULL),
(898, '2025-07-11 17:02:32', 'Borrado', 'asientos', 1, NULL),
(899, '2025-07-11 17:02:32', 'Borrado', 'asientos', 1, NULL),
(900, '2025-07-11 17:02:32', 'Borrado', 'asientos', 1, NULL),
(901, '2025-07-11 17:02:32', 'Borrado', 'asientos', 1, NULL),
(902, '2025-07-11 17:02:32', 'Borrado', 'asientos', 1, NULL),
(903, '2025-07-11 17:02:32', 'Borrado', 'asientos', 1, NULL),
(904, '2025-07-11 17:02:32', 'Borrado', 'asientos', 1, NULL),
(905, '2025-07-11 17:02:32', 'Borrado', 'asientos', 1, NULL),
(906, '2025-07-11 17:02:32', 'Borrado', 'asientos', 1, NULL),
(907, '2025-07-11 17:02:32', 'Borrado', 'asientos', 1, NULL),
(908, '2025-07-11 17:02:32', 'Borrado', 'asientos', 1, NULL),
(909, '2025-07-11 17:02:32', 'Borrado', 'asientos', 1, NULL),
(910, '2025-07-11 17:02:32', 'Borrado', 'asientos', 1, NULL),
(911, '2025-07-11 17:02:32', 'Borrado', 'asientos', 1, NULL),
(912, '2025-07-11 17:02:32', 'Borrado', 'asientos', 1, NULL),
(913, '2025-07-11 17:02:32', 'Borrado', 'asientos', 1, NULL),
(914, '2025-07-11 17:02:32', 'Borrado', 'asientos', 1, NULL),
(915, '2025-07-11 17:02:32', 'Borrado', 'asientos', 1, NULL),
(916, '2025-07-11 17:02:32', 'Borrado', 'asientos', 1, NULL),
(917, '2025-07-11 17:02:32', 'Borrado', 'asientos', 1, NULL),
(918, '2025-07-11 17:02:32', 'Borrado', 'asientos', 1, NULL),
(919, '2025-07-11 17:02:32', 'Borrado', 'asientos', 1, NULL),
(920, '2025-07-11 17:02:32', 'Borrado', 'asientos', 1, NULL),
(921, '2025-07-11 17:02:32', 'Borrado', 'asientos', 1, NULL),
(922, '2025-07-11 17:02:32', 'Borrado', 'asientos', 1, NULL),
(923, '2025-07-11 17:02:32', 'Borrado', 'asientos', 1, NULL),
(924, '2025-07-11 17:02:32', 'Borrado', 'asientos', 1, NULL),
(925, '2025-07-11 17:02:32', 'Borrado', 'asientos', 1, NULL),
(926, '2025-07-11 17:02:32', 'Borrado', 'asientos', 1, NULL),
(927, '2025-07-11 17:02:32', 'Borrado', 'asientos', 1, NULL),
(928, '2025-07-11 17:02:32', 'Borrado', 'asientos', 1, NULL),
(929, '2025-07-11 17:02:32', 'Borrado', 'asientos', 1, NULL),
(930, '2025-07-11 17:02:32', 'Borrado', 'asientos', 1, NULL),
(931, '2025-07-11 17:02:32', 'Borrado', 'asientos', 1, NULL),
(932, '2025-07-11 17:02:32', 'Borrado', 'asientos', 1, NULL),
(933, '2025-07-11 17:02:32', 'Borrado', 'asientos', 1, NULL),
(934, '2025-07-11 17:02:32', 'Borrado', 'asientos', 1, NULL),
(935, '2025-07-11 17:02:32', 'Borrado', 'asientos', 1, NULL),
(936, '2025-07-11 17:02:32', 'Borrado', 'asientos', 1, NULL),
(937, '2025-07-11 17:02:32', 'Borrado', 'asientos', 1, NULL),
(938, '2025-07-11 17:02:32', 'Borrado', 'asientos', 1, NULL),
(939, '2025-07-11 17:02:32', 'Borrado', 'asientos', 1, NULL),
(940, '2025-07-11 17:02:32', 'Borrado', 'asientos', 1, NULL),
(941, '2025-07-11 17:02:32', 'Borrado', 'asientos', 1, NULL),
(942, '2025-07-11 17:02:32', 'Borrado', 'asientos', 1, NULL),
(943, '2025-07-11 17:02:32', 'Borrado', 'asientos', 1, NULL),
(944, '2025-07-11 17:02:32', 'Borrado', 'asientos', 1, NULL),
(945, '2025-07-11 17:02:32', 'Borrado', 'asientos', 1, NULL),
(946, '2025-07-11 17:02:32', 'Borrado', 'asientos', 1, NULL),
(947, '2025-07-11 17:02:32', 'Borrado', 'asientos', 1, NULL),
(948, '2025-07-11 17:02:32', 'Borrado', 'asientos', 1, NULL),
(949, '2025-07-11 17:02:32', 'Borrado', 'asientos', 1, NULL),
(950, '2025-07-11 17:02:32', 'Borrado', 'asientos', 1, NULL),
(951, '2025-07-11 17:02:32', 'Borrado', 'asientos', 1, NULL),
(952, '2025-07-11 17:02:32', 'Borrado', 'asientos', 1, NULL),
(953, '2025-07-11 17:02:32', 'Borrado', 'asientos', 1, NULL),
(954, '2025-07-11 17:02:32', 'Borrado', 'asientos', 1, NULL),
(955, '2025-07-11 17:02:32', 'Borrado', 'asientos', 1, NULL),
(956, '2025-07-11 17:02:32', 'Borrado', 'asientos', 1, NULL),
(957, '2025-07-11 17:02:32', 'Borrado', 'asientos', 1, NULL),
(958, '2025-07-11 17:02:32', 'Borrado', 'asientos', 1, NULL),
(959, '2025-07-11 17:02:32', 'Borrado', 'asientos', 1, NULL),
(960, '2025-07-11 17:02:32', 'Borrado', 'asientos', 1, NULL),
(961, '2025-07-11 17:02:32', 'Borrado', 'asientos', 1, NULL),
(962, '2025-07-11 17:02:32', 'Borrado', 'asientos', 1, NULL),
(963, '2025-07-11 17:02:32', 'Borrado', 'asientos', 1, NULL),
(964, '2025-07-11 17:02:32', 'Borrado', 'asientos', 1, NULL),
(965, '2025-07-11 17:02:32', 'Borrado', 'asientos', 1, NULL),
(966, '2025-07-11 17:02:32', 'Borrado', 'asientos', 1, NULL),
(967, '2025-07-11 17:02:32', 'Borrado', 'asientos', 1, NULL),
(968, '2025-07-11 17:02:32', 'Borrado', 'asientos', 1, NULL),
(969, '2025-07-11 17:02:32', 'Borrado', 'asientos', 1, NULL),
(970, '2025-07-11 17:02:32', 'Borrado', 'asientos', 1, NULL),
(971, '2025-07-11 17:02:32', 'Borrado', 'asientos', 1, NULL),
(972, '2025-07-11 17:02:32', 'Borrado', 'asientos', 1, NULL),
(973, '2025-07-11 17:02:32', 'Borrado', 'asientos', 1, NULL),
(974, '2025-07-11 17:02:32', 'Borrado', 'asientos', 1, NULL),
(975, '2025-07-11 17:02:32', 'Borrado', 'asientos', 1, NULL),
(976, '2025-07-11 17:02:32', 'Borrado', 'asientos', 1, NULL),
(977, '2025-07-11 17:02:32', 'Borrado', 'asientos', 1, NULL),
(978, '2025-07-11 17:02:32', 'Borrado', 'asientos', 1, NULL),
(979, '2025-07-11 17:02:32', 'Borrado', 'asientos', 1, NULL),
(980, '2025-07-11 17:02:32', 'Borrado', 'asientos', 1, NULL),
(981, '2025-07-11 17:02:32', 'Borrado', 'asientos', 1, NULL),
(982, '2025-07-11 17:02:32', 'Borrado', 'asientos', 1, NULL),
(983, '2025-07-11 17:02:32', 'Borrado', 'asientos', 1, NULL),
(984, '2025-07-11 17:02:32', 'Borrado', 'asientos', 1, NULL),
(985, '2025-07-11 17:02:32', 'Borrado', 'asientos', 1, NULL),
(986, '2025-07-11 17:02:32', 'Borrado', 'asientos', 1, NULL),
(987, '2025-07-11 17:02:32', 'Borrado', 'asientos', 1, NULL),
(988, '2025-07-11 17:02:32', 'Borrado', 'asientos', 1, NULL),
(989, '2025-07-11 17:02:32', 'Borrado', 'asientos', 1, NULL),
(990, '2025-07-11 17:02:32', 'Borrado', 'asientos', 1, NULL),
(991, '2025-07-11 17:02:32', 'Borrado', 'asientos', 1, NULL),
(992, '2025-07-11 17:02:32', 'Borrado', 'asientos', 1, NULL),
(993, '2025-07-11 17:02:32', 'Borrado', 'asientos', 1, NULL),
(994, '2025-07-11 17:02:32', 'Borrado', 'asientos', 1, NULL),
(995, '2025-07-11 17:02:32', 'Borrado', 'asientos', 1, NULL),
(996, '2025-07-11 17:02:32', 'Borrado', 'asientos', 1, NULL),
(997, '2025-07-11 17:02:32', 'Borrado', 'asientos', 1, NULL),
(998, '2025-07-11 17:02:32', 'Borrado', 'asientos', 1, NULL),
(999, '2025-07-11 17:02:32', 'Borrado', 'asientos', 1, NULL),
(1000, '2025-07-11 17:02:32', 'Borrado', 'asientos', 1, NULL),
(1001, '2025-07-11 17:02:32', 'Borrado', 'asientos', 1, NULL),
(1002, '2025-07-11 17:02:32', 'Borrado', 'asientos', 1, NULL),
(1003, '2025-07-11 17:02:32', 'Inserción', 'asientos', 1, NULL),
(1004, '2025-07-11 17:02:32', 'Inserción', 'asientos', 1, NULL),
(1005, '2025-07-11 17:02:32', 'Inserción', 'asientos', 1, NULL),
(1006, '2025-07-11 17:02:32', 'Inserción', 'asientos', 1, NULL),
(1007, '2025-07-11 17:02:32', 'Inserción', 'asientos', 1, NULL),
(1008, '2025-07-11 17:02:32', 'Inserción', 'asientos', 1, NULL),
(1009, '2025-07-11 17:02:32', 'Inserción', 'asientos', 1, NULL),
(1010, '2025-07-11 17:02:32', 'Inserción', 'asientos', 1, NULL),
(1011, '2025-07-11 17:02:32', 'Inserción', 'asientos', 1, NULL),
(1012, '2025-07-11 17:02:32', 'Inserción', 'asientos', 1, NULL),
(1013, '2025-07-11 17:02:32', 'Inserción', 'asientos', 1, NULL),
(1014, '2025-07-11 17:02:32', 'Inserción', 'asientos', 1, NULL),
(1015, '2025-07-11 17:02:32', 'Inserción', 'asientos', 1, NULL),
(1016, '2025-07-11 17:02:32', 'Inserción', 'asientos', 1, NULL),
(1017, '2025-07-11 17:02:32', 'Inserción', 'asientos', 1, NULL),
(1018, '2025-07-11 17:02:32', 'Inserción', 'asientos', 1, NULL),
(1019, '2025-07-11 17:02:32', 'Inserción', 'asientos', 1, NULL),
(1020, '2025-07-11 17:02:32', 'Inserción', 'asientos', 1, NULL),
(1021, '2025-07-11 17:02:32', 'Inserción', 'asientos', 1, NULL),
(1022, '2025-07-11 17:02:32', 'Inserción', 'asientos', 1, NULL),
(1023, '2025-07-11 17:02:32', 'Inserción', 'asientos', 1, NULL),
(1024, '2025-07-11 17:02:32', 'Inserción', 'asientos', 1, NULL),
(1025, '2025-07-11 17:02:32', 'Inserción', 'asientos', 1, NULL),
(1026, '2025-07-11 17:02:32', 'Inserción', 'asientos', 1, NULL),
(1027, '2025-07-11 17:02:32', 'Inserción', 'asientos', 1, NULL),
(1028, '2025-07-11 17:02:32', 'Inserción', 'asientos', 1, NULL),
(1029, '2025-07-11 17:02:32', 'Inserción', 'asientos', 1, NULL),
(1030, '2025-07-11 17:02:32', 'Inserción', 'asientos', 1, NULL),
(1031, '2025-07-11 17:02:32', 'Inserción', 'asientos', 1, NULL),
(1032, '2025-07-11 17:02:32', 'Inserción', 'asientos', 1, NULL),
(1033, '2025-07-11 17:02:32', 'Inserción', 'asientos', 1, NULL),
(1034, '2025-07-11 17:02:32', 'Inserción', 'asientos', 1, NULL),
(1035, '2025-07-11 17:02:32', 'Inserción', 'asientos', 1, NULL),
(1036, '2025-07-11 17:02:32', 'Inserción', 'asientos', 1, NULL),
(1037, '2025-07-11 17:02:32', 'Inserción', 'asientos', 1, NULL),
(1038, '2025-07-11 17:02:32', 'Inserción', 'asientos', 1, NULL),
(1039, '2025-07-11 17:02:32', 'Inserción', 'asientos', 1, NULL),
(1040, '2025-07-11 17:02:32', 'Inserción', 'asientos', 1, NULL),
(1041, '2025-07-11 17:02:32', 'Inserción', 'asientos', 1, NULL),
(1042, '2025-07-11 17:02:32', 'Inserción', 'asientos', 1, NULL),
(1043, '2025-07-11 17:02:32', 'Inserción', 'asientos', 1, NULL),
(1044, '2025-07-11 17:02:32', 'Inserción', 'asientos', 1, NULL),
(1045, '2025-07-11 17:02:32', 'Inserción', 'asientos', 1, NULL),
(1046, '2025-07-11 17:02:32', 'Inserción', 'asientos', 1, NULL),
(1047, '2025-07-11 17:02:32', 'Inserción', 'asientos', 1, NULL),
(1048, '2025-07-11 17:02:32', 'Inserción', 'asientos', 1, NULL),
(1049, '2025-07-11 17:02:32', 'Inserción', 'asientos', 1, NULL),
(1050, '2025-07-11 17:02:32', 'Inserción', 'asientos', 1, NULL),
(1051, '2025-07-11 17:02:32', 'Inserción', 'asientos', 1, NULL),
(1052, '2025-07-11 17:02:32', 'Inserción', 'asientos', 1, NULL),
(1053, '2025-07-11 17:02:32', 'Inserción', 'asientos', 1, NULL),
(1054, '2025-07-11 17:02:32', 'Inserción', 'asientos', 1, NULL),
(1055, '2025-07-11 17:02:32', 'Inserción', 'asientos', 1, NULL),
(1056, '2025-07-11 17:02:32', 'Inserción', 'asientos', 1, NULL),
(1057, '2025-07-11 17:02:32', 'Inserción', 'asientos', 1, NULL),
(1058, '2025-07-11 17:02:32', 'Inserción', 'asientos', 1, NULL),
(1059, '2025-07-11 17:02:32', 'Inserción', 'asientos', 1, NULL),
(1060, '2025-07-11 17:02:32', 'Inserción', 'asientos', 1, NULL),
(1061, '2025-07-11 17:02:32', 'Inserción', 'asientos', 1, NULL),
(1062, '2025-07-11 17:02:32', 'Inserción', 'asientos', 1, NULL),
(1063, '2025-07-11 17:02:32', 'Inserción', 'asientos', 1, NULL),
(1064, '2025-07-11 17:02:32', 'Inserción', 'asientos', 1, NULL),
(1065, '2025-07-11 17:02:32', 'Inserción', 'asientos', 1, NULL),
(1066, '2025-07-11 17:02:32', 'Inserción', 'asientos', 1, NULL),
(1067, '2025-07-11 17:02:32', 'Inserción', 'asientos', 1, NULL),
(1068, '2025-07-11 17:02:32', 'Inserción', 'asientos', 1, NULL),
(1069, '2025-07-11 17:02:32', 'Inserción', 'asientos', 1, NULL),
(1070, '2025-07-11 17:02:32', 'Inserción', 'asientos', 1, NULL),
(1071, '2025-07-11 17:02:32', 'Inserción', 'asientos', 1, NULL),
(1072, '2025-07-11 17:02:32', 'Inserción', 'asientos', 1, NULL),
(1073, '2025-07-11 17:02:32', 'Inserción', 'asientos', 1, NULL),
(1074, '2025-07-11 17:02:32', 'Inserción', 'asientos', 1, NULL),
(1075, '2025-07-11 17:02:32', 'Inserción', 'asientos', 1, NULL),
(1076, '2025-07-11 17:02:32', 'Inserción', 'asientos', 1, NULL),
(1077, '2025-07-11 17:02:32', 'Inserción', 'asientos', 1, NULL),
(1078, '2025-07-11 17:02:32', 'Inserción', 'asientos', 1, NULL),
(1079, '2025-07-11 17:02:32', 'Inserción', 'asientos', 1, NULL),
(1080, '2025-07-11 17:02:32', 'Inserción', 'asientos', 1, NULL),
(1081, '2025-07-11 17:02:32', 'Inserción', 'asientos', 1, NULL),
(1082, '2025-07-11 17:02:32', 'Inserción', 'asientos', 1, NULL),
(1083, '2025-07-11 17:02:32', 'Inserción', 'asientos', 1, NULL),
(1084, '2025-07-11 17:02:32', 'Inserción', 'asientos', 1, NULL),
(1085, '2025-07-11 17:02:32', 'Inserción', 'asientos', 1, NULL),
(1086, '2025-07-11 17:02:32', 'Inserción', 'asientos', 1, NULL),
(1087, '2025-07-11 17:02:32', 'Inserción', 'asientos', 1, NULL),
(1088, '2025-07-11 17:02:32', 'Inserción', 'asientos', 1, NULL),
(1089, '2025-07-11 17:02:32', 'Inserción', 'asientos', 1, NULL),
(1090, '2025-07-11 17:02:32', 'Inserción', 'asientos', 1, NULL),
(1091, '2025-07-11 17:02:32', 'Inserción', 'asientos', 1, NULL),
(1092, '2025-07-11 17:02:32', 'Inserción', 'asientos', 1, NULL),
(1093, '2025-07-11 17:02:32', 'Inserción', 'asientos', 1, NULL),
(1094, '2025-07-11 17:02:32', 'Inserción', 'asientos', 1, NULL),
(1095, '2025-07-11 17:02:32', 'Inserción', 'asientos', 1, NULL),
(1096, '2025-07-11 17:02:32', 'Inserción', 'asientos', 1, NULL),
(1097, '2025-07-11 17:02:32', 'Inserción', 'asientos', 1, NULL),
(1098, '2025-07-11 17:02:32', 'Inserción', 'asientos', 1, NULL),
(1099, '2025-07-11 17:02:32', 'Inserción', 'asientos', 1, NULL),
(1100, '2025-07-11 17:02:32', 'Inserción', 'asientos', 1, NULL),
(1101, '2025-07-11 17:02:32', 'Inserción', 'asientos', 1, NULL),
(1102, '2025-07-11 17:02:32', 'Inserción', 'asientos', 1, NULL),
(1103, '2025-07-11 17:02:32', 'Inserción', 'asientos', 1, NULL),
(1104, '2025-07-11 17:02:32', 'Inserción', 'asientos', 1, NULL),
(1105, '2025-07-11 17:02:32', 'Inserción', 'asientos', 1, NULL),
(1106, '2025-07-11 17:02:32', 'Inserción', 'asientos', 1, NULL),
(1107, '2025-07-11 17:02:32', 'Inserción', 'asientos', 1, NULL),
(1108, '2025-07-11 17:02:32', 'Inserción', 'asientos', 1, NULL),
(1109, '2025-07-11 17:02:32', 'Inserción', 'asientos', 1, NULL),
(1110, '2025-07-11 17:02:32', 'Inserción', 'asientos', 1, NULL),
(1111, '2025-07-11 17:02:32', 'Inserción', 'asientos', 1, NULL),
(1112, '2025-07-11 17:02:32', 'Inserción', 'asientos', 1, NULL),
(1113, '2025-07-11 17:02:32', 'Inserción', 'asientos', 1, NULL),
(1114, '2025-07-11 17:02:32', 'Inserción', 'asientos', 1, NULL),
(1115, '2025-07-11 17:02:32', 'Inserción', 'asientos', 1, NULL),
(1116, '2025-07-11 17:02:32', 'Inserción', 'asientos', 1, NULL),
(1117, '2025-07-11 17:02:32', 'Inserción', 'asientos', 1, NULL),
(1118, '2025-07-11 17:02:32', 'Inserción', 'asientos', 1, NULL),
(1119, '2025-07-11 17:02:32', 'Inserción', 'asientos', 1, NULL),
(1120, '2025-07-11 17:02:32', 'Inserción', 'asientos', 1, NULL),
(1121, '2025-07-11 17:02:32', 'Inserción', 'asientos', 1, NULL),
(1122, '2025-07-11 17:02:32', 'Inserción', 'asientos', 1, NULL),
(1123, '2025-07-11 17:02:32', 'Inserción', 'asientos', 1, NULL),
(1124, '2025-07-11 17:02:32', 'Inserción', 'asientos', 1, NULL),
(1125, '2025-07-11 17:02:32', 'Inserción', 'asientos', 1, NULL),
(1126, '2025-07-11 17:02:32', 'Inserción', 'asientos', 1, NULL),
(1127, '2025-07-11 17:02:32', 'Inserción', 'asientos', 1, NULL),
(1128, '2025-07-11 17:02:32', 'Inserción', 'asientos', 1, NULL),
(1129, '2025-07-11 17:02:32', 'Inserción', 'asientos', 1, NULL),
(1130, '2025-07-11 17:02:32', 'Inserción', 'asientos', 1, NULL),
(1131, '2025-07-11 17:02:32', 'Inserción', 'asientos', 1, NULL),
(1132, '2025-07-11 17:02:32', 'Inserción', 'asientos', 1, NULL),
(1133, '2025-07-11 17:02:32', 'Inserción', 'asientos', 1, NULL),
(1134, '2025-07-11 17:02:32', 'Inserción', 'asientos', 1, NULL),
(1135, '2025-07-11 17:02:32', 'Inserción', 'asientos', 1, NULL),
(1136, '2025-07-11 17:02:32', 'Inserción', 'asientos', 1, NULL),
(1137, '2025-07-11 17:02:32', 'Inserción', 'asientos', 1, NULL),
(1138, '2025-07-11 17:02:32', 'Inserción', 'asientos', 1, NULL),
(1139, '2025-07-11 17:02:32', 'Inserción', 'asientos', 1, NULL),
(1140, '2025-07-11 17:02:32', 'Inserción', 'asientos', 1, NULL),
(1141, '2025-07-11 17:02:32', 'Inserción', 'asientos', 1, NULL),
(1142, '2025-07-11 17:02:32', 'Inserción', 'asientos', 1, NULL),
(1143, '2025-07-11 17:02:32', 'Inserción', 'asientos', 1, NULL),
(1144, '2025-07-11 17:02:32', 'Inserción', 'asientos', 1, NULL),
(1145, '2025-07-11 17:02:32', 'Inserción', 'asientos', 1, NULL),
(1146, '2025-07-11 17:02:32', 'Inserción', 'asientos', 1, NULL),
(1147, '2025-07-11 17:02:32', 'Inserción', 'asientos', 1, NULL),
(1148, '2025-07-11 17:02:32', 'Inserción', 'asientos', 1, NULL),
(1149, '2025-07-11 17:02:32', 'Inserción', 'asientos', 1, NULL),
(1150, '2025-07-11 17:02:32', 'Inserción', 'asientos', 1, NULL),
(1151, '2025-07-11 17:02:32', 'Inserción', 'asientos', 1, NULL),
(1152, '2025-07-11 17:02:32', 'Inserción', 'asientos', 1, NULL),
(1153, '2025-07-11 17:02:32', 'Inserción', 'asientos', 1, NULL),
(1154, '2025-07-11 17:02:32', 'Inserción', 'asientos', 1, NULL),
(1155, '2025-07-11 17:02:32', 'Inserción', 'asientos', 1, NULL),
(1156, '2025-07-11 17:02:32', 'Inserción', 'asientos', 1, NULL),
(1157, '2025-07-11 17:02:32', 'Inserción', 'asientos', 1, NULL),
(1158, '2025-07-11 17:02:32', 'Inserción', 'asientos', 1, NULL),
(1159, '2025-07-11 17:02:32', 'Inserción', 'asientos', 1, NULL),
(1160, '2025-07-11 17:02:32', 'Inserción', 'asientos', 1, NULL),
(1161, '2025-07-11 17:02:32', 'Inserción', 'asientos', 1, NULL),
(1162, '2025-07-11 17:02:32', 'Inserción', 'asientos', 1, NULL),
(1163, '2025-07-11 17:02:32', 'Inserción', 'asientos', 1, NULL),
(1164, '2025-07-11 17:02:32', 'Inserción', 'asientos', 1, NULL),
(1165, '2025-07-11 17:02:32', 'Inserción', 'asientos', 1, NULL),
(1166, '2025-07-11 17:02:32', 'Inserción', 'asientos', 1, NULL),
(1167, '2025-07-11 17:02:32', 'Inserción', 'asientos', 1, NULL),
(1168, '2025-07-11 17:02:32', 'Inserción', 'asientos', 1, NULL),
(1169, '2025-07-11 17:02:32', 'Inserción', 'asientos', 1, NULL),
(1170, '2025-07-11 17:02:32', 'Inserción', 'asientos', 1, NULL),
(1171, '2025-07-11 17:02:32', 'Inserción', 'asientos', 1, NULL),
(1172, '2025-07-11 17:02:32', 'Inserción', 'asientos', 1, NULL),
(1173, '2025-07-11 17:02:32', 'Inserción', 'asientos', 1, NULL),
(1174, '2025-07-11 17:02:32', 'Inserción', 'asientos', 1, NULL),
(1175, '2025-07-11 17:02:32', 'Inserción', 'asientos', 1, NULL),
(1176, '2025-07-11 17:02:32', 'Inserción', 'asientos', 1, NULL),
(1177, '2025-07-11 17:02:32', 'Inserción', 'asientos', 1, NULL),
(1178, '2025-07-11 17:02:32', 'Inserción', 'asientos', 1, NULL),
(1179, '2025-07-11 17:02:32', 'Inserción', 'asientos', 1, NULL),
(1180, '2025-07-11 17:02:32', 'Inserción', 'asientos', 1, NULL),
(1181, '2025-07-11 17:02:32', 'Inserción', 'asientos', 1, NULL),
(1182, '2025-07-11 17:02:32', 'Inserción', 'asientos', 1, NULL),
(1183, '2025-07-11 17:02:32', 'Inserción', 'asientos', 1, NULL),
(1184, '2025-07-11 17:02:32', 'Inserción', 'asientos', 1, NULL),
(1185, '2025-07-11 17:02:32', 'Inserción', 'asientos', 1, NULL),
(1186, '2025-07-11 17:02:32', 'Inserción', 'asientos', 1, NULL),
(1187, '2025-07-11 17:02:32', 'Inserción', 'asientos', 1, NULL),
(1188, '2025-07-11 17:02:32', 'Inserción', 'asientos', 1, NULL),
(1189, '2025-07-11 17:02:32', 'Inserción', 'asientos', 1, NULL),
(1190, '2025-07-11 17:02:32', 'Inserción', 'asientos', 1, NULL),
(1191, '2025-07-11 17:02:32', 'Inserción', 'asientos', 1, NULL),
(1192, '2025-07-11 17:02:32', 'Inserción', 'asientos', 1, NULL),
(1193, '2025-07-11 17:02:32', 'Inserción', 'asientos', 1, NULL),
(1194, '2025-07-11 17:02:32', 'Inserción', 'asientos', 1, NULL),
(1195, '2025-07-11 17:02:32', 'Inserción', 'asientos', 1, NULL),
(1196, '2025-07-11 17:02:32', 'Inserción', 'asientos', 1, NULL),
(1197, '2025-07-11 17:02:32', 'Inserción', 'asientos', 1, NULL),
(1198, '2025-07-11 17:02:32', 'Inserción', 'asientos', 1, NULL),
(1199, '2025-07-11 17:02:32', 'Inserción', 'asientos', 1, NULL),
(1200, '2025-07-11 17:02:32', 'Inserción', 'asientos', 1, NULL),
(1201, '2025-07-11 17:02:32', 'Inserción', 'asientos', 1, NULL),
(1202, '2025-07-11 17:02:32', 'Inserción', 'asientos', 1, NULL),
(1203, '2025-07-11 17:02:32', 'Borrado', 'asientos', 1, NULL),
(1204, '2025-07-11 17:02:32', 'Borrado', 'asientos', 1, NULL),
(1205, '2025-07-11 17:02:32', 'Borrado', 'asientos', 1, NULL),
(1206, '2025-07-11 17:02:32', 'Borrado', 'asientos', 1, NULL),
(1207, '2025-07-11 17:02:32', 'Borrado', 'asientos', 1, NULL),
(1208, '2025-07-11 17:02:32', 'Borrado', 'asientos', 1, NULL),
(1209, '2025-07-11 17:02:32', 'Borrado', 'asientos', 1, NULL),
(1210, '2025-07-11 17:02:32', 'Borrado', 'asientos', 1, NULL),
(1211, '2025-07-11 17:02:32', 'Borrado', 'asientos', 1, NULL),
(1212, '2025-07-11 17:02:32', 'Borrado', 'asientos', 1, NULL),
(1213, '2025-07-11 17:02:32', 'Borrado', 'asientos', 1, NULL),
(1214, '2025-07-11 17:02:32', 'Borrado', 'asientos', 1, NULL),
(1215, '2025-07-11 17:02:32', 'Borrado', 'asientos', 1, NULL),
(1216, '2025-07-11 17:02:32', 'Borrado', 'asientos', 1, NULL),
(1217, '2025-07-11 17:02:32', 'Borrado', 'asientos', 1, NULL),
(1218, '2025-07-11 17:02:32', 'Borrado', 'asientos', 1, NULL),
(1219, '2025-07-11 17:02:32', 'Borrado', 'asientos', 1, NULL),
(1220, '2025-07-11 17:02:32', 'Borrado', 'asientos', 1, NULL),
(1221, '2025-07-11 17:02:32', 'Borrado', 'asientos', 1, NULL),
(1222, '2025-07-11 17:02:32', 'Borrado', 'asientos', 1, NULL),
(1223, '2025-07-11 17:02:32', 'Borrado', 'asientos', 1, NULL),
(1224, '2025-07-11 17:02:32', 'Borrado', 'asientos', 1, NULL),
(1225, '2025-07-11 17:02:32', 'Borrado', 'asientos', 1, NULL),
(1226, '2025-07-11 17:02:32', 'Borrado', 'asientos', 1, NULL),
(1227, '2025-07-11 17:02:32', 'Borrado', 'asientos', 1, NULL),
(1228, '2025-07-11 17:02:32', 'Borrado', 'asientos', 1, NULL),
(1229, '2025-07-11 17:02:32', 'Borrado', 'asientos', 1, NULL),
(1230, '2025-07-11 17:02:32', 'Borrado', 'asientos', 1, NULL),
(1231, '2025-07-11 17:02:32', 'Borrado', 'asientos', 1, NULL),
(1232, '2025-07-11 17:02:32', 'Borrado', 'asientos', 1, NULL),
(1233, '2025-07-11 17:02:32', 'Borrado', 'asientos', 1, NULL),
(1234, '2025-07-11 17:02:32', 'Borrado', 'asientos', 1, NULL),
(1235, '2025-07-11 17:02:32', 'Borrado', 'asientos', 1, NULL),
(1236, '2025-07-11 17:02:32', 'Borrado', 'asientos', 1, NULL),
(1237, '2025-07-11 17:02:32', 'Borrado', 'asientos', 1, NULL),
(1238, '2025-07-11 17:02:32', 'Borrado', 'asientos', 1, NULL),
(1239, '2025-07-11 17:02:32', 'Borrado', 'asientos', 1, NULL),
(1240, '2025-07-11 17:02:32', 'Borrado', 'asientos', 1, NULL),
(1241, '2025-07-11 17:02:32', 'Borrado', 'asientos', 1, NULL),
(1242, '2025-07-11 17:02:32', 'Borrado', 'asientos', 1, NULL),
(1243, '2025-07-11 17:02:32', 'Borrado', 'asientos', 1, NULL),
(1244, '2025-07-11 17:02:32', 'Borrado', 'asientos', 1, NULL),
(1245, '2025-07-11 17:02:32', 'Borrado', 'asientos', 1, NULL),
(1246, '2025-07-11 17:02:32', 'Borrado', 'asientos', 1, NULL),
(1247, '2025-07-11 17:02:32', 'Borrado', 'asientos', 1, NULL),
(1248, '2025-07-11 17:02:32', 'Borrado', 'asientos', 1, NULL),
(1249, '2025-07-11 17:02:32', 'Borrado', 'asientos', 1, NULL),
(1250, '2025-07-11 17:02:32', 'Borrado', 'asientos', 1, NULL),
(1251, '2025-07-11 17:02:32', 'Borrado', 'asientos', 1, NULL),
(1252, '2025-07-11 17:02:32', 'Borrado', 'asientos', 1, NULL),
(1253, '2025-07-11 17:02:32', 'Borrado', 'asientos', 1, NULL),
(1254, '2025-07-11 17:02:32', 'Borrado', 'asientos', 1, NULL),
(1255, '2025-07-11 17:02:32', 'Borrado', 'asientos', 1, NULL),
(1256, '2025-07-11 17:02:32', 'Borrado', 'asientos', 1, NULL),
(1257, '2025-07-11 17:02:32', 'Borrado', 'asientos', 1, NULL),
(1258, '2025-07-11 17:02:32', 'Borrado', 'asientos', 1, NULL),
(1259, '2025-07-11 17:02:32', 'Borrado', 'asientos', 1, NULL),
(1260, '2025-07-11 17:02:32', 'Borrado', 'asientos', 1, NULL),
(1261, '2025-07-11 17:02:32', 'Borrado', 'asientos', 1, NULL),
(1262, '2025-07-11 17:02:32', 'Borrado', 'asientos', 1, NULL),
(1263, '2025-07-11 17:02:32', 'Borrado', 'asientos', 1, NULL),
(1264, '2025-07-11 17:02:32', 'Borrado', 'asientos', 1, NULL),
(1265, '2025-07-11 17:02:32', 'Borrado', 'asientos', 1, NULL),
(1266, '2025-07-11 17:02:32', 'Borrado', 'asientos', 1, NULL),
(1267, '2025-07-11 17:02:32', 'Borrado', 'asientos', 1, NULL),
(1268, '2025-07-11 17:02:32', 'Borrado', 'asientos', 1, NULL),
(1269, '2025-07-11 17:02:32', 'Borrado', 'asientos', 1, NULL),
(1270, '2025-07-11 17:02:32', 'Borrado', 'asientos', 1, NULL),
(1271, '2025-07-11 17:02:32', 'Borrado', 'asientos', 1, NULL),
(1272, '2025-07-11 17:02:32', 'Borrado', 'asientos', 1, NULL),
(1273, '2025-07-11 17:02:32', 'Borrado', 'asientos', 1, NULL),
(1274, '2025-07-11 17:02:32', 'Borrado', 'asientos', 1, NULL),
(1275, '2025-07-11 17:02:32', 'Borrado', 'asientos', 1, NULL),
(1276, '2025-07-11 17:02:32', 'Borrado', 'asientos', 1, NULL),
(1277, '2025-07-11 17:02:32', 'Borrado', 'asientos', 1, NULL),
(1278, '2025-07-11 17:02:32', 'Borrado', 'asientos', 1, NULL),
(1279, '2025-07-11 17:02:32', 'Borrado', 'asientos', 1, NULL),
(1280, '2025-07-11 17:02:32', 'Borrado', 'asientos', 1, NULL),
(1281, '2025-07-11 17:02:32', 'Borrado', 'asientos', 1, NULL),
(1282, '2025-07-11 17:02:32', 'Borrado', 'asientos', 1, NULL),
(1283, '2025-07-11 17:02:32', 'Borrado', 'asientos', 1, NULL),
(1284, '2025-07-11 17:02:32', 'Borrado', 'asientos', 1, NULL),
(1285, '2025-07-11 17:02:32', 'Borrado', 'asientos', 1, NULL),
(1286, '2025-07-11 17:02:32', 'Borrado', 'asientos', 1, NULL),
(1287, '2025-07-11 17:02:32', 'Borrado', 'asientos', 1, NULL),
(1288, '2025-07-11 17:02:32', 'Borrado', 'asientos', 1, NULL),
(1289, '2025-07-11 17:02:32', 'Borrado', 'asientos', 1, NULL),
(1290, '2025-07-11 17:02:32', 'Borrado', 'asientos', 1, NULL),
(1291, '2025-07-11 17:02:32', 'Borrado', 'asientos', 1, NULL),
(1292, '2025-07-11 17:02:32', 'Borrado', 'asientos', 1, NULL),
(1293, '2025-07-11 17:02:32', 'Borrado', 'asientos', 1, NULL),
(1294, '2025-07-11 17:02:32', 'Borrado', 'asientos', 1, NULL),
(1295, '2025-07-11 17:02:32', 'Borrado', 'asientos', 1, NULL),
(1296, '2025-07-11 17:02:32', 'Borrado', 'asientos', 1, NULL),
(1297, '2025-07-11 17:02:32', 'Borrado', 'asientos', 1, NULL),
(1298, '2025-07-11 17:02:32', 'Borrado', 'asientos', 1, NULL),
(1299, '2025-07-11 17:02:32', 'Borrado', 'asientos', 1, NULL),
(1300, '2025-07-11 17:02:32', 'Borrado', 'asientos', 1, NULL),
(1301, '2025-07-11 17:02:32', 'Borrado', 'asientos', 1, NULL),
(1302, '2025-07-11 17:02:32', 'Borrado', 'asientos', 1, NULL),
(1303, '2025-07-11 17:02:32', 'Borrado', 'asientos', 1, NULL),
(1304, '2025-07-11 17:02:32', 'Borrado', 'asientos', 1, NULL),
(1305, '2025-07-11 17:02:32', 'Borrado', 'asientos', 1, NULL),
(1306, '2025-07-11 17:02:32', 'Borrado', 'asientos', 1, NULL),
(1307, '2025-07-11 17:02:32', 'Borrado', 'asientos', 1, NULL),
(1308, '2025-07-11 17:02:32', 'Borrado', 'asientos', 1, NULL),
(1309, '2025-07-11 17:02:32', 'Borrado', 'asientos', 1, NULL),
(1310, '2025-07-11 17:02:32', 'Borrado', 'asientos', 1, NULL),
(1311, '2025-07-11 17:02:32', 'Borrado', 'asientos', 1, NULL),
(1312, '2025-07-11 17:02:32', 'Borrado', 'asientos', 1, NULL),
(1313, '2025-07-11 17:02:32', 'Borrado', 'asientos', 1, NULL),
(1314, '2025-07-11 17:02:32', 'Borrado', 'asientos', 1, NULL),
(1315, '2025-07-11 17:02:32', 'Borrado', 'asientos', 1, NULL),
(1316, '2025-07-11 17:02:32', 'Borrado', 'asientos', 1, NULL),
(1317, '2025-07-11 17:02:32', 'Borrado', 'asientos', 1, NULL),
(1318, '2025-07-11 17:02:32', 'Borrado', 'asientos', 1, NULL),
(1319, '2025-07-11 17:02:32', 'Borrado', 'asientos', 1, NULL),
(1320, '2025-07-11 17:02:32', 'Borrado', 'asientos', 1, NULL),
(1321, '2025-07-11 17:02:32', 'Borrado', 'asientos', 1, NULL),
(1322, '2025-07-11 17:02:32', 'Borrado', 'asientos', 1, NULL),
(1323, '2025-07-11 17:02:32', 'Borrado', 'asientos', 1, NULL),
(1324, '2025-07-11 17:02:32', 'Borrado', 'asientos', 1, NULL),
(1325, '2025-07-11 17:02:32', 'Borrado', 'asientos', 1, NULL),
(1326, '2025-07-11 17:02:32', 'Borrado', 'asientos', 1, NULL),
(1327, '2025-07-11 17:02:32', 'Borrado', 'asientos', 1, NULL),
(1328, '2025-07-11 17:02:32', 'Borrado', 'asientos', 1, NULL),
(1329, '2025-07-11 17:02:32', 'Borrado', 'asientos', 1, NULL),
(1330, '2025-07-11 17:02:32', 'Borrado', 'asientos', 1, NULL),
(1331, '2025-07-11 17:02:32', 'Borrado', 'asientos', 1, NULL),
(1332, '2025-07-11 17:02:32', 'Borrado', 'asientos', 1, NULL),
(1333, '2025-07-11 17:02:32', 'Borrado', 'asientos', 1, NULL),
(1334, '2025-07-11 17:02:32', 'Borrado', 'asientos', 1, NULL),
(1335, '2025-07-11 17:02:32', 'Borrado', 'asientos', 1, NULL),
(1336, '2025-07-11 17:02:32', 'Borrado', 'asientos', 1, NULL),
(1337, '2025-07-11 17:02:32', 'Borrado', 'asientos', 1, NULL),
(1338, '2025-07-11 17:02:32', 'Borrado', 'asientos', 1, NULL),
(1339, '2025-07-11 17:02:32', 'Borrado', 'asientos', 1, NULL),
(1340, '2025-07-11 17:02:32', 'Borrado', 'asientos', 1, NULL),
(1341, '2025-07-11 17:02:32', 'Borrado', 'asientos', 1, NULL),
(1342, '2025-07-11 17:02:32', 'Borrado', 'asientos', 1, NULL),
(1343, '2025-07-11 17:02:32', 'Borrado', 'asientos', 1, NULL),
(1344, '2025-07-11 17:02:32', 'Borrado', 'asientos', 1, NULL),
(1345, '2025-07-11 17:02:32', 'Borrado', 'asientos', 1, NULL),
(1346, '2025-07-11 17:02:32', 'Borrado', 'asientos', 1, NULL),
(1347, '2025-07-11 17:02:32', 'Borrado', 'asientos', 1, NULL),
(1348, '2025-07-11 17:02:32', 'Borrado', 'asientos', 1, NULL),
(1349, '2025-07-11 17:02:32', 'Borrado', 'asientos', 1, NULL),
(1350, '2025-07-11 17:02:32', 'Borrado', 'asientos', 1, NULL),
(1351, '2025-07-11 17:02:32', 'Borrado', 'asientos', 1, NULL),
(1352, '2025-07-11 17:02:32', 'Inserción', 'asientos', 1, NULL),
(1353, '2025-07-11 17:02:32', 'Inserción', 'asientos', 1, NULL),
(1354, '2025-07-11 17:02:32', 'Inserción', 'asientos', 1, NULL),
(1355, '2025-07-11 17:02:32', 'Inserción', 'asientos', 1, NULL),
(1356, '2025-07-11 17:02:32', 'Inserción', 'asientos', 1, NULL),
(1357, '2025-07-11 17:02:32', 'Inserción', 'asientos', 1, NULL),
(1358, '2025-07-11 17:02:32', 'Inserción', 'asientos', 1, NULL),
(1359, '2025-07-11 17:02:32', 'Inserción', 'asientos', 1, NULL),
(1360, '2025-07-11 17:02:32', 'Inserción', 'asientos', 1, NULL),
(1361, '2025-07-11 17:02:32', 'Inserción', 'asientos', 1, NULL),
(1362, '2025-07-11 17:02:32', 'Inserción', 'asientos', 1, NULL),
(1363, '2025-07-11 17:02:32', 'Inserción', 'asientos', 1, NULL),
(1364, '2025-07-11 17:02:32', 'Inserción', 'asientos', 1, NULL),
(1365, '2025-07-11 17:02:32', 'Inserción', 'asientos', 1, NULL),
(1366, '2025-07-11 17:02:32', 'Inserción', 'asientos', 1, NULL),
(1367, '2025-07-11 17:02:32', 'Inserción', 'asientos', 1, NULL),
(1368, '2025-07-11 17:02:32', 'Inserción', 'asientos', 1, NULL),
(1369, '2025-07-11 17:02:32', 'Inserción', 'asientos', 1, NULL),
(1370, '2025-07-11 17:02:32', 'Inserción', 'asientos', 1, NULL),
(1371, '2025-07-11 17:02:32', 'Inserción', 'asientos', 1, NULL),
(1372, '2025-07-11 17:02:32', 'Inserción', 'asientos', 1, NULL),
(1373, '2025-07-11 17:02:32', 'Inserción', 'asientos', 1, NULL),
(1374, '2025-07-11 17:02:32', 'Inserción', 'asientos', 1, NULL),
(1375, '2025-07-11 17:02:32', 'Inserción', 'asientos', 1, NULL),
(1376, '2025-07-11 17:02:32', 'Inserción', 'asientos', 1, NULL),
(1377, '2025-07-11 17:02:32', 'Inserción', 'asientos', 1, NULL),
(1378, '2025-07-11 17:02:32', 'Inserción', 'asientos', 1, NULL),
(1379, '2025-07-11 17:02:32', 'Inserción', 'asientos', 1, NULL),
(1380, '2025-07-11 17:02:32', 'Inserción', 'asientos', 1, NULL),
(1381, '2025-07-11 17:02:32', 'Inserción', 'asientos', 1, NULL),
(1382, '2025-07-11 17:02:32', 'Inserción', 'asientos', 1, NULL),
(1383, '2025-07-11 17:02:32', 'Inserción', 'asientos', 1, NULL),
(1384, '2025-07-11 17:02:32', 'Inserción', 'asientos', 1, NULL),
(1385, '2025-07-11 17:02:32', 'Inserción', 'asientos', 1, NULL),
(1386, '2025-07-11 17:02:32', 'Inserción', 'asientos', 1, NULL),
(1387, '2025-07-11 17:02:32', 'Inserción', 'asientos', 1, NULL),
(1388, '2025-07-11 17:02:32', 'Inserción', 'asientos', 1, NULL),
(1389, '2025-07-11 17:02:32', 'Inserción', 'asientos', 1, NULL),
(1390, '2025-07-11 17:02:32', 'Inserción', 'asientos', 1, NULL),
(1391, '2025-07-11 17:02:32', 'Inserción', 'asientos', 1, NULL),
(1392, '2025-07-11 17:02:32', 'Inserción', 'asientos', 1, NULL),
(1393, '2025-07-11 17:02:32', 'Inserción', 'asientos', 1, NULL),
(1394, '2025-07-11 17:02:32', 'Inserción', 'asientos', 1, NULL),
(1395, '2025-07-11 17:02:32', 'Inserción', 'asientos', 1, NULL),
(1396, '2025-07-11 17:02:32', 'Inserción', 'asientos', 1, NULL),
(1397, '2025-07-11 17:02:32', 'Inserción', 'asientos', 1, NULL),
(1398, '2025-07-11 17:02:32', 'Inserción', 'asientos', 1, NULL),
(1399, '2025-07-11 17:02:32', 'Inserción', 'asientos', 1, NULL),
(1400, '2025-07-11 17:02:32', 'Inserción', 'asientos', 1, NULL),
(1401, '2025-07-11 17:02:32', 'Inserción', 'asientos', 1, NULL),
(1402, '2025-07-11 17:02:32', 'Inserción', 'asientos', 1, NULL),
(1403, '2025-07-11 17:02:32', 'Inserción', 'asientos', 1, NULL),
(1404, '2025-07-11 17:02:32', 'Inserción', 'asientos', 1, NULL),
(1405, '2025-07-11 17:02:32', 'Inserción', 'asientos', 1, NULL),
(1406, '2025-07-11 17:02:32', 'Inserción', 'asientos', 1, NULL),
(1407, '2025-07-11 17:02:32', 'Inserción', 'asientos', 1, NULL),
(1408, '2025-07-11 17:02:32', 'Inserción', 'asientos', 1, NULL),
(1409, '2025-07-11 17:02:32', 'Inserción', 'asientos', 1, NULL),
(1410, '2025-07-11 17:02:32', 'Inserción', 'asientos', 1, NULL),
(1411, '2025-07-11 17:02:32', 'Inserción', 'asientos', 1, NULL),
(1412, '2025-07-11 17:02:32', 'Inserción', 'asientos', 1, NULL),
(1413, '2025-07-11 17:02:32', 'Inserción', 'asientos', 1, NULL),
(1414, '2025-07-11 17:02:32', 'Inserción', 'asientos', 1, NULL),
(1415, '2025-07-11 17:02:32', 'Inserción', 'asientos', 1, NULL),
(1416, '2025-07-11 17:02:32', 'Inserción', 'asientos', 1, NULL),
(1417, '2025-07-11 17:02:32', 'Inserción', 'asientos', 1, NULL),
(1418, '2025-07-11 17:02:32', 'Inserción', 'asientos', 1, NULL),
(1419, '2025-07-11 17:02:32', 'Inserción', 'asientos', 1, NULL),
(1420, '2025-07-11 17:02:32', 'Inserción', 'asientos', 1, NULL),
(1421, '2025-07-11 17:02:32', 'Inserción', 'asientos', 1, NULL),
(1422, '2025-07-11 17:02:32', 'Inserción', 'asientos', 1, NULL),
(1423, '2025-07-11 17:02:32', 'Inserción', 'asientos', 1, NULL),
(1424, '2025-07-11 17:02:32', 'Inserción', 'asientos', 1, NULL),
(1425, '2025-07-11 17:02:32', 'Inserción', 'asientos', 1, NULL),
(1426, '2025-07-11 17:02:32', 'Inserción', 'asientos', 1, NULL),
(1427, '2025-07-11 17:02:32', 'Inserción', 'asientos', 1, NULL),
(1428, '2025-07-11 17:02:32', 'Inserción', 'asientos', 1, NULL),
(1429, '2025-07-11 17:02:32', 'Inserción', 'asientos', 1, NULL),
(1430, '2025-07-11 17:02:32', 'Inserción', 'asientos', 1, NULL),
(1431, '2025-07-11 17:02:32', 'Inserción', 'asientos', 1, NULL),
(1432, '2025-07-11 17:02:32', 'Inserción', 'asientos', 1, NULL),
(1433, '2025-07-11 17:02:32', 'Inserción', 'asientos', 1, NULL),
(1434, '2025-07-11 17:02:32', 'Inserción', 'asientos', 1, NULL),
(1435, '2025-07-11 17:02:32', 'Inserción', 'asientos', 1, NULL),
(1436, '2025-07-11 17:02:32', 'Inserción', 'asientos', 1, NULL),
(1437, '2025-07-11 17:02:32', 'Inserción', 'asientos', 1, NULL),
(1438, '2025-07-11 17:02:32', 'Inserción', 'asientos', 1, NULL),
(1439, '2025-07-11 17:02:32', 'Inserción', 'asientos', 1, NULL),
(1440, '2025-07-11 17:02:32', 'Inserción', 'asientos', 1, NULL),
(1441, '2025-07-11 17:02:32', 'Inserción', 'asientos', 1, NULL),
(1442, '2025-07-11 17:02:32', 'Inserción', 'asientos', 1, NULL),
(1443, '2025-07-11 17:02:32', 'Inserción', 'asientos', 1, NULL),
(1444, '2025-07-11 17:02:32', 'Inserción', 'asientos', 1, NULL),
(1445, '2025-07-11 17:02:32', 'Inserción', 'asientos', 1, NULL),
(1446, '2025-07-11 17:02:32', 'Inserción', 'asientos', 1, NULL),
(1447, '2025-07-11 17:02:32', 'Inserción', 'asientos', 1, NULL),
(1448, '2025-07-11 17:02:32', 'Inserción', 'asientos', 1, NULL),
(1449, '2025-07-11 17:02:32', 'Inserción', 'asientos', 1, NULL),
(1450, '2025-07-11 17:02:32', 'Inserción', 'asientos', 1, NULL),
(1451, '2025-07-11 17:02:32', 'Inserción', 'asientos', 1, NULL),
(1452, '2025-07-11 17:02:32', 'Inserción', 'asientos', 1, NULL),
(1453, '2025-07-11 17:02:32', 'Inserción', 'asientos', 1, NULL),
(1454, '2025-07-11 17:02:32', 'Inserción', 'asientos', 1, NULL),
(1455, '2025-07-11 17:02:32', 'Inserción', 'asientos', 1, NULL),
(1456, '2025-07-11 17:02:32', 'Inserción', 'asientos', 1, NULL),
(1457, '2025-07-11 17:02:32', 'Inserción', 'asientos', 1, NULL),
(1458, '2025-07-11 17:02:32', 'Inserción', 'asientos', 1, NULL),
(1459, '2025-07-11 17:02:32', 'Inserción', 'asientos', 1, NULL),
(1460, '2025-07-11 17:02:32', 'Inserción', 'asientos', 1, NULL),
(1461, '2025-07-11 17:02:32', 'Inserción', 'asientos', 1, NULL),
(1462, '2025-07-11 17:02:32', 'Inserción', 'asientos', 1, NULL),
(1463, '2025-07-11 17:02:32', 'Inserción', 'asientos', 1, NULL),
(1464, '2025-07-11 17:02:32', 'Inserción', 'asientos', 1, NULL),
(1465, '2025-07-11 17:02:32', 'Inserción', 'asientos', 1, NULL),
(1466, '2025-07-11 17:02:32', 'Inserción', 'asientos', 1, NULL),
(1467, '2025-07-11 17:02:32', 'Inserción', 'asientos', 1, NULL),
(1468, '2025-07-11 17:02:32', 'Inserción', 'asientos', 1, NULL),
(1469, '2025-07-11 17:02:32', 'Inserción', 'asientos', 1, NULL),
(1470, '2025-07-11 17:02:32', 'Inserción', 'asientos', 1, NULL),
(1471, '2025-07-11 17:02:32', 'Inserción', 'asientos', 1, NULL),
(1472, '2025-07-11 17:02:32', 'Inserción', 'asientos', 1, NULL),
(1473, '2025-07-11 17:02:32', 'Inserción', 'asientos', 1, NULL),
(1474, '2025-07-11 17:02:32', 'Inserción', 'asientos', 1, NULL),
(1475, '2025-07-11 17:02:32', 'Inserción', 'asientos', 1, NULL),
(1476, '2025-07-11 17:02:32', 'Inserción', 'asientos', 1, NULL),
(1477, '2025-07-11 17:02:32', 'Inserción', 'asientos', 1, NULL),
(1478, '2025-07-11 17:02:32', 'Inserción', 'asientos', 1, NULL),
(1479, '2025-07-11 17:02:32', 'Inserción', 'asientos', 1, NULL),
(1480, '2025-07-11 17:02:32', 'Inserción', 'asientos', 1, NULL),
(1481, '2025-07-11 17:02:32', 'Inserción', 'asientos', 1, NULL),
(1482, '2025-07-11 17:02:32', 'Inserción', 'asientos', 1, NULL),
(1483, '2025-07-11 17:02:32', 'Inserción', 'asientos', 1, NULL),
(1484, '2025-07-11 17:02:32', 'Inserción', 'asientos', 1, NULL),
(1485, '2025-07-11 17:02:32', 'Inserción', 'asientos', 1, NULL),
(1486, '2025-07-11 17:02:32', 'Inserción', 'asientos', 1, NULL),
(1487, '2025-07-11 17:02:32', 'Inserción', 'asientos', 1, NULL),
(1488, '2025-07-11 17:02:32', 'Inserción', 'asientos', 1, NULL),
(1489, '2025-07-11 17:02:32', 'Inserción', 'asientos', 1, NULL),
(1490, '2025-07-11 17:02:32', 'Inserción', 'asientos', 1, NULL),
(1491, '2025-07-11 17:02:32', 'Inserción', 'asientos', 1, NULL),
(1492, '2025-07-11 17:02:32', 'Inserción', 'asientos', 1, NULL),
(1493, '2025-07-11 17:02:32', 'Inserción', 'asientos', 1, NULL),
(1494, '2025-07-11 17:02:32', 'Inserción', 'asientos', 1, NULL),
(1495, '2025-07-11 17:02:32', 'Inserción', 'asientos', 1, NULL),
(1496, '2025-07-11 17:02:32', 'Inserción', 'asientos', 1, NULL),
(1497, '2025-07-11 17:02:32', 'Inserción', 'asientos', 1, NULL),
(1498, '2025-07-11 17:02:32', 'Inserción', 'asientos', 1, NULL),
(1499, '2025-07-11 17:02:32', 'Inserción', 'asientos', 1, NULL),
(1500, '2025-07-11 17:02:32', 'Inserción', 'asientos', 1, NULL),
(1501, '2025-07-11 17:02:32', 'Inserción', 'asientos', 1, NULL),
(1502, '2025-07-11 17:02:32', 'Inserción', 'asientos', 1, NULL),
(1503, '2025-07-11 17:02:32', 'Inserción', 'asientos', 1, NULL),
(1504, '2025-07-11 17:02:32', 'Inserción', 'asientos', 1, NULL),
(1505, '2025-07-11 17:02:32', 'Inserción', 'asientos', 1, NULL),
(1506, '2025-07-11 17:02:32', 'Inserción', 'asientos', 1, NULL),
(1507, '2025-07-11 17:02:32', 'Inserción', 'asientos', 1, NULL),
(1508, '2025-07-11 17:02:32', 'Inserción', 'asientos', 1, NULL),
(1509, '2025-07-11 17:02:32', 'Inserción', 'asientos', 1, NULL),
(1510, '2025-07-11 17:02:32', 'Inserción', 'asientos', 1, NULL),
(1511, '2025-07-11 17:02:32', 'Inserción', 'asientos', 1, NULL),
(1512, '2025-07-11 17:02:32', 'Inserción', 'asientos', 1, NULL),
(1513, '2025-07-11 17:02:32', 'Inserción', 'asientos', 1, NULL),
(1514, '2025-07-11 17:02:32', 'Inserción', 'asientos', 1, NULL),
(1515, '2025-07-11 17:02:32', 'Inserción', 'asientos', 1, NULL),
(1516, '2025-07-11 17:02:32', 'Inserción', 'asientos', 1, NULL),
(1517, '2025-07-11 17:02:32', 'Inserción', 'asientos', 1, NULL),
(1518, '2025-07-11 17:02:32', 'Inserción', 'asientos', 1, NULL),
(1519, '2025-07-11 17:02:32', 'Inserción', 'asientos', 1, NULL),
(1520, '2025-07-11 17:02:32', 'Inserción', 'asientos', 1, NULL),
(1521, '2025-07-11 17:02:32', 'Inserción', 'asientos', 1, NULL),
(1522, '2025-07-11 17:02:32', 'Inserción', 'asientos', 1, NULL),
(1523, '2025-07-11 17:02:32', 'Inserción', 'asientos', 1, NULL),
(1524, '2025-07-11 17:02:32', 'Inserción', 'asientos', 1, NULL),
(1525, '2025-07-11 17:02:32', 'Inserción', 'asientos', 1, NULL),
(1526, '2025-07-11 17:02:32', 'Inserción', 'asientos', 1, NULL),
(1527, '2025-07-11 17:02:32', 'Inserción', 'asientos', 1, NULL),
(1528, '2025-07-11 17:02:32', 'Inserción', 'asientos', 1, NULL),
(1529, '2025-07-11 17:02:32', 'Inserción', 'asientos', 1, NULL),
(1530, '2025-07-11 17:02:32', 'Inserción', 'asientos', 1, NULL),
(1531, '2025-07-11 17:02:32', 'Inserción', 'asientos', 1, NULL),
(1532, '2025-07-11 17:02:32', 'Inserción', 'asientos', 1, NULL),
(1533, '2025-07-11 17:02:32', 'Inserción', 'asientos', 1, NULL),
(1534, '2025-07-11 17:02:32', 'Inserción', 'asientos', 1, NULL),
(1535, '2025-07-11 17:02:32', 'Inserción', 'asientos', 1, NULL),
(1536, '2025-07-11 17:02:32', 'Inserción', 'asientos', 1, NULL),
(1537, '2025-07-11 17:02:32', 'Inserción', 'asientos', 1, NULL),
(1538, '2025-07-11 17:02:32', 'Inserción', 'asientos', 1, NULL),
(1539, '2025-07-11 17:02:32', 'Inserción', 'asientos', 1, NULL),
(1540, '2025-07-11 17:02:32', 'Inserción', 'asientos', 1, NULL),
(1541, '2025-07-11 17:02:32', 'Inserción', 'asientos', 1, NULL),
(1542, '2025-07-11 17:02:32', 'Inserción', 'asientos', 1, NULL),
(1543, '2025-07-11 17:02:32', 'Inserción', 'asientos', 1, NULL),
(1544, '2025-07-11 17:02:32', 'Inserción', 'asientos', 1, NULL),
(1545, '2025-07-11 17:02:32', 'Inserción', 'asientos', 1, NULL),
(1546, '2025-07-11 17:02:32', 'Inserción', 'asientos', 1, NULL),
(1547, '2025-07-11 17:02:32', 'Inserción', 'asientos', 1, NULL),
(1548, '2025-07-11 17:02:32', 'Inserción', 'asientos', 1, NULL),
(1549, '2025-07-11 17:02:32', 'Inserción', 'asientos', 1, NULL),
(1550, '2025-07-11 17:02:32', 'Inserción', 'asientos', 1, NULL),
(1551, '2025-07-11 17:02:32', 'Inserción', 'asientos', 1, NULL),
(1552, '2025-07-11 17:02:32', 'Inserción', 'asientos', 1, NULL),
(1553, '2025-07-11 17:02:32', 'Inserción', 'asientos', 1, NULL),
(1554, '2025-07-11 17:02:32', 'Inserción', 'asientos', 1, NULL),
(1555, '2025-07-11 17:02:32', 'Inserción', 'asientos', 1, NULL),
(1556, '2025-07-11 17:02:32', 'Inserción', 'asientos', 1, NULL),
(1557, '2025-07-11 17:02:32', 'Inserción', 'asientos', 1, NULL),
(1558, '2025-07-11 17:02:32', 'Inserción', 'asientos', 1, NULL),
(1559, '2025-07-11 17:02:33', 'Inserción', 'asientos', 1, NULL),
(1560, '2025-07-11 17:02:33', 'Inserción', 'asientos', 1, NULL),
(1561, '2025-07-11 17:02:33', 'Inserción', 'asientos', 1, NULL),
(1562, '2025-07-11 17:02:33', 'Inserción', 'asientos', 1, NULL),
(1563, '2025-07-11 17:02:33', 'Inserción', 'asientos', 1, NULL),
(1564, '2025-07-11 17:02:33', 'Inserción', 'asientos', 1, NULL),
(1565, '2025-07-11 17:02:33', 'Inserción', 'asientos', 1, NULL),
(1566, '2025-07-11 17:02:33', 'Inserción', 'asientos', 1, NULL),
(1567, '2025-07-11 17:02:33', 'Inserción', 'asientos', 1, NULL),
(1568, '2025-07-11 17:02:33', 'Inserción', 'asientos', 1, NULL),
(1569, '2025-07-11 17:02:33', 'Inserción', 'asientos', 1, NULL),
(1570, '2025-07-11 17:02:33', 'Inserción', 'asientos', 1, NULL),
(1571, '2025-07-11 17:02:33', 'Inserción', 'asientos', 1, NULL),
(1572, '2025-07-11 17:02:33', 'Inserción', 'asientos', 1, NULL),
(1573, '2025-07-11 17:02:33', 'Inserción', 'asientos', 1, NULL),
(1574, '2025-07-11 17:02:33', 'Inserción', 'asientos', 1, NULL),
(1575, '2025-07-11 17:02:33', 'Inserción', 'asientos', 1, NULL),
(1576, '2025-07-11 17:02:33', 'Inserción', 'asientos', 1, NULL),
(1577, '2025-07-11 17:02:33', 'Inserción', 'asientos', 1, NULL),
(1578, '2025-07-11 17:02:33', 'Inserción', 'asientos', 1, NULL),
(1579, '2025-07-11 17:02:33', 'Inserción', 'asientos', 1, NULL),
(1580, '2025-07-11 17:02:33', 'Inserción', 'asientos', 1, NULL),
(1581, '2025-07-11 17:02:33', 'Inserción', 'asientos', 1, NULL),
(1582, '2025-07-11 17:02:33', 'Inserción', 'asientos', 1, NULL),
(1583, '2025-07-11 17:02:33', 'Inserción', 'asientos', 1, NULL),
(1584, '2025-07-11 17:02:33', 'Inserción', 'asientos', 1, NULL),
(1585, '2025-07-11 17:02:33', 'Inserción', 'asientos', 1, NULL),
(1586, '2025-07-11 17:02:33', 'Inserción', 'asientos', 1, NULL),
(1587, '2025-07-11 17:02:33', 'Inserción', 'asientos', 1, NULL),
(1588, '2025-07-11 17:02:33', 'Inserción', 'asientos', 1, NULL),
(1589, '2025-07-11 17:02:33', 'Inserción', 'asientos', 1, NULL),
(1590, '2025-07-11 17:02:33', 'Inserción', 'asientos', 1, NULL),
(1591, '2025-07-11 17:02:33', 'Inserción', 'asientos', 1, NULL),
(1592, '2025-07-11 17:02:33', 'Inserción', 'asientos', 1, NULL),
(1593, '2025-07-11 17:02:33', 'Inserción', 'asientos', 1, NULL),
(1594, '2025-07-11 17:02:33', 'Inserción', 'asientos', 1, NULL),
(1595, '2025-07-11 17:02:33', 'Inserción', 'asientos', 1, NULL),
(1596, '2025-07-11 17:02:33', 'Inserción', 'asientos', 1, NULL),
(1597, '2025-07-11 17:02:33', 'Inserción', 'asientos', 1, NULL),
(1598, '2025-07-11 17:02:33', 'Inserción', 'asientos', 1, NULL),
(1599, '2025-07-11 17:02:33', 'Inserción', 'asientos', 1, NULL),
(1600, '2025-07-11 17:02:33', 'Inserción', 'asientos', 1, NULL),
(1601, '2025-07-11 17:02:33', 'Inserción', 'asientos', 1, NULL),
(1602, '2025-07-11 17:02:33', 'Inserción', 'asientos', 1, NULL),
(1603, '2025-07-11 17:02:33', 'Inserción', 'asientos', 1, NULL),
(1604, '2025-07-11 17:02:33', 'Inserción', 'asientos', 1, NULL),
(1605, '2025-07-11 17:02:33', 'Inserción', 'asientos', 1, NULL),
(1606, '2025-07-11 17:02:33', 'Inserción', 'asientos', 1, NULL),
(1607, '2025-07-11 17:02:33', 'Inserción', 'asientos', 1, NULL),
(1608, '2025-07-11 17:02:33', 'Inserción', 'asientos', 1, NULL),
(1609, '2025-07-11 17:02:33', 'Inserción', 'asientos', 1, NULL),
(1610, '2025-07-11 17:02:33', 'Inserción', 'asientos', 1, NULL),
(1611, '2025-07-11 17:02:33', 'Inserción', 'asientos', 1, NULL),
(1612, '2025-07-11 17:02:33', 'Inserción', 'asientos', 1, NULL),
(1613, '2025-07-11 17:02:33', 'Inserción', 'asientos', 1, NULL),
(1614, '2025-07-11 17:02:33', 'Inserción', 'asientos', 1, NULL),
(1615, '2025-07-11 17:02:33', 'Inserción', 'asientos', 1, NULL);
INSERT INTO `historial` (`id_historial`, `fecha`, `accion`, `tabla`, `cantidad`, `funcionario_cedula`) VALUES
(1616, '2025-07-11 17:02:33', 'Inserción', 'asientos', 1, NULL),
(1617, '2025-07-11 17:02:33', 'Inserción', 'asientos', 1, NULL),
(1618, '2025-07-11 17:02:33', 'Inserción', 'asientos', 1, NULL),
(1619, '2025-07-11 17:02:33', 'Inserción', 'asientos', 1, NULL),
(1620, '2025-07-11 17:02:33', 'Inserción', 'asientos', 1, NULL),
(1621, '2025-07-11 17:02:33', 'Inserción', 'asientos', 1, NULL),
(1622, '2025-07-11 17:02:33', 'Inserción', 'asientos', 1, NULL),
(1623, '2025-07-11 17:02:33', 'Inserción', 'asientos', 1, NULL),
(1624, '2025-07-11 17:02:33', 'Inserción', 'asientos', 1, NULL),
(1625, '2025-07-11 17:02:33', 'Inserción', 'asientos', 1, NULL),
(1626, '2025-07-11 17:02:33', 'Inserción', 'asientos', 1, NULL),
(1627, '2025-07-11 17:02:33', 'Inserción', 'asientos', 1, NULL),
(1628, '2025-07-11 17:02:33', 'Inserción', 'asientos', 1, NULL),
(1629, '2025-07-11 17:02:33', 'Inserción', 'asientos', 1, NULL),
(1630, '2025-07-11 17:02:33', 'Inserción', 'asientos', 1, NULL),
(1631, '2025-07-11 17:02:33', 'Inserción', 'asientos', 1, NULL),
(1632, '2025-07-11 17:02:33', 'Inserción', 'asientos', 1, NULL),
(1633, '2025-07-11 17:02:33', 'Inserción', 'asientos', 1, NULL),
(1634, '2025-07-11 17:02:33', 'Inserción', 'asientos', 1, NULL),
(1635, '2025-07-11 17:02:33', 'Inserción', 'asientos', 1, NULL),
(1636, '2025-07-11 17:02:33', 'Inserción', 'asientos', 1, NULL),
(1637, '2025-07-11 17:02:33', 'Inserción', 'asientos', 1, NULL),
(1638, '2025-07-11 17:02:33', 'Inserción', 'asientos', 1, NULL),
(1639, '2025-07-11 17:02:33', 'Inserción', 'asientos', 1, NULL),
(1640, '2025-07-11 17:02:33', 'Inserción', 'asientos', 1, NULL),
(1641, '2025-07-11 17:02:33', 'Inserción', 'asientos', 1, NULL),
(1642, '2025-07-11 17:02:33', 'Inserción', 'asientos', 1, NULL),
(1643, '2025-07-11 17:02:33', 'Inserción', 'asientos', 1, NULL),
(1644, '2025-07-11 17:02:33', 'Inserción', 'asientos', 1, NULL),
(1645, '2025-07-11 17:02:33', 'Inserción', 'asientos', 1, NULL),
(1646, '2025-07-11 17:02:33', 'Inserción', 'asientos', 1, NULL),
(1647, '2025-07-11 17:02:33', 'Inserción', 'asientos', 1, NULL),
(1648, '2025-07-11 17:02:33', 'Inserción', 'asientos', 1, NULL),
(1649, '2025-07-11 17:02:33', 'Inserción', 'asientos', 1, NULL),
(1650, '2025-07-11 17:02:33', 'Inserción', 'asientos', 1, NULL),
(1651, '2025-07-11 17:02:33', 'Inserción', 'asientos', 1, NULL),
(1652, '2025-07-11 17:02:33', 'Inserción', 'asientos', 1, NULL),
(1653, '2025-07-11 17:02:33', 'Inserción', 'asientos', 1, NULL),
(1654, '2025-07-11 17:02:33', 'Inserción', 'asientos', 1, NULL),
(1655, '2025-07-11 17:02:33', 'Inserción', 'asientos', 1, NULL),
(1656, '2025-07-11 17:02:33', 'Inserción', 'asientos', 1, NULL),
(1657, '2025-07-11 17:02:33', 'Inserción', 'asientos', 1, NULL),
(1658, '2025-07-11 17:02:33', 'Inserción', 'asientos', 1, NULL),
(1659, '2025-07-11 17:02:33', 'Inserción', 'asientos', 1, NULL),
(1660, '2025-07-11 17:02:33', 'Inserción', 'asientos', 1, NULL),
(1661, '2025-07-11 17:02:33', 'Inserción', 'asientos', 1, NULL),
(1662, '2025-07-11 17:02:33', 'Inserción', 'asientos', 1, NULL),
(1663, '2025-07-11 17:02:33', 'Inserción', 'asientos', 1, NULL),
(1664, '2025-07-11 17:02:33', 'Inserción', 'asientos', 1, NULL),
(1665, '2025-07-11 17:02:33', 'Inserción', 'asientos', 1, NULL),
(1666, '2025-07-11 17:02:33', 'Inserción', 'asientos', 1, NULL),
(1667, '2025-07-11 17:02:33', 'Inserción', 'asientos', 1, NULL),
(1668, '2025-07-11 17:02:33', 'Inserción', 'asientos', 1, NULL),
(1669, '2025-07-11 17:02:33', 'Inserción', 'asientos', 1, NULL),
(1670, '2025-07-11 17:02:33', 'Inserción', 'asientos', 1, NULL),
(1671, '2025-07-11 17:02:33', 'Inserción', 'asientos', 1, NULL),
(1672, '2025-07-11 17:02:33', 'Inserción', 'asientos', 1, NULL),
(1673, '2025-07-11 17:02:33', 'Inserción', 'asientos', 1, NULL),
(1674, '2025-07-11 17:02:33', 'Inserción', 'asientos', 1, NULL),
(1675, '2025-07-11 17:02:33', 'Inserción', 'asientos', 1, NULL),
(1676, '2025-07-11 17:02:33', 'Inserción', 'asientos', 1, NULL),
(1677, '2025-07-11 17:02:33', 'Inserción', 'asientos', 1, NULL),
(1678, '2025-07-11 17:02:33', 'Inserción', 'asientos', 1, NULL),
(1679, '2025-07-11 17:02:33', 'Inserción', 'asientos', 1, NULL),
(1680, '2025-07-11 17:02:33', 'Inserción', 'asientos', 1, NULL),
(1681, '2025-07-11 17:02:33', 'Inserción', 'asientos', 1, NULL),
(1682, '2025-07-11 17:02:33', 'Inserción', 'asientos', 1, NULL),
(1683, '2025-07-11 17:02:33', 'Inserción', 'asientos', 1, NULL),
(1684, '2025-07-11 17:02:33', 'Inserción', 'asientos', 1, NULL),
(1685, '2025-07-11 17:02:33', 'Inserción', 'asientos', 1, NULL),
(1686, '2025-07-11 17:02:33', 'Inserción', 'asientos', 1, NULL),
(1687, '2025-07-11 17:02:33', 'Inserción', 'asientos', 1, NULL),
(1688, '2025-07-11 17:02:33', 'Inserción', 'asientos', 1, NULL),
(1689, '2025-07-11 17:02:33', 'Inserción', 'asientos', 1, NULL),
(1690, '2025-07-11 17:02:33', 'Inserción', 'asientos', 1, NULL),
(1691, '2025-07-11 17:02:33', 'Inserción', 'asientos', 1, NULL),
(1692, '2025-07-11 17:02:33', 'Inserción', 'asientos', 1, NULL),
(1693, '2025-07-11 17:02:33', 'Inserción', 'asientos', 1, NULL),
(1694, '2025-07-11 17:02:33', 'Inserción', 'asientos', 1, NULL),
(1695, '2025-07-11 17:02:33', 'Inserción', 'asientos', 1, NULL),
(1696, '2025-07-11 17:02:33', 'Inserción', 'asientos', 1, NULL),
(1697, '2025-07-11 17:02:33', 'Inserción', 'asientos', 1, NULL),
(1698, '2025-07-11 17:02:33', 'Inserción', 'asientos', 1, NULL),
(1699, '2025-07-11 17:02:33', 'Inserción', 'asientos', 1, NULL),
(1700, '2025-07-11 17:02:33', 'Inserción', 'asientos', 1, NULL),
(1701, '2025-07-11 17:02:33', 'Inserción', 'asientos', 1, NULL),
(1702, '2025-07-11 17:02:33', 'Inserción', 'asientos', 1, NULL),
(1703, '2025-07-11 17:02:33', 'Inserción', 'asientos', 1, NULL),
(1704, '2025-07-11 17:02:33', 'Inserción', 'asientos', 1, NULL),
(1705, '2025-07-11 17:02:33', 'Inserción', 'asientos', 1, NULL),
(1706, '2025-07-11 17:02:33', 'Inserción', 'asientos', 1, NULL),
(1707, '2025-07-11 17:02:33', 'Inserción', 'asientos', 1, NULL),
(1708, '2025-07-11 17:02:33', 'Inserción', 'asientos', 1, NULL),
(1709, '2025-07-11 17:02:33', 'Inserción', 'asientos', 1, NULL),
(1710, '2025-07-11 17:02:33', 'Inserción', 'asientos', 1, NULL),
(1711, '2025-07-11 17:02:33', 'Inserción', 'asientos', 1, NULL),
(1712, '2025-07-11 17:02:33', 'Inserción', 'asientos', 1, NULL),
(1713, '2025-07-11 17:02:33', 'Inserción', 'asientos', 1, NULL),
(1714, '2025-07-11 17:02:33', 'Inserción', 'asientos', 1, NULL),
(1715, '2025-07-11 17:02:33', 'Inserción', 'asientos', 1, NULL),
(1716, '2025-07-11 17:02:33', 'Inserción', 'asientos', 1, NULL),
(1717, '2025-07-11 17:02:33', 'Inserción', 'asientos', 1, NULL),
(1718, '2025-07-11 17:02:33', 'Inserción', 'asientos', 1, NULL),
(1719, '2025-07-11 17:02:33', 'Inserción', 'asientos', 1, NULL),
(1720, '2025-07-11 17:02:33', 'Inserción', 'asientos', 1, NULL),
(1721, '2025-07-11 17:02:33', 'Inserción', 'asientos', 1, NULL),
(1722, '2025-07-11 17:02:33', 'Inserción', 'asientos', 1, NULL),
(1723, '2025-07-11 17:02:33', 'Inserción', 'asientos', 1, NULL),
(1724, '2025-07-11 17:02:33', 'Inserción', 'asientos', 1, NULL),
(1725, '2025-07-11 17:02:33', 'Inserción', 'asientos', 1, NULL),
(1726, '2025-07-11 17:02:33', 'Inserción', 'asientos', 1, NULL),
(1727, '2025-07-11 17:02:33', 'Inserción', 'asientos', 1, NULL),
(1728, '2025-07-11 17:02:33', 'Inserción', 'asientos', 1, NULL),
(1729, '2025-07-11 17:02:33', 'Inserción', 'asientos', 1, NULL),
(1730, '2025-07-11 17:02:33', 'Inserción', 'asientos', 1, NULL),
(1731, '2025-07-11 17:02:33', 'Inserción', 'asientos', 1, NULL),
(1732, '2025-07-11 17:02:33', 'Inserción', 'asientos', 1, NULL),
(1733, '2025-07-11 17:02:33', 'Inserción', 'asientos', 1, NULL),
(1734, '2025-07-11 17:02:33', 'Inserción', 'asientos', 1, NULL),
(1735, '2025-07-11 17:02:33', 'Inserción', 'asientos', 1, NULL),
(1736, '2025-07-11 17:02:33', 'Inserción', 'asientos', 1, NULL),
(1737, '2025-07-11 17:02:33', 'Inserción', 'asientos', 1, NULL),
(1738, '2025-07-11 17:02:33', 'Inserción', 'asientos', 1, NULL),
(1739, '2025-07-11 17:02:33', 'Inserción', 'asientos', 1, NULL),
(1740, '2025-07-11 17:02:33', 'Inserción', 'asientos', 1, NULL),
(1741, '2025-07-11 17:02:33', 'Inserción', 'asientos', 1, NULL),
(1742, '2025-07-11 17:02:33', 'Inserción', 'asientos', 1, NULL),
(1743, '2025-07-11 17:02:33', 'Inserción', 'asientos', 1, NULL),
(1744, '2025-07-11 17:02:33', 'Inserción', 'asientos', 1, NULL),
(1745, '2025-07-11 17:02:33', 'Inserción', 'asientos', 1, NULL),
(1746, '2025-07-11 17:02:33', 'Inserción', 'asientos', 1, NULL),
(1747, '2025-07-11 17:02:33', 'Inserción', 'asientos', 1, NULL),
(1748, '2025-07-11 17:02:33', 'Inserción', 'asientos', 1, NULL),
(1749, '2025-07-11 17:02:33', 'Inserción', 'asientos', 1, NULL),
(1750, '2025-07-11 17:02:33', 'Inserción', 'asientos', 1, NULL),
(1751, '2025-07-11 17:02:33', 'Inserción', 'asientos', 1, NULL),
(1752, '2025-07-11 17:02:33', 'Inserción', 'asientos', 1, NULL),
(1753, '2025-07-11 17:02:33', 'Inserción', 'asientos', 1, NULL),
(1754, '2025-07-11 17:02:33', 'Inserción', 'asientos', 1, NULL),
(1755, '2025-07-11 17:02:33', 'Inserción', 'asientos', 1, NULL),
(1756, '2025-07-11 17:02:33', 'Inserción', 'asientos', 1, NULL),
(1757, '2025-07-11 17:02:33', 'Inserción', 'asientos', 1, NULL),
(1758, '2025-07-11 17:02:33', 'Inserción', 'asientos', 1, NULL),
(1759, '2025-07-11 17:02:33', 'Inserción', 'asientos', 1, NULL),
(1760, '2025-07-11 17:02:33', 'Inserción', 'asientos', 1, NULL),
(1761, '2025-07-11 17:02:33', 'Inserción', 'asientos', 1, NULL),
(1762, '2025-07-11 17:02:33', 'Inserción', 'asientos', 1, NULL),
(1763, '2025-07-11 17:02:33', 'Inserción', 'asientos', 1, NULL),
(1764, '2025-07-11 17:02:33', 'Inserción', 'asientos', 1, NULL),
(1765, '2025-07-11 17:02:33', 'Inserción', 'asientos', 1, NULL),
(1766, '2025-07-11 17:02:33', 'Inserción', 'asientos', 1, NULL),
(1767, '2025-07-11 17:02:33', 'Inserción', 'asientos', 1, NULL),
(1768, '2025-07-11 17:02:33', 'Inserción', 'asientos', 1, NULL),
(1769, '2025-07-11 17:02:33', 'Inserción', 'asientos', 1, NULL),
(1770, '2025-07-11 17:02:33', 'Inserción', 'asientos', 1, NULL),
(1771, '2025-07-11 17:02:33', 'Inserción', 'asientos', 1, NULL),
(1772, '2025-07-11 17:02:33', 'Inserción', 'asientos', 1, NULL),
(1773, '2025-07-11 17:02:33', 'Inserción', 'asientos', 1, NULL),
(1774, '2025-07-11 17:02:33', 'Inserción', 'asientos', 1, NULL),
(1775, '2025-07-11 17:02:33', 'Inserción', 'asientos', 1, NULL),
(1776, '2025-07-11 17:02:33', 'Inserción', 'asientos', 1, NULL),
(1777, '2025-07-11 17:02:33', 'Inserción', 'asientos', 1, NULL),
(1778, '2025-07-11 17:02:33', 'Inserción', 'asientos', 1, NULL),
(1779, '2025-07-11 17:02:33', 'Inserción', 'asientos', 1, NULL),
(1780, '2025-07-11 17:02:33', 'Inserción', 'asientos', 1, NULL),
(1781, '2025-07-11 17:02:33', 'Inserción', 'asientos', 1, NULL),
(1782, '2025-07-11 17:02:33', 'Inserción', 'asientos', 1, NULL),
(1783, '2025-07-11 17:02:33', 'Inserción', 'asientos', 1, NULL),
(1784, '2025-07-11 17:02:33', 'Inserción', 'asientos', 1, NULL),
(1785, '2025-07-11 17:02:33', 'Inserción', 'asientos', 1, NULL),
(1786, '2025-07-11 17:02:33', 'Inserción', 'asientos', 1, NULL),
(1787, '2025-07-11 17:02:33', 'Inserción', 'asientos', 1, NULL),
(1788, '2025-07-11 17:02:33', 'Inserción', 'asientos', 1, NULL),
(1789, '2025-07-11 17:02:33', 'Inserción', 'asientos', 1, NULL),
(1790, '2025-07-11 17:02:33', 'Inserción', 'asientos', 1, NULL),
(1791, '2025-07-11 17:02:33', 'Inserción', 'asientos', 1, NULL),
(1792, '2025-07-11 17:02:33', 'Inserción', 'asientos', 1, NULL),
(1793, '2025-07-11 17:02:33', 'Inserción', 'asientos', 1, NULL),
(1794, '2025-07-11 17:02:33', 'Inserción', 'asientos', 1, NULL),
(1795, '2025-07-11 17:02:33', 'Inserción', 'asientos', 1, NULL),
(1796, '2025-07-11 17:02:33', 'Inserción', 'asientos', 1, NULL),
(1797, '2025-07-11 17:02:33', 'Inserción', 'asientos', 1, NULL),
(1798, '2025-07-11 17:02:33', 'Inserción', 'asientos', 1, NULL),
(1799, '2025-07-11 17:02:33', 'Inserción', 'asientos', 1, NULL),
(1800, '2025-07-11 17:02:33', 'Inserción', 'asientos', 1, NULL),
(1801, '2025-07-11 17:02:33', 'Inserción', 'asientos', 1, NULL),
(1802, '2025-07-11 17:02:33', 'Inserción', 'asientos', 1, NULL),
(1803, '2025-07-11 17:02:33', 'Inserción', 'asientos', 1, NULL),
(1804, '2025-07-11 17:02:33', 'Inserción', 'asientos', 1, NULL),
(1805, '2025-07-11 17:02:33', 'Inserción', 'asientos', 1, NULL),
(1806, '2025-07-11 17:02:33', 'Inserción', 'asientos', 1, NULL),
(1807, '2025-07-11 17:02:33', 'Inserción', 'asientos', 1, NULL),
(1808, '2025-07-11 17:02:33', 'Inserción', 'asientos', 1, NULL),
(1809, '2025-07-11 17:02:33', 'Inserción', 'asientos', 1, NULL),
(1810, '2025-07-11 17:02:33', 'Inserción', 'asientos', 1, NULL),
(1811, '2025-07-11 17:02:33', 'Inserción', 'asientos', 1, NULL),
(1812, '2025-07-11 17:02:33', 'Inserción', 'asientos', 1, NULL),
(1813, '2025-07-11 17:02:33', 'Inserción', 'asientos', 1, NULL),
(1814, '2025-07-11 17:02:33', 'Inserción', 'asientos', 1, NULL),
(1815, '2025-07-11 17:02:33', 'Inserción', 'asientos', 1, NULL),
(1816, '2025-07-11 17:02:33', 'Inserción', 'asientos', 1, NULL),
(1817, '2025-07-11 17:02:33', 'Inserción', 'asientos', 1, NULL),
(1818, '2025-07-11 17:02:33', 'Inserción', 'asientos', 1, NULL),
(1819, '2025-07-11 17:02:33', 'Inserción', 'asientos', 1, NULL),
(1820, '2025-07-11 17:02:33', 'Inserción', 'asientos', 1, NULL),
(1821, '2025-07-11 17:02:33', 'Inserción', 'asientos', 1, NULL),
(1822, '2025-07-11 17:02:33', 'Inserción', 'asientos', 1, NULL),
(1823, '2025-07-11 17:02:33', 'Inserción', 'asientos', 1, NULL),
(1824, '2025-07-11 17:02:33', 'Inserción', 'asientos', 1, NULL),
(1825, '2025-07-11 17:02:33', 'Inserción', 'asientos', 1, NULL),
(1826, '2025-07-11 17:02:33', 'Inserción', 'asientos', 1, NULL),
(1827, '2025-07-11 17:02:33', 'Inserción', 'asientos', 1, NULL),
(1828, '2025-07-11 17:02:33', 'Inserción', 'asientos', 1, NULL),
(1829, '2025-07-11 17:02:33', 'Inserción', 'asientos', 1, NULL),
(1830, '2025-07-11 17:02:33', 'Inserción', 'asientos', 1, NULL),
(1831, '2025-07-11 17:02:33', 'Inserción', 'asientos', 1, NULL),
(1832, '2025-07-11 17:02:33', 'Inserción', 'asientos', 1, NULL),
(1833, '2025-07-11 17:02:33', 'Inserción', 'asientos', 1, NULL),
(1834, '2025-07-11 17:02:33', 'Inserción', 'asientos', 1, NULL),
(1835, '2025-07-11 17:02:33', 'Inserción', 'asientos', 1, NULL),
(1836, '2025-07-11 17:02:33', 'Inserción', 'asientos', 1, NULL),
(1837, '2025-07-11 17:02:33', 'Inserción', 'asientos', 1, NULL),
(1838, '2025-07-11 17:02:33', 'Inserción', 'asientos', 1, NULL),
(1839, '2025-07-11 17:02:33', 'Inserción', 'asientos', 1, NULL),
(1840, '2025-07-11 17:02:33', 'Inserción', 'asientos', 1, NULL),
(1841, '2025-07-11 17:02:33', 'Inserción', 'asientos', 1, NULL),
(1842, '2025-07-11 17:02:33', 'Inserción', 'asientos', 1, NULL),
(1843, '2025-07-11 17:02:33', 'Inserción', 'asientos', 1, NULL),
(1844, '2025-07-11 17:02:33', 'Inserción', 'asientos', 1, NULL),
(1845, '2025-07-11 17:02:33', 'Inserción', 'asientos', 1, NULL),
(1846, '2025-07-11 17:02:33', 'Inserción', 'asientos', 1, NULL),
(1847, '2025-07-11 17:02:33', 'Inserción', 'asientos', 1, NULL),
(1848, '2025-07-11 17:02:33', 'Inserción', 'asientos', 1, NULL),
(1849, '2025-07-11 17:02:33', 'Inserción', 'asientos', 1, NULL),
(1850, '2025-07-11 17:02:33', 'Inserción', 'asientos', 1, NULL),
(1851, '2025-07-11 17:02:33', 'Inserción', 'asientos', 1, NULL),
(1852, '2025-07-11 17:02:33', 'Inserción', 'asientos', 1, NULL),
(1853, '2025-07-11 17:02:33', 'Inserción', 'asientos', 1, NULL),
(1854, '2025-07-11 17:02:33', 'Inserción', 'asientos', 1, NULL),
(1855, '2025-07-11 17:02:33', 'Inserción', 'asientos', 1, NULL),
(1856, '2025-07-11 17:02:33', 'Inserción', 'asientos', 1, NULL),
(1857, '2025-07-11 17:02:33', 'Inserción', 'asientos', 1, NULL),
(1858, '2025-07-11 17:02:33', 'Inserción', 'asientos', 1, NULL),
(1859, '2025-07-11 17:02:33', 'Inserción', 'asientos', 1, NULL),
(1860, '2025-07-11 17:02:33', 'Inserción', 'asientos', 1, NULL),
(1861, '2025-07-11 17:02:33', 'Inserción', 'asientos', 1, NULL),
(1862, '2025-07-11 17:02:33', 'Inserción', 'asientos', 1, NULL),
(1863, '2025-07-11 17:02:33', 'Inserción', 'asientos', 1, NULL),
(1864, '2025-07-11 17:02:33', 'Inserción', 'asientos', 1, NULL),
(1865, '2025-07-11 17:02:33', 'Inserción', 'asientos', 1, NULL),
(1866, '2025-07-11 17:02:33', 'Inserción', 'asientos', 1, NULL),
(1867, '2025-07-11 17:02:33', 'Inserción', 'asientos', 1, NULL),
(1868, '2025-07-11 17:02:33', 'Inserción', 'asientos', 1, NULL),
(1869, '2025-07-11 17:02:33', 'Inserción', 'asientos', 1, NULL),
(1870, '2025-07-11 17:02:33', 'Inserción', 'asientos', 1, NULL),
(1871, '2025-07-11 17:02:33', 'Inserción', 'asientos', 1, NULL),
(1872, '2025-07-11 17:02:33', 'Inserción', 'asientos', 1, NULL),
(1873, '2025-07-11 17:02:33', 'Inserción', 'asientos', 1, NULL),
(1874, '2025-07-11 17:02:33', 'Inserción', 'asientos', 1, NULL),
(1875, '2025-07-11 17:02:33', 'Inserción', 'asientos', 1, NULL),
(1876, '2025-07-11 17:02:33', 'Inserción', 'asientos', 1, NULL),
(1877, '2025-07-11 17:02:33', 'Inserción', 'asientos', 1, NULL),
(1878, '2025-07-11 17:02:33', 'Inserción', 'asientos', 1, NULL),
(1879, '2025-07-11 17:02:33', 'Inserción', 'asientos', 1, NULL),
(1880, '2025-07-11 17:02:33', 'Inserción', 'asientos', 1, NULL),
(1881, '2025-07-11 17:02:33', 'Inserción', 'asientos', 1, NULL),
(1882, '2025-07-11 17:02:33', 'Inserción', 'asientos', 1, NULL),
(1883, '2025-07-11 17:02:33', 'Inserción', 'asientos', 1, NULL),
(1884, '2025-07-11 17:02:33', 'Inserción', 'asientos', 1, NULL),
(1885, '2025-07-11 17:02:33', 'Inserción', 'asientos', 1, NULL),
(1886, '2025-07-11 17:02:33', 'Inserción', 'asientos', 1, NULL),
(1887, '2025-07-11 17:02:33', 'Inserción', 'asientos', 1, NULL),
(1888, '2025-07-11 17:02:33', 'Inserción', 'asientos', 1, NULL),
(1889, '2025-07-11 17:02:33', 'Inserción', 'asientos', 1, NULL),
(1890, '2025-07-11 17:02:33', 'Inserción', 'asientos', 1, NULL),
(1891, '2025-07-11 17:02:33', 'Inserción', 'asientos', 1, NULL),
(1892, '2025-07-11 17:02:33', 'Inserción', 'asientos', 1, NULL),
(1893, '2025-07-11 17:02:33', 'Inserción', 'asientos', 1, NULL),
(1894, '2025-07-11 17:02:33', 'Inserción', 'asientos', 1, NULL),
(1895, '2025-07-11 17:02:33', 'Inserción', 'asientos', 1, NULL),
(1896, '2025-07-11 17:02:33', 'Inserción', 'asientos', 1, NULL),
(1897, '2025-07-11 17:02:33', 'Inserción', 'asientos', 1, NULL),
(1898, '2025-07-11 17:02:33', 'Inserción', 'asientos', 1, NULL),
(1899, '2025-07-11 17:02:33', 'Inserción', 'asientos', 1, NULL),
(1900, '2025-07-11 17:02:33', 'Inserción', 'asientos', 1, NULL),
(1901, '2025-07-11 17:02:33', 'Inserción', 'asientos', 1, NULL),
(1902, '2025-07-11 17:02:33', 'Inserción', 'asientos', 1, NULL),
(1903, '2025-07-11 17:02:33', 'Inserción', 'asientos', 1, NULL),
(1904, '2025-07-11 17:02:33', 'Inserción', 'asientos', 1, NULL),
(1905, '2025-07-11 17:02:33', 'Inserción', 'asientos', 1, NULL),
(1906, '2025-07-11 17:02:33', 'Inserción', 'asientos', 1, NULL),
(1907, '2025-07-11 17:02:33', 'Inserción', 'asientos', 1, NULL),
(1908, '2025-07-11 17:02:33', 'Inserción', 'asientos', 1, NULL),
(1909, '2025-07-11 17:02:33', 'Inserción', 'asientos', 1, NULL),
(1910, '2025-07-11 17:02:33', 'Inserción', 'asientos', 1, NULL),
(1911, '2025-07-11 17:02:33', 'Inserción', 'asientos', 1, NULL),
(1912, '2025-07-11 17:02:33', 'Inserción', 'asientos', 1, NULL),
(1913, '2025-07-11 17:02:33', 'Inserción', 'asientos', 1, NULL),
(1914, '2025-07-11 17:02:33', 'Inserción', 'asientos', 1, NULL),
(1915, '2025-07-11 17:02:33', 'Inserción', 'asientos', 1, NULL),
(1916, '2025-07-11 17:02:33', 'Inserción', 'asientos', 1, NULL),
(1917, '2025-07-11 17:02:33', 'Inserción', 'asientos', 1, NULL),
(1918, '2025-07-11 17:02:33', 'Inserción', 'asientos', 1, NULL),
(1919, '2025-07-11 17:02:33', 'Inserción', 'asientos', 1, NULL),
(1920, '2025-07-11 17:02:33', 'Inserción', 'asientos', 1, NULL),
(1921, '2025-07-11 17:02:33', 'Inserción', 'asientos', 1, NULL),
(1922, '2025-07-11 17:02:33', 'Inserción', 'asientos', 1, NULL),
(1923, '2025-07-11 17:02:33', 'Inserción', 'asientos', 1, NULL),
(1924, '2025-07-11 17:02:33', 'Inserción', 'asientos', 1, NULL),
(1925, '2025-07-11 17:02:33', 'Inserción', 'asientos', 1, NULL),
(1926, '2025-07-11 17:02:33', 'Inserción', 'asientos', 1, NULL),
(1927, '2025-07-11 17:02:33', 'Inserción', 'asientos', 1, NULL),
(1928, '2025-07-11 17:02:33', 'Inserción', 'asientos', 1, NULL),
(1929, '2025-07-11 17:02:33', 'Inserción', 'asientos', 1, NULL),
(1930, '2025-07-11 17:02:33', 'Inserción', 'asientos', 1, NULL),
(1931, '2025-07-11 17:02:33', 'Inserción', 'asientos', 1, NULL),
(1932, '2025-07-11 17:02:33', 'Inserción', 'asientos', 1, NULL),
(1933, '2025-07-11 17:02:33', 'Inserción', 'asientos', 1, NULL),
(1934, '2025-07-11 17:02:33', 'Inserción', 'asientos', 1, NULL),
(1935, '2025-07-11 17:02:33', 'Inserción', 'asientos', 1, NULL),
(1936, '2025-07-11 17:02:33', 'Inserción', 'asientos', 1, NULL),
(1937, '2025-07-11 17:02:33', 'Inserción', 'asientos', 1, NULL),
(1938, '2025-07-11 17:02:33', 'Inserción', 'asientos', 1, NULL),
(1939, '2025-07-11 17:02:33', 'Inserción', 'asientos', 1, NULL),
(1940, '2025-07-11 17:02:33', 'Inserción', 'asientos', 1, NULL),
(1941, '2025-07-11 17:02:33', 'Inserción', 'asientos', 1, NULL),
(1942, '2025-07-11 17:02:33', 'Inserción', 'asientos', 1, NULL),
(1943, '2025-07-11 17:02:33', 'Inserción', 'asientos', 1, NULL),
(1944, '2025-07-11 17:02:33', 'Inserción', 'asientos', 1, NULL),
(1945, '2025-07-11 17:02:33', 'Inserción', 'asientos', 1, NULL),
(1946, '2025-07-11 17:02:33', 'Inserción', 'asientos', 1, NULL),
(1947, '2025-07-11 17:02:33', 'Inserción', 'asientos', 1, NULL),
(1948, '2025-07-11 17:02:33', 'Inserción', 'asientos', 1, NULL),
(1949, '2025-07-11 17:02:33', 'Inserción', 'asientos', 1, NULL),
(1950, '2025-07-11 17:02:33', 'Inserción', 'asientos', 1, NULL),
(1951, '2025-07-11 17:02:33', 'Inserción', 'asientos', 1, NULL),
(1952, '2025-07-11 17:02:33', 'Inserción', 'asientos', 1, NULL),
(1953, '2025-07-11 17:02:33', 'Inserción', 'asientos', 1, NULL),
(1954, '2025-07-11 17:02:33', 'Inserción', 'asientos', 1, NULL),
(1955, '2025-07-11 17:02:33', 'Inserción', 'asientos', 1, NULL),
(1956, '2025-07-11 17:02:33', 'Inserción', 'asientos', 1, NULL),
(1957, '2025-07-11 17:02:33', 'Inserción', 'asientos', 1, NULL),
(1958, '2025-07-11 17:02:33', 'Inserción', 'asientos', 1, NULL),
(1959, '2025-07-11 17:02:33', 'Inserción', 'asientos', 1, NULL),
(1960, '2025-07-11 17:02:33', 'Inserción', 'asientos', 1, NULL),
(1961, '2025-07-11 17:02:33', 'Inserción', 'asientos', 1, NULL),
(1962, '2025-07-11 17:02:33', 'Inserción', 'asientos', 1, NULL),
(1963, '2025-07-11 17:02:33', 'Inserción', 'asientos', 1, NULL),
(1964, '2025-07-11 17:02:33', 'Inserción', 'asientos', 1, NULL),
(1965, '2025-07-11 17:02:33', 'Inserción', 'asientos', 1, NULL),
(1966, '2025-07-11 17:02:33', 'Inserción', 'asientos', 1, NULL),
(1967, '2025-07-11 17:02:33', 'Inserción', 'asientos', 1, NULL),
(1968, '2025-07-11 17:02:33', 'Inserción', 'asientos', 1, NULL),
(1969, '2025-07-11 17:02:33', 'Inserción', 'asientos', 1, NULL),
(1970, '2025-07-11 17:02:33', 'Inserción', 'asientos', 1, NULL),
(1971, '2025-07-11 17:02:33', 'Inserción', 'asientos', 1, NULL),
(1972, '2025-07-11 17:02:33', 'Inserción', 'asientos', 1, NULL),
(1973, '2025-07-11 17:02:33', 'Inserción', 'asientos', 1, NULL),
(1974, '2025-07-11 17:02:33', 'Inserción', 'asientos', 1, NULL),
(1975, '2025-07-11 17:02:33', 'Inserción', 'asientos', 1, NULL),
(1976, '2025-07-11 17:02:33', 'Inserción', 'asientos', 1, NULL),
(1977, '2025-07-11 17:02:33', 'Inserción', 'asientos', 1, NULL),
(1978, '2025-07-11 17:04:34', 'Borrado', 'asientos', 1, NULL),
(1979, '2025-07-11 17:04:34', 'Borrado', 'asientos', 1, NULL),
(1980, '2025-07-11 17:04:34', 'Borrado', 'asientos', 1, NULL),
(1981, '2025-07-11 17:04:34', 'Borrado', 'asientos', 1, NULL),
(1982, '2025-07-11 17:04:34', 'Borrado', 'asientos', 1, NULL),
(1983, '2025-07-11 17:04:34', 'Borrado', 'asientos', 1, NULL),
(1984, '2025-07-11 17:04:34', 'Borrado', 'asientos', 1, NULL),
(1985, '2025-07-11 17:04:34', 'Borrado', 'asientos', 1, NULL),
(1986, '2025-07-11 17:04:34', 'Borrado', 'asientos', 1, NULL),
(1987, '2025-07-11 17:04:34', 'Borrado', 'asientos', 1, NULL),
(1988, '2025-07-11 17:04:34', 'Borrado', 'asientos', 1, NULL),
(1989, '2025-07-11 17:04:34', 'Borrado', 'asientos', 1, NULL),
(1990, '2025-07-11 17:04:34', 'Borrado', 'asientos', 1, NULL),
(1991, '2025-07-11 17:04:34', 'Borrado', 'asientos', 1, NULL),
(1992, '2025-07-11 17:04:34', 'Borrado', 'asientos', 1, NULL),
(1993, '2025-07-11 17:04:34', 'Borrado', 'asientos', 1, NULL),
(1994, '2025-07-11 17:04:34', 'Borrado', 'asientos', 1, NULL),
(1995, '2025-07-11 17:04:34', 'Borrado', 'asientos', 1, NULL),
(1996, '2025-07-11 17:04:34', 'Borrado', 'asientos', 1, NULL),
(1997, '2025-07-11 17:04:34', 'Borrado', 'asientos', 1, NULL),
(1998, '2025-07-11 17:04:34', 'Borrado', 'asientos', 1, NULL),
(1999, '2025-07-11 17:04:34', 'Borrado', 'asientos', 1, NULL),
(2000, '2025-07-11 17:04:34', 'Borrado', 'asientos', 1, NULL),
(2001, '2025-07-11 17:04:34', 'Borrado', 'asientos', 1, NULL),
(2002, '2025-07-11 17:04:34', 'Borrado', 'asientos', 1, NULL),
(2003, '2025-07-11 17:04:34', 'Borrado', 'asientos', 1, NULL),
(2004, '2025-07-11 17:04:34', 'Borrado', 'asientos', 1, NULL),
(2005, '2025-07-11 17:04:34', 'Borrado', 'asientos', 1, NULL),
(2006, '2025-07-11 17:04:34', 'Borrado', 'asientos', 1, NULL),
(2007, '2025-07-11 17:04:34', 'Borrado', 'asientos', 1, NULL),
(2008, '2025-07-11 17:04:34', 'Borrado', 'asientos', 1, NULL),
(2009, '2025-07-11 17:04:34', 'Borrado', 'asientos', 1, NULL),
(2010, '2025-07-11 17:04:34', 'Borrado', 'asientos', 1, NULL),
(2011, '2025-07-11 17:04:34', 'Borrado', 'asientos', 1, NULL),
(2012, '2025-07-11 17:04:34', 'Borrado', 'asientos', 1, NULL),
(2013, '2025-07-11 17:04:34', 'Borrado', 'asientos', 1, NULL),
(2014, '2025-07-11 17:04:34', 'Borrado', 'asientos', 1, NULL),
(2015, '2025-07-11 17:04:34', 'Borrado', 'asientos', 1, NULL),
(2016, '2025-07-11 17:04:34', 'Borrado', 'asientos', 1, NULL),
(2017, '2025-07-11 17:04:34', 'Borrado', 'asientos', 1, NULL),
(2018, '2025-07-11 17:04:34', 'Borrado', 'asientos', 1, NULL),
(2019, '2025-07-11 17:04:34', 'Borrado', 'asientos', 1, NULL),
(2020, '2025-07-11 17:04:34', 'Borrado', 'asientos', 1, NULL),
(2021, '2025-07-11 17:04:34', 'Borrado', 'asientos', 1, NULL),
(2022, '2025-07-11 17:04:34', 'Borrado', 'asientos', 1, NULL),
(2023, '2025-07-11 17:04:34', 'Borrado', 'asientos', 1, NULL),
(2024, '2025-07-11 17:04:34', 'Borrado', 'asientos', 1, NULL),
(2025, '2025-07-11 17:04:34', 'Borrado', 'asientos', 1, NULL),
(2026, '2025-07-11 17:04:34', 'Borrado', 'asientos', 1, NULL),
(2027, '2025-07-11 17:04:34', 'Borrado', 'asientos', 1, NULL),
(2028, '2025-07-11 17:04:34', 'Borrado', 'asientos', 1, NULL),
(2029, '2025-07-11 17:04:34', 'Borrado', 'asientos', 1, NULL),
(2030, '2025-07-11 17:04:34', 'Borrado', 'asientos', 1, NULL),
(2031, '2025-07-11 17:04:34', 'Borrado', 'asientos', 1, NULL),
(2032, '2025-07-11 17:04:34', 'Borrado', 'asientos', 1, NULL),
(2033, '2025-07-11 17:04:34', 'Borrado', 'asientos', 1, NULL),
(2034, '2025-07-11 17:04:34', 'Borrado', 'asientos', 1, NULL),
(2035, '2025-07-11 17:04:34', 'Borrado', 'asientos', 1, NULL),
(2036, '2025-07-11 17:04:34', 'Borrado', 'asientos', 1, NULL),
(2037, '2025-07-11 17:04:34', 'Borrado', 'asientos', 1, NULL),
(2038, '2025-07-11 17:04:34', 'Borrado', 'asientos', 1, NULL),
(2039, '2025-07-11 17:04:34', 'Borrado', 'asientos', 1, NULL),
(2040, '2025-07-11 17:04:34', 'Borrado', 'asientos', 1, NULL),
(2041, '2025-07-11 17:04:34', 'Borrado', 'asientos', 1, NULL),
(2042, '2025-07-11 17:04:34', 'Borrado', 'asientos', 1, NULL),
(2043, '2025-07-11 17:04:34', 'Borrado', 'asientos', 1, NULL),
(2044, '2025-07-11 17:04:34', 'Borrado', 'asientos', 1, NULL),
(2045, '2025-07-11 17:04:34', 'Borrado', 'asientos', 1, NULL),
(2046, '2025-07-11 17:04:34', 'Borrado', 'asientos', 1, NULL),
(2047, '2025-07-11 17:04:34', 'Borrado', 'asientos', 1, NULL),
(2048, '2025-07-11 17:04:34', 'Borrado', 'asientos', 1, NULL),
(2049, '2025-07-11 17:04:34', 'Borrado', 'asientos', 1, NULL),
(2050, '2025-07-11 17:04:34', 'Borrado', 'asientos', 1, NULL),
(2051, '2025-07-11 17:04:34', 'Borrado', 'asientos', 1, NULL),
(2052, '2025-07-11 17:04:34', 'Borrado', 'asientos', 1, NULL),
(2053, '2025-07-11 17:04:34', 'Borrado', 'asientos', 1, NULL),
(2054, '2025-07-11 17:04:34', 'Borrado', 'asientos', 1, NULL),
(2055, '2025-07-11 17:04:34', 'Borrado', 'asientos', 1, NULL),
(2056, '2025-07-11 17:04:34', 'Borrado', 'asientos', 1, NULL),
(2057, '2025-07-11 17:04:34', 'Borrado', 'asientos', 1, NULL),
(2058, '2025-07-11 17:04:34', 'Borrado', 'asientos', 1, NULL),
(2059, '2025-07-11 17:04:34', 'Borrado', 'asientos', 1, NULL),
(2060, '2025-07-11 17:04:34', 'Borrado', 'asientos', 1, NULL),
(2061, '2025-07-11 17:04:34', 'Borrado', 'asientos', 1, NULL),
(2062, '2025-07-11 17:04:34', 'Borrado', 'asientos', 1, NULL),
(2063, '2025-07-11 17:04:34', 'Borrado', 'asientos', 1, NULL),
(2064, '2025-07-11 17:04:34', 'Borrado', 'asientos', 1, NULL),
(2065, '2025-07-11 17:04:34', 'Borrado', 'asientos', 1, NULL),
(2066, '2025-07-11 17:04:34', 'Borrado', 'asientos', 1, NULL),
(2067, '2025-07-11 17:04:34', 'Borrado', 'asientos', 1, NULL),
(2068, '2025-07-11 17:04:34', 'Borrado', 'asientos', 1, NULL),
(2069, '2025-07-11 17:04:34', 'Borrado', 'asientos', 1, NULL),
(2070, '2025-07-11 17:04:34', 'Borrado', 'asientos', 1, NULL),
(2071, '2025-07-11 17:04:34', 'Borrado', 'asientos', 1, NULL),
(2072, '2025-07-11 17:04:34', 'Borrado', 'asientos', 1, NULL),
(2073, '2025-07-11 17:04:34', 'Borrado', 'asientos', 1, NULL),
(2074, '2025-07-11 17:04:34', 'Borrado', 'asientos', 1, NULL),
(2075, '2025-07-11 17:04:34', 'Borrado', 'asientos', 1, NULL),
(2076, '2025-07-11 17:04:34', 'Borrado', 'asientos', 1, NULL),
(2077, '2025-07-11 17:04:34', 'Borrado', 'asientos', 1, NULL),
(2078, '2025-07-11 17:04:34', 'Borrado', 'asientos', 1, NULL),
(2079, '2025-07-11 17:04:34', 'Borrado', 'asientos', 1, NULL),
(2080, '2025-07-11 17:04:34', 'Borrado', 'asientos', 1, NULL),
(2081, '2025-07-11 17:04:34', 'Borrado', 'asientos', 1, NULL),
(2082, '2025-07-11 17:04:34', 'Borrado', 'asientos', 1, NULL),
(2083, '2025-07-11 17:04:34', 'Borrado', 'asientos', 1, NULL),
(2084, '2025-07-11 17:04:34', 'Borrado', 'asientos', 1, NULL),
(2085, '2025-07-11 17:04:34', 'Borrado', 'asientos', 1, NULL),
(2086, '2025-07-11 17:04:34', 'Borrado', 'asientos', 1, NULL),
(2087, '2025-07-11 17:04:34', 'Borrado', 'asientos', 1, NULL),
(2088, '2025-07-11 17:04:34', 'Borrado', 'asientos', 1, NULL),
(2089, '2025-07-11 17:04:34', 'Borrado', 'asientos', 1, NULL),
(2090, '2025-07-11 17:04:34', 'Borrado', 'asientos', 1, NULL),
(2091, '2025-07-11 17:04:34', 'Borrado', 'asientos', 1, NULL),
(2092, '2025-07-11 17:04:34', 'Borrado', 'asientos', 1, NULL),
(2093, '2025-07-11 17:04:34', 'Borrado', 'asientos', 1, NULL),
(2094, '2025-07-11 17:04:34', 'Borrado', 'asientos', 1, NULL),
(2095, '2025-07-11 17:04:34', 'Borrado', 'asientos', 1, NULL),
(2096, '2025-07-11 17:04:34', 'Borrado', 'asientos', 1, NULL),
(2097, '2025-07-11 17:04:34', 'Borrado', 'asientos', 1, NULL),
(2098, '2025-07-11 17:04:34', 'Borrado', 'asientos', 1, NULL),
(2099, '2025-07-11 17:04:34', 'Borrado', 'asientos', 1, NULL),
(2100, '2025-07-11 17:04:34', 'Borrado', 'asientos', 1, NULL),
(2101, '2025-07-11 17:04:34', 'Borrado', 'asientos', 1, NULL),
(2102, '2025-07-11 17:04:34', 'Borrado', 'asientos', 1, NULL),
(2103, '2025-07-11 17:04:34', 'Borrado', 'asientos', 1, NULL),
(2104, '2025-07-11 17:04:34', 'Borrado', 'asientos', 1, NULL),
(2105, '2025-07-11 17:04:34', 'Borrado', 'asientos', 1, NULL),
(2106, '2025-07-11 17:04:34', 'Borrado', 'asientos', 1, NULL),
(2107, '2025-07-11 17:04:34', 'Borrado', 'asientos', 1, NULL),
(2108, '2025-07-11 17:04:34', 'Borrado', 'asientos', 1, NULL),
(2109, '2025-07-11 17:04:34', 'Borrado', 'asientos', 1, NULL),
(2110, '2025-07-11 17:04:34', 'Borrado', 'asientos', 1, NULL),
(2111, '2025-07-11 17:04:34', 'Borrado', 'asientos', 1, NULL),
(2112, '2025-07-11 17:04:34', 'Borrado', 'asientos', 1, NULL),
(2113, '2025-07-11 17:04:34', 'Borrado', 'asientos', 1, NULL),
(2114, '2025-07-11 17:04:34', 'Borrado', 'asientos', 1, NULL),
(2115, '2025-07-11 17:04:34', 'Borrado', 'asientos', 1, NULL),
(2116, '2025-07-11 17:04:34', 'Borrado', 'asientos', 1, NULL),
(2117, '2025-07-11 17:04:34', 'Borrado', 'asientos', 1, NULL),
(2118, '2025-07-11 17:04:34', 'Borrado', 'asientos', 1, NULL),
(2119, '2025-07-11 17:04:34', 'Borrado', 'asientos', 1, NULL),
(2120, '2025-07-11 17:04:34', 'Borrado', 'asientos', 1, NULL),
(2121, '2025-07-11 17:04:34', 'Borrado', 'asientos', 1, NULL),
(2122, '2025-07-11 17:04:34', 'Borrado', 'asientos', 1, NULL),
(2123, '2025-07-11 17:04:34', 'Borrado', 'asientos', 1, NULL),
(2124, '2025-07-11 17:04:34', 'Borrado', 'asientos', 1, NULL),
(2125, '2025-07-11 17:04:34', 'Borrado', 'asientos', 1, NULL),
(2126, '2025-07-11 17:04:34', 'Borrado', 'asientos', 1, NULL),
(2127, '2025-07-11 17:04:34', 'Borrado', 'asientos', 1, NULL),
(2128, '2025-07-11 17:04:34', 'Borrado', 'asientos', 1, NULL),
(2129, '2025-07-11 17:04:34', 'Borrado', 'asientos', 1, NULL),
(2130, '2025-07-11 17:04:34', 'Borrado', 'asientos', 1, NULL),
(2131, '2025-07-11 17:04:34', 'Borrado', 'asientos', 1, NULL),
(2132, '2025-07-11 17:04:34', 'Borrado', 'asientos', 1, NULL),
(2133, '2025-07-11 17:04:34', 'Borrado', 'asientos', 1, NULL),
(2134, '2025-07-11 17:04:34', 'Borrado', 'asientos', 1, NULL),
(2135, '2025-07-11 17:04:34', 'Borrado', 'asientos', 1, NULL),
(2136, '2025-07-11 17:04:34', 'Borrado', 'asientos', 1, NULL),
(2137, '2025-07-11 17:04:34', 'Borrado', 'asientos', 1, NULL),
(2138, '2025-07-11 17:04:34', 'Borrado', 'asientos', 1, NULL),
(2139, '2025-07-11 17:04:34', 'Borrado', 'asientos', 1, NULL),
(2140, '2025-07-11 17:04:34', 'Borrado', 'asientos', 1, NULL),
(2141, '2025-07-11 17:04:34', 'Borrado', 'asientos', 1, NULL),
(2142, '2025-07-11 17:04:34', 'Borrado', 'asientos', 1, NULL),
(2143, '2025-07-11 17:04:34', 'Borrado', 'asientos', 1, NULL),
(2144, '2025-07-11 17:04:34', 'Borrado', 'asientos', 1, NULL),
(2145, '2025-07-11 17:04:34', 'Borrado', 'asientos', 1, NULL),
(2146, '2025-07-11 17:04:34', 'Borrado', 'asientos', 1, NULL),
(2147, '2025-07-11 17:04:34', 'Borrado', 'asientos', 1, NULL),
(2148, '2025-07-11 17:04:34', 'Borrado', 'asientos', 1, NULL),
(2149, '2025-07-11 17:04:34', 'Borrado', 'asientos', 1, NULL),
(2150, '2025-07-11 17:04:34', 'Borrado', 'asientos', 1, NULL),
(2151, '2025-07-11 17:04:34', 'Borrado', 'asientos', 1, NULL),
(2152, '2025-07-11 17:04:34', 'Borrado', 'asientos', 1, NULL),
(2153, '2025-07-11 17:04:34', 'Borrado', 'asientos', 1, NULL),
(2154, '2025-07-11 17:04:34', 'Borrado', 'asientos', 1, NULL),
(2155, '2025-07-11 17:04:34', 'Borrado', 'asientos', 1, NULL),
(2156, '2025-07-11 17:04:34', 'Borrado', 'asientos', 1, NULL),
(2157, '2025-07-11 17:04:34', 'Borrado', 'asientos', 1, NULL),
(2158, '2025-07-11 17:04:34', 'Borrado', 'asientos', 1, NULL),
(2159, '2025-07-11 17:04:34', 'Borrado', 'asientos', 1, NULL),
(2160, '2025-07-11 17:04:34', 'Borrado', 'asientos', 1, NULL),
(2161, '2025-07-11 17:04:34', 'Borrado', 'asientos', 1, NULL),
(2162, '2025-07-11 17:04:34', 'Borrado', 'asientos', 1, NULL),
(2163, '2025-07-11 17:04:34', 'Borrado', 'asientos', 1, NULL),
(2164, '2025-07-11 17:04:34', 'Borrado', 'asientos', 1, NULL),
(2165, '2025-07-11 17:04:34', 'Borrado', 'asientos', 1, NULL),
(2166, '2025-07-11 17:04:34', 'Borrado', 'asientos', 1, NULL),
(2167, '2025-07-11 17:04:34', 'Borrado', 'asientos', 1, NULL),
(2168, '2025-07-11 17:04:34', 'Borrado', 'asientos', 1, NULL),
(2169, '2025-07-11 17:04:34', 'Borrado', 'asientos', 1, NULL),
(2170, '2025-07-11 17:04:34', 'Borrado', 'asientos', 1, NULL),
(2171, '2025-07-11 17:04:34', 'Borrado', 'asientos', 1, NULL),
(2172, '2025-07-11 17:04:34', 'Borrado', 'asientos', 1, NULL),
(2173, '2025-07-11 17:04:34', 'Borrado', 'asientos', 1, NULL),
(2174, '2025-07-11 17:04:34', 'Borrado', 'asientos', 1, NULL),
(2175, '2025-07-11 17:04:34', 'Borrado', 'asientos', 1, NULL),
(2176, '2025-07-11 17:04:34', 'Borrado', 'asientos', 1, NULL),
(2177, '2025-07-11 17:04:34', 'Borrado', 'asientos', 1, NULL),
(2178, '2025-07-11 17:04:34', 'Inserción', 'asientos', 1, NULL),
(2179, '2025-07-11 17:04:34', 'Inserción', 'asientos', 1, NULL),
(2180, '2025-07-11 17:04:34', 'Inserción', 'asientos', 1, NULL),
(2181, '2025-07-11 17:04:34', 'Inserción', 'asientos', 1, NULL),
(2182, '2025-07-11 17:04:34', 'Inserción', 'asientos', 1, NULL),
(2183, '2025-07-11 17:04:34', 'Inserción', 'asientos', 1, NULL),
(2184, '2025-07-11 17:04:34', 'Inserción', 'asientos', 1, NULL),
(2185, '2025-07-11 17:04:34', 'Inserción', 'asientos', 1, NULL),
(2186, '2025-07-11 17:04:34', 'Inserción', 'asientos', 1, NULL),
(2187, '2025-07-11 17:04:34', 'Inserción', 'asientos', 1, NULL),
(2188, '2025-07-11 17:04:34', 'Inserción', 'asientos', 1, NULL),
(2189, '2025-07-11 17:04:34', 'Inserción', 'asientos', 1, NULL),
(2190, '2025-07-11 17:04:34', 'Inserción', 'asientos', 1, NULL),
(2191, '2025-07-11 17:04:34', 'Inserción', 'asientos', 1, NULL),
(2192, '2025-07-11 17:04:34', 'Inserción', 'asientos', 1, NULL),
(2193, '2025-07-11 17:04:34', 'Inserción', 'asientos', 1, NULL),
(2194, '2025-07-11 17:04:34', 'Inserción', 'asientos', 1, NULL),
(2195, '2025-07-11 17:04:34', 'Inserción', 'asientos', 1, NULL),
(2196, '2025-07-11 17:04:34', 'Inserción', 'asientos', 1, NULL),
(2197, '2025-07-11 17:04:34', 'Inserción', 'asientos', 1, NULL),
(2198, '2025-07-11 17:04:34', 'Inserción', 'asientos', 1, NULL),
(2199, '2025-07-11 17:04:34', 'Inserción', 'asientos', 1, NULL),
(2200, '2025-07-11 17:04:34', 'Inserción', 'asientos', 1, NULL),
(2201, '2025-07-11 17:04:34', 'Inserción', 'asientos', 1, NULL),
(2202, '2025-07-11 17:04:34', 'Inserción', 'asientos', 1, NULL),
(2203, '2025-07-11 17:04:34', 'Inserción', 'asientos', 1, NULL),
(2204, '2025-07-11 17:04:34', 'Inserción', 'asientos', 1, NULL),
(2205, '2025-07-11 17:04:34', 'Inserción', 'asientos', 1, NULL),
(2206, '2025-07-11 17:04:34', 'Inserción', 'asientos', 1, NULL),
(2207, '2025-07-11 17:04:34', 'Inserción', 'asientos', 1, NULL),
(2208, '2025-07-11 17:04:34', 'Inserción', 'asientos', 1, NULL),
(2209, '2025-07-11 17:04:34', 'Inserción', 'asientos', 1, NULL),
(2210, '2025-07-11 17:04:34', 'Inserción', 'asientos', 1, NULL),
(2211, '2025-07-11 17:04:34', 'Inserción', 'asientos', 1, NULL),
(2212, '2025-07-11 17:04:34', 'Inserción', 'asientos', 1, NULL),
(2213, '2025-07-11 17:04:34', 'Inserción', 'asientos', 1, NULL),
(2214, '2025-07-11 17:04:34', 'Inserción', 'asientos', 1, NULL),
(2215, '2025-07-11 17:04:34', 'Inserción', 'asientos', 1, NULL),
(2216, '2025-07-11 17:04:34', 'Inserción', 'asientos', 1, NULL),
(2217, '2025-07-11 17:04:34', 'Inserción', 'asientos', 1, NULL),
(2218, '2025-07-11 17:04:34', 'Inserción', 'asientos', 1, NULL),
(2219, '2025-07-11 17:04:34', 'Inserción', 'asientos', 1, NULL),
(2220, '2025-07-11 17:04:34', 'Inserción', 'asientos', 1, NULL),
(2221, '2025-07-11 17:04:34', 'Inserción', 'asientos', 1, NULL),
(2222, '2025-07-11 17:04:34', 'Inserción', 'asientos', 1, NULL),
(2223, '2025-07-11 17:04:34', 'Inserción', 'asientos', 1, NULL),
(2224, '2025-07-11 17:04:34', 'Inserción', 'asientos', 1, NULL),
(2225, '2025-07-11 17:04:34', 'Inserción', 'asientos', 1, NULL),
(2226, '2025-07-11 17:04:34', 'Inserción', 'asientos', 1, NULL),
(2227, '2025-07-11 17:04:34', 'Inserción', 'asientos', 1, NULL),
(2228, '2025-07-11 17:04:34', 'Inserción', 'asientos', 1, NULL),
(2229, '2025-07-11 17:04:34', 'Inserción', 'asientos', 1, NULL),
(2230, '2025-07-11 17:04:34', 'Inserción', 'asientos', 1, NULL),
(2231, '2025-07-11 17:04:34', 'Inserción', 'asientos', 1, NULL),
(2232, '2025-07-11 17:04:34', 'Inserción', 'asientos', 1, NULL),
(2233, '2025-07-11 17:04:34', 'Inserción', 'asientos', 1, NULL),
(2234, '2025-07-11 17:04:34', 'Inserción', 'asientos', 1, NULL),
(2235, '2025-07-11 17:04:34', 'Inserción', 'asientos', 1, NULL),
(2236, '2025-07-11 17:04:34', 'Inserción', 'asientos', 1, NULL),
(2237, '2025-07-11 17:04:34', 'Inserción', 'asientos', 1, NULL),
(2238, '2025-07-11 17:04:34', 'Inserción', 'asientos', 1, NULL),
(2239, '2025-07-11 17:04:34', 'Inserción', 'asientos', 1, NULL),
(2240, '2025-07-11 17:04:34', 'Inserción', 'asientos', 1, NULL),
(2241, '2025-07-11 17:04:34', 'Inserción', 'asientos', 1, NULL),
(2242, '2025-07-11 17:04:34', 'Inserción', 'asientos', 1, NULL),
(2243, '2025-07-11 17:04:34', 'Inserción', 'asientos', 1, NULL),
(2244, '2025-07-11 17:04:34', 'Inserción', 'asientos', 1, NULL),
(2245, '2025-07-11 17:04:34', 'Inserción', 'asientos', 1, NULL),
(2246, '2025-07-11 17:04:34', 'Inserción', 'asientos', 1, NULL),
(2247, '2025-07-11 17:04:34', 'Inserción', 'asientos', 1, NULL),
(2248, '2025-07-11 17:04:34', 'Inserción', 'asientos', 1, NULL),
(2249, '2025-07-11 17:04:34', 'Inserción', 'asientos', 1, NULL),
(2250, '2025-07-11 17:04:34', 'Inserción', 'asientos', 1, NULL),
(2251, '2025-07-11 17:04:34', 'Inserción', 'asientos', 1, NULL),
(2252, '2025-07-11 17:04:34', 'Inserción', 'asientos', 1, NULL),
(2253, '2025-07-11 17:04:34', 'Inserción', 'asientos', 1, NULL),
(2254, '2025-07-11 17:04:34', 'Inserción', 'asientos', 1, NULL),
(2255, '2025-07-11 17:04:34', 'Inserción', 'asientos', 1, NULL),
(2256, '2025-07-11 17:04:34', 'Inserción', 'asientos', 1, NULL),
(2257, '2025-07-11 17:04:34', 'Inserción', 'asientos', 1, NULL),
(2258, '2025-07-11 17:04:34', 'Inserción', 'asientos', 1, NULL),
(2259, '2025-07-11 17:04:34', 'Inserción', 'asientos', 1, NULL),
(2260, '2025-07-11 17:04:34', 'Inserción', 'asientos', 1, NULL),
(2261, '2025-07-11 17:04:34', 'Inserción', 'asientos', 1, NULL),
(2262, '2025-07-11 17:04:34', 'Inserción', 'asientos', 1, NULL),
(2263, '2025-07-11 17:04:34', 'Inserción', 'asientos', 1, NULL),
(2264, '2025-07-11 17:04:34', 'Inserción', 'asientos', 1, NULL),
(2265, '2025-07-11 17:04:34', 'Inserción', 'asientos', 1, NULL),
(2266, '2025-07-11 17:04:34', 'Inserción', 'asientos', 1, NULL),
(2267, '2025-07-11 17:04:34', 'Inserción', 'asientos', 1, NULL),
(2268, '2025-07-11 17:04:34', 'Inserción', 'asientos', 1, NULL),
(2269, '2025-07-11 17:04:34', 'Inserción', 'asientos', 1, NULL),
(2270, '2025-07-11 17:04:34', 'Inserción', 'asientos', 1, NULL),
(2271, '2025-07-11 17:04:34', 'Inserción', 'asientos', 1, NULL),
(2272, '2025-07-11 17:04:34', 'Inserción', 'asientos', 1, NULL),
(2273, '2025-07-11 17:04:34', 'Inserción', 'asientos', 1, NULL),
(2274, '2025-07-11 17:04:34', 'Inserción', 'asientos', 1, NULL),
(2275, '2025-07-11 17:04:34', 'Inserción', 'asientos', 1, NULL),
(2276, '2025-07-11 17:04:34', 'Inserción', 'asientos', 1, NULL),
(2277, '2025-07-11 17:04:34', 'Inserción', 'asientos', 1, NULL),
(2278, '2025-07-11 17:04:34', 'Inserción', 'asientos', 1, NULL),
(2279, '2025-07-11 17:04:34', 'Inserción', 'asientos', 1, NULL),
(2280, '2025-07-11 17:04:34', 'Inserción', 'asientos', 1, NULL),
(2281, '2025-07-11 17:04:34', 'Inserción', 'asientos', 1, NULL),
(2282, '2025-07-11 17:04:34', 'Inserción', 'asientos', 1, NULL),
(2283, '2025-07-11 17:04:34', 'Inserción', 'asientos', 1, NULL),
(2284, '2025-07-11 17:04:34', 'Inserción', 'asientos', 1, NULL),
(2285, '2025-07-11 17:04:34', 'Inserción', 'asientos', 1, NULL),
(2286, '2025-07-11 17:04:34', 'Inserción', 'asientos', 1, NULL),
(2287, '2025-07-11 17:04:34', 'Inserción', 'asientos', 1, NULL),
(2288, '2025-07-11 17:04:34', 'Inserción', 'asientos', 1, NULL),
(2289, '2025-07-11 17:04:34', 'Inserción', 'asientos', 1, NULL),
(2290, '2025-07-11 17:04:34', 'Inserción', 'asientos', 1, NULL),
(2291, '2025-07-11 17:04:34', 'Inserción', 'asientos', 1, NULL),
(2292, '2025-07-11 17:04:34', 'Inserción', 'asientos', 1, NULL),
(2293, '2025-07-11 17:04:34', 'Inserción', 'asientos', 1, NULL),
(2294, '2025-07-11 17:04:34', 'Inserción', 'asientos', 1, NULL),
(2295, '2025-07-11 17:04:34', 'Inserción', 'asientos', 1, NULL),
(2296, '2025-07-11 17:04:34', 'Inserción', 'asientos', 1, NULL),
(2297, '2025-07-11 17:04:34', 'Inserción', 'asientos', 1, NULL),
(2298, '2025-07-11 17:04:34', 'Inserción', 'asientos', 1, NULL),
(2299, '2025-07-11 17:04:34', 'Inserción', 'asientos', 1, NULL),
(2300, '2025-07-11 17:04:34', 'Inserción', 'asientos', 1, NULL),
(2301, '2025-07-11 17:04:34', 'Inserción', 'asientos', 1, NULL),
(2302, '2025-07-11 17:04:34', 'Inserción', 'asientos', 1, NULL),
(2303, '2025-07-11 17:04:34', 'Inserción', 'asientos', 1, NULL),
(2304, '2025-07-11 17:04:34', 'Inserción', 'asientos', 1, NULL),
(2305, '2025-07-11 17:04:34', 'Inserción', 'asientos', 1, NULL),
(2306, '2025-07-11 17:04:34', 'Inserción', 'asientos', 1, NULL),
(2307, '2025-07-11 17:04:34', 'Inserción', 'asientos', 1, NULL),
(2308, '2025-07-11 17:04:34', 'Inserción', 'asientos', 1, NULL),
(2309, '2025-07-11 17:04:34', 'Inserción', 'asientos', 1, NULL),
(2310, '2025-07-11 17:04:34', 'Inserción', 'asientos', 1, NULL),
(2311, '2025-07-11 17:04:34', 'Inserción', 'asientos', 1, NULL),
(2312, '2025-07-11 17:04:34', 'Inserción', 'asientos', 1, NULL),
(2313, '2025-07-11 17:04:34', 'Inserción', 'asientos', 1, NULL),
(2314, '2025-07-11 17:04:34', 'Inserción', 'asientos', 1, NULL),
(2315, '2025-07-11 17:04:34', 'Inserción', 'asientos', 1, NULL),
(2316, '2025-07-11 17:04:34', 'Inserción', 'asientos', 1, NULL),
(2317, '2025-07-11 17:04:34', 'Inserción', 'asientos', 1, NULL),
(2318, '2025-07-11 17:04:34', 'Inserción', 'asientos', 1, NULL),
(2319, '2025-07-11 17:04:34', 'Inserción', 'asientos', 1, NULL),
(2320, '2025-07-11 17:04:34', 'Inserción', 'asientos', 1, NULL),
(2321, '2025-07-11 17:04:34', 'Inserción', 'asientos', 1, NULL),
(2322, '2025-07-11 17:04:34', 'Inserción', 'asientos', 1, NULL),
(2323, '2025-07-11 17:04:34', 'Inserción', 'asientos', 1, NULL),
(2324, '2025-07-11 17:04:34', 'Inserción', 'asientos', 1, NULL),
(2325, '2025-07-11 17:04:34', 'Inserción', 'asientos', 1, NULL),
(2326, '2025-07-11 17:04:34', 'Inserción', 'asientos', 1, NULL),
(2327, '2025-07-11 17:04:34', 'Inserción', 'asientos', 1, NULL),
(2328, '2025-07-11 17:04:34', 'Inserción', 'asientos', 1, NULL),
(2329, '2025-07-11 17:04:34', 'Inserción', 'asientos', 1, NULL),
(2330, '2025-07-11 17:04:34', 'Inserción', 'asientos', 1, NULL),
(2331, '2025-07-11 17:04:34', 'Inserción', 'asientos', 1, NULL),
(2332, '2025-07-11 17:04:34', 'Inserción', 'asientos', 1, NULL),
(2333, '2025-07-11 17:04:34', 'Inserción', 'asientos', 1, NULL),
(2334, '2025-07-11 17:04:34', 'Inserción', 'asientos', 1, NULL),
(2335, '2025-07-11 17:04:34', 'Inserción', 'asientos', 1, NULL),
(2336, '2025-07-11 17:04:34', 'Inserción', 'asientos', 1, NULL),
(2337, '2025-07-11 17:04:34', 'Inserción', 'asientos', 1, NULL),
(2338, '2025-07-11 17:04:34', 'Inserción', 'asientos', 1, NULL),
(2339, '2025-07-11 17:04:34', 'Inserción', 'asientos', 1, NULL),
(2340, '2025-07-11 17:04:34', 'Inserción', 'asientos', 1, NULL),
(2341, '2025-07-11 17:04:34', 'Inserción', 'asientos', 1, NULL),
(2342, '2025-07-11 17:04:34', 'Inserción', 'asientos', 1, NULL),
(2343, '2025-07-11 17:04:34', 'Inserción', 'asientos', 1, NULL),
(2344, '2025-07-11 17:04:34', 'Inserción', 'asientos', 1, NULL),
(2345, '2025-07-11 17:04:34', 'Inserción', 'asientos', 1, NULL),
(2346, '2025-07-11 17:04:34', 'Inserción', 'asientos', 1, NULL),
(2347, '2025-07-11 17:04:34', 'Inserción', 'asientos', 1, NULL),
(2348, '2025-07-11 17:04:34', 'Inserción', 'asientos', 1, NULL),
(2349, '2025-07-11 17:04:34', 'Inserción', 'asientos', 1, NULL),
(2350, '2025-07-11 17:04:34', 'Inserción', 'asientos', 1, NULL),
(2351, '2025-07-11 17:04:34', 'Inserción', 'asientos', 1, NULL),
(2352, '2025-07-11 17:04:34', 'Inserción', 'asientos', 1, NULL),
(2353, '2025-07-11 17:04:34', 'Inserción', 'asientos', 1, NULL),
(2354, '2025-07-11 17:04:34', 'Inserción', 'asientos', 1, NULL),
(2355, '2025-07-11 17:04:34', 'Inserción', 'asientos', 1, NULL),
(2356, '2025-07-11 17:04:34', 'Inserción', 'asientos', 1, NULL),
(2357, '2025-07-11 17:04:34', 'Inserción', 'asientos', 1, NULL),
(2358, '2025-07-11 17:04:34', 'Inserción', 'asientos', 1, NULL),
(2359, '2025-07-11 17:04:34', 'Inserción', 'asientos', 1, NULL),
(2360, '2025-07-11 17:04:34', 'Inserción', 'asientos', 1, NULL),
(2361, '2025-07-11 17:04:34', 'Inserción', 'asientos', 1, NULL),
(2362, '2025-07-11 17:04:34', 'Inserción', 'asientos', 1, NULL),
(2363, '2025-07-11 17:04:34', 'Inserción', 'asientos', 1, NULL),
(2364, '2025-07-11 17:04:34', 'Inserción', 'asientos', 1, NULL),
(2365, '2025-07-11 17:04:34', 'Inserción', 'asientos', 1, NULL),
(2366, '2025-07-11 17:04:34', 'Inserción', 'asientos', 1, NULL),
(2367, '2025-07-11 17:04:34', 'Inserción', 'asientos', 1, NULL),
(2368, '2025-07-11 17:04:34', 'Inserción', 'asientos', 1, NULL),
(2369, '2025-07-11 17:04:34', 'Inserción', 'asientos', 1, NULL),
(2370, '2025-07-11 17:04:35', 'Inserción', 'asientos', 1, NULL),
(2371, '2025-07-11 17:04:35', 'Inserción', 'asientos', 1, NULL),
(2372, '2025-07-11 17:04:35', 'Inserción', 'asientos', 1, NULL),
(2373, '2025-07-11 17:04:35', 'Inserción', 'asientos', 1, NULL),
(2374, '2025-07-11 17:04:35', 'Inserción', 'asientos', 1, NULL),
(2375, '2025-07-11 17:04:35', 'Inserción', 'asientos', 1, NULL),
(2376, '2025-07-11 17:04:35', 'Inserción', 'asientos', 1, NULL),
(2377, '2025-07-11 17:04:35', 'Inserción', 'asientos', 1, NULL),
(2378, '2025-07-11 17:11:10', 'Modificación', 'clientes', 1, NULL),
(2379, '2025-07-11 17:11:30', 'Inserción', 'clientes', 1, NULL),
(2380, '2025-07-11 17:11:30', 'Inserción', 'clientes', 1, NULL),
(2381, '2025-07-11 17:11:30', 'Inserción', 'clientes', 1, NULL),
(2382, '2025-07-11 17:11:30', 'Inserción', 'clientes', 1, NULL),
(2383, '2025-07-11 17:11:30', 'Inserción', 'clientes', 1, NULL),
(2384, '2025-07-11 17:11:30', 'Inserción', 'clientes', 1, NULL),
(2385, '2025-07-11 17:11:30', 'Inserción', 'clientes', 1, NULL),
(2386, '2025-07-11 17:11:30', 'Inserción', 'clientes', 1, NULL),
(2387, '2025-07-11 17:11:30', 'Inserción', 'clientes', 1, NULL),
(2388, '2025-07-11 17:11:30', 'Inserción', 'clientes', 1, NULL),
(2389, '2025-07-11 17:11:30', 'Inserción', 'clientes', 1, NULL),
(2390, '2025-07-11 17:11:30', 'Inserción', 'clientes', 1, NULL),
(2391, '2025-07-11 17:11:30', 'Inserción', 'clientes', 1, NULL),
(2392, '2025-07-11 17:11:30', 'Inserción', 'clientes', 1, NULL),
(2393, '2025-07-11 17:11:30', 'Inserción', 'clientes', 1, NULL),
(2394, '2025-07-11 17:11:30', 'Inserción', 'clientes', 1, NULL),
(2395, '2025-07-11 17:11:30', 'Inserción', 'clientes', 1, NULL),
(2396, '2025-07-11 17:11:30', 'Inserción', 'clientes', 1, NULL),
(2397, '2025-07-11 17:11:30', 'Inserción', 'clientes', 1, NULL),
(2398, '2025-07-11 17:11:30', 'Inserción', 'clientes', 1, NULL),
(2399, '2025-07-11 17:11:30', 'Inserción', 'clientes', 1, NULL),
(2400, '2025-07-11 17:11:30', 'Inserción', 'clientes', 1, NULL),
(2401, '2025-07-11 17:11:30', 'Inserción', 'clientes', 1, NULL),
(2402, '2025-07-11 17:11:30', 'Inserción', 'clientes', 1, NULL),
(2403, '2025-07-11 17:11:30', 'Inserción', 'clientes', 1, NULL),
(2404, '2025-07-11 17:11:30', 'Inserción', 'clientes', 1, NULL),
(2405, '2025-07-11 17:11:30', 'Inserción', 'clientes', 1, NULL),
(2406, '2025-07-11 17:11:30', 'Inserción', 'clientes', 1, NULL),
(2407, '2025-07-11 17:11:30', 'Inserción', 'clientes', 1, NULL),
(2408, '2025-07-11 17:11:30', 'Inserción', 'clientes', 1, NULL),
(2409, '2025-07-11 17:11:30', 'Inserción', 'clientes', 1, NULL),
(2410, '2025-07-11 17:11:30', 'Inserción', 'clientes', 1, NULL),
(2411, '2025-07-11 17:11:30', 'Inserción', 'clientes', 1, NULL),
(2412, '2025-07-11 17:11:30', 'Inserción', 'clientes', 1, NULL),
(2413, '2025-07-11 17:11:30', 'Inserción', 'clientes', 1, NULL);
INSERT INTO `historial` (`id_historial`, `fecha`, `accion`, `tabla`, `cantidad`, `funcionario_cedula`) VALUES
(2414, '2025-07-11 17:11:30', 'Inserción', 'clientes', 1, NULL),
(2415, '2025-07-11 17:11:30', 'Inserción', 'clientes', 1, NULL),
(2416, '2025-07-11 17:11:30', 'Inserción', 'clientes', 1, NULL),
(2417, '2025-07-11 17:11:30', 'Inserción', 'clientes', 1, NULL),
(2418, '2025-07-11 17:11:30', 'Inserción', 'clientes', 1, NULL),
(2419, '2025-07-11 17:11:30', 'Inserción', 'clientes', 1, NULL),
(2420, '2025-07-11 17:11:30', 'Inserción', 'clientes', 1, NULL),
(2421, '2025-07-11 17:11:30', 'Inserción', 'clientes', 1, NULL),
(2422, '2025-07-11 17:11:30', 'Inserción', 'clientes', 1, NULL),
(2423, '2025-07-11 17:11:30', 'Inserción', 'clientes', 1, NULL),
(2424, '2025-07-11 17:11:30', 'Inserción', 'clientes', 1, NULL),
(2425, '2025-07-11 17:11:30', 'Inserción', 'clientes', 1, NULL),
(2426, '2025-07-11 17:11:30', 'Inserción', 'clientes', 1, NULL),
(2427, '2025-07-11 17:11:30', 'Inserción', 'clientes', 1, NULL),
(2428, '2025-07-11 17:11:30', 'Inserción', 'clientes', 1, NULL),
(2429, '2025-07-11 17:11:30', 'Inserción', 'clientes', 1, NULL),
(2430, '2025-07-11 17:11:30', 'Inserción', 'clientes', 1, NULL),
(2431, '2025-07-11 17:11:30', 'Inserción', 'clientes', 1, NULL),
(2432, '2025-07-11 17:11:30', 'Inserción', 'clientes', 1, NULL),
(2433, '2025-07-11 17:11:30', 'Inserción', 'clientes', 1, NULL),
(2434, '2025-07-11 17:11:30', 'Inserción', 'clientes', 1, NULL),
(2435, '2025-07-11 17:11:30', 'Inserción', 'clientes', 1, NULL),
(2436, '2025-07-11 17:11:30', 'Inserción', 'clientes', 1, NULL),
(2437, '2025-07-11 17:11:30', 'Inserción', 'clientes', 1, NULL),
(2438, '2025-07-11 17:11:30', 'Inserción', 'clientes', 1, NULL),
(2439, '2025-07-11 17:11:30', 'Inserción', 'clientes', 1, NULL),
(2440, '2025-07-11 17:11:30', 'Inserción', 'clientes', 1, NULL),
(2441, '2025-07-11 17:11:30', 'Inserción', 'clientes', 1, NULL),
(2442, '2025-07-11 17:11:30', 'Inserción', 'clientes', 1, NULL),
(2443, '2025-07-11 17:11:30', 'Inserción', 'clientes', 1, NULL),
(2444, '2025-07-11 17:11:30', 'Inserción', 'clientes', 1, NULL),
(2445, '2025-07-11 17:11:30', 'Inserción', 'clientes', 1, NULL),
(2446, '2025-07-11 17:11:30', 'Inserción', 'clientes', 1, NULL),
(2447, '2025-07-11 17:11:30', 'Inserción', 'clientes', 1, NULL),
(2448, '2025-07-11 17:11:30', 'Inserción', 'clientes', 1, NULL),
(2449, '2025-07-11 17:11:30', 'Inserción', 'clientes', 1, NULL),
(2450, '2025-07-11 17:11:30', 'Inserción', 'clientes', 1, NULL),
(2451, '2025-07-11 17:11:30', 'Inserción', 'clientes', 1, NULL),
(2452, '2025-07-11 17:11:30', 'Inserción', 'clientes', 1, NULL),
(2453, '2025-07-11 17:11:30', 'Inserción', 'clientes', 1, NULL),
(2454, '2025-07-11 17:11:30', 'Inserción', 'clientes', 1, NULL),
(2455, '2025-07-11 17:11:30', 'Inserción', 'clientes', 1, NULL),
(2456, '2025-07-11 17:11:30', 'Inserción', 'clientes', 1, NULL),
(2457, '2025-07-11 17:11:30', 'Inserción', 'clientes', 1, NULL),
(2458, '2025-07-11 17:11:30', 'Inserción', 'clientes', 1, NULL),
(2459, '2025-07-11 17:11:30', 'Inserción', 'clientes', 1, NULL),
(2460, '2025-07-11 17:11:30', 'Inserción', 'clientes', 1, NULL),
(2461, '2025-07-11 17:11:30', 'Inserción', 'clientes', 1, NULL),
(2462, '2025-07-11 17:11:30', 'Inserción', 'clientes', 1, NULL),
(2463, '2025-07-11 17:11:30', 'Inserción', 'clientes', 1, NULL),
(2464, '2025-07-11 17:11:30', 'Inserción', 'clientes', 1, NULL),
(2465, '2025-07-11 17:11:30', 'Inserción', 'clientes', 1, NULL),
(2466, '2025-07-11 17:11:30', 'Inserción', 'clientes', 1, NULL),
(2467, '2025-07-11 17:11:30', 'Inserción', 'clientes', 1, NULL),
(2468, '2025-07-11 17:11:30', 'Inserción', 'clientes', 1, NULL),
(2469, '2025-07-11 17:11:30', 'Inserción', 'clientes', 1, NULL),
(2470, '2025-07-11 17:11:30', 'Inserción', 'clientes', 1, NULL),
(2471, '2025-07-11 17:11:30', 'Inserción', 'clientes', 1, NULL),
(2472, '2025-07-11 17:11:30', 'Inserción', 'clientes', 1, NULL),
(2473, '2025-07-11 17:11:30', 'Inserción', 'clientes', 1, NULL),
(2474, '2025-07-11 17:11:30', 'Inserción', 'clientes', 1, NULL),
(2475, '2025-07-11 17:13:54', 'Borrado', 'clientes', 1, NULL),
(2476, '2025-07-11 17:13:54', 'Borrado', 'clientes', 1, NULL),
(2477, '2025-07-11 17:13:54', 'Borrado', 'clientes', 1, NULL),
(2478, '2025-07-11 17:13:54', 'Borrado', 'clientes', 1, NULL),
(2479, '2025-07-11 17:13:54', 'Borrado', 'clientes', 1, NULL),
(2480, '2025-07-11 17:13:54', 'Borrado', 'clientes', 1, NULL),
(2481, '2025-07-11 17:13:54', 'Borrado', 'clientes', 1, NULL),
(2482, '2025-07-11 17:13:54', 'Borrado', 'clientes', 1, NULL),
(2483, '2025-07-11 17:13:54', 'Borrado', 'clientes', 1, NULL),
(2484, '2025-07-11 17:13:54', 'Borrado', 'clientes', 1, NULL),
(2485, '2025-07-11 17:13:54', 'Borrado', 'clientes', 1, NULL),
(2486, '2025-07-11 17:13:54', 'Borrado', 'clientes', 1, NULL),
(2487, '2025-07-11 17:13:54', 'Borrado', 'clientes', 1, NULL),
(2488, '2025-07-11 17:13:54', 'Borrado', 'clientes', 1, NULL),
(2489, '2025-07-11 17:13:54', 'Borrado', 'clientes', 1, NULL),
(2490, '2025-07-11 17:13:54', 'Borrado', 'clientes', 1, NULL),
(2491, '2025-07-11 17:13:54', 'Borrado', 'clientes', 1, NULL),
(2492, '2025-07-11 17:13:54', 'Borrado', 'clientes', 1, NULL),
(2493, '2025-07-11 17:13:54', 'Borrado', 'clientes', 1, NULL),
(2494, '2025-07-11 17:13:54', 'Borrado', 'clientes', 1, NULL),
(2495, '2025-07-11 17:13:54', 'Borrado', 'clientes', 1, NULL),
(2496, '2025-07-11 17:13:54', 'Borrado', 'clientes', 1, NULL),
(2497, '2025-07-11 17:13:54', 'Borrado', 'clientes', 1, NULL),
(2498, '2025-07-11 17:13:54', 'Borrado', 'clientes', 1, NULL),
(2499, '2025-07-11 17:24:35', 'Inserción', 'vuelos', 1, NULL),
(2500, '2025-07-11 17:24:35', 'Inserción', 'vuelos', 1, NULL),
(2501, '2025-07-11 17:24:35', 'Inserción', 'vuelos', 1, NULL),
(2502, '2025-07-11 17:24:35', 'Inserción', 'vuelos', 1, NULL),
(2503, '2025-07-11 17:24:35', 'Inserción', 'vuelos', 1, NULL),
(2504, '2025-07-11 17:26:34', 'Inserción', 'reservaciones', 1, NULL),
(2505, '2025-07-11 17:26:34', 'Inserción', 'reservaciones', 1, NULL),
(2506, '2025-07-11 17:26:34', 'Inserción', 'reservaciones', 1, NULL),
(2507, '2025-07-11 17:26:34', 'Inserción', 'reservaciones', 1, NULL),
(2508, '2025-07-11 17:26:34', 'Inserción', 'reservaciones', 1, NULL),
(2509, '2025-07-11 17:29:29', 'Inserción', 'reservacion_detalle', 1, NULL),
(2510, '2025-07-11 17:29:29', 'Inserción', 'reservacion_detalle', 1, NULL),
(2511, '2025-07-11 17:29:29', 'Inserción', 'reservacion_detalle', 1, NULL),
(2512, '2025-07-11 17:29:29', 'Inserción', 'reservacion_detalle', 1, NULL),
(2513, '2025-07-11 17:29:29', 'Inserción', 'reservacion_detalle', 1, NULL),
(2514, '2025-07-12 13:39:31', 'Inserción', 'vuelo_tripulacion', 1, NULL),
(2515, '2025-07-12 13:39:31', 'Inserción', 'vuelo_tripulacion', 1, NULL),
(2516, '2025-07-12 13:39:31', 'Inserción', 'vuelo_tripulacion', 1, NULL),
(2517, '2025-07-12 13:39:31', 'Inserción', 'vuelo_tripulacion', 1, NULL),
(2518, '2025-07-12 13:39:31', 'Inserción', 'vuelo_tripulacion', 1, NULL),
(2519, '2025-07-12 13:39:31', 'Inserción', 'vuelo_tripulacion', 1, NULL),
(2520, '2025-07-12 13:39:31', 'Inserción', 'vuelo_tripulacion', 1, NULL),
(2521, '2025-07-12 13:39:31', 'Inserción', 'vuelo_tripulacion', 1, NULL),
(2522, '2025-07-12 13:39:31', 'Inserción', 'vuelo_tripulacion', 1, NULL),
(2523, '2025-07-12 13:39:31', 'Inserción', 'vuelo_tripulacion', 1, NULL),
(2524, '2025-07-12 13:39:31', 'Inserción', 'vuelo_tripulacion', 1, NULL),
(2525, '2025-07-12 13:39:31', 'Inserción', 'vuelo_tripulacion', 1, NULL),
(2526, '2025-07-12 13:39:31', 'Inserción', 'vuelo_tripulacion', 1, NULL),
(2527, '2025-07-12 13:39:31', 'Inserción', 'vuelo_tripulacion', 1, NULL),
(2528, '2025-07-12 14:14:50', 'Borrado', 'vuelo_tripulacion', 1, NULL),
(2529, '2025-07-12 14:14:50', 'Borrado', 'vuelo_tripulacion', 1, NULL),
(2530, '2025-07-12 14:14:50', 'Inserción', 'vuelo_tripulacion', 1, NULL),
(2531, '2025-07-12 14:14:50', 'Inserción', 'vuelo_tripulacion', 1, NULL),
(2532, '2025-07-12 14:14:50', 'Inserción', 'vuelo_tripulacion', 1, NULL),
(2533, '2025-07-12 14:15:36', 'Inserción', 'clientes', 1, NULL),
(2534, '2025-07-12 14:16:52', 'Inserción', 'reservaciones', 1, NULL),
(2535, '2025-07-12 14:20:00', 'Borrado', 'reservaciones', 1, NULL),
(2536, '2025-07-12 14:20:00', 'Inserción', 'reservaciones', 1, NULL),
(2537, '2025-07-12 14:20:00', 'Inserción', 'reservacion_detalle', 1, NULL),
(2538, '2025-07-12 14:20:00', 'Modificación', 'reservaciones', 1, NULL),
(2539, '2025-07-12 14:52:36', 'Inserción', 'funcionarios', 1, NULL),
(2540, '2025-07-12 14:52:46', 'Modificación', 'funcionarios', 1, NULL),
(2541, '2025-07-12 14:53:18', 'Borrado', 'funcionarios', 1, NULL),
(2542, '2025-07-12 14:55:58', 'Inserción', 'clientes', 1, NULL),
(2543, '2025-07-12 14:55:58', 'Inserción', 'reservaciones', 1, NULL),
(2544, '2025-07-12 14:55:59', 'Inserción', 'reservacion_detalle', 1, NULL),
(2545, '2025-07-12 14:55:59', 'Inserción', 'reservacion_detalle', 1, NULL),
(2546, '2025-07-12 14:55:59', 'Modificación', 'reservaciones', 1, NULL),
(2547, '2025-07-12 14:57:58', 'Borrado', 'reservacion_detalle', 1, NULL),
(2548, '2025-07-12 14:57:58', 'Inserción', 'reservacion_detalle', 1, NULL),
(2549, '2025-07-12 14:57:58', 'Modificación', 'reservaciones', 1, NULL),
(2550, '2025-07-18 16:48:13', 'Borrado', 'vuelo_tripulacion', 1, NULL),
(2551, '2025-07-18 16:50:03', 'Inserción', 'vuelo_tripulacion', 1, NULL),
(2552, '2025-07-18 16:50:36', 'Inserción', 'vuelo_tripulacion', 1, NULL),
(2553, '2025-07-18 16:50:36', 'Inserción', 'vuelo_tripulacion', 1, NULL),
(2554, '2025-07-18 16:50:58', 'Inserción', 'vuelo_tripulacion', 1, NULL),
(2555, '2025-07-18 16:50:58', 'Inserción', 'vuelo_tripulacion', 1, NULL),
(2556, '2025-07-18 16:50:58', 'Inserción', 'vuelo_tripulacion', 1, NULL),
(2557, '2025-07-18 16:50:58', 'Inserción', 'vuelo_tripulacion', 1, NULL),
(2558, '2025-07-18 16:50:58', 'Inserción', 'vuelo_tripulacion', 1, NULL),
(2559, '2025-07-18 16:50:58', 'Inserción', 'vuelo_tripulacion', 1, NULL),
(2560, '2025-07-18 16:52:18', 'Borrado', 'vuelo_tripulacion', 1, NULL),
(2561, '2025-07-18 16:52:29', 'Inserción', 'vuelo_tripulacion', 1, NULL),
(2562, '2025-07-18 16:55:41', 'Inserción', 'vuelo_tripulacion', 1, NULL),
(2563, '2025-07-18 16:58:28', 'Borrado', 'reservaciones', 1, NULL),
(2564, '2025-07-18 17:03:54', 'Inserción', 'reservaciones', 1, NULL),
(2565, '2025-07-18 17:06:30', 'Inserción', 'reservacion_detalle', 1, NULL),
(2566, '2025-07-18 17:06:30', 'Inserción', 'reservacion_detalle', 1, NULL),
(2567, '2025-07-18 17:06:30', 'Inserción', 'reservacion_detalle', 1, NULL),
(2568, '2025-07-18 17:06:30', 'Inserción', 'reservacion_detalle', 1, NULL),
(2569, '2025-07-18 17:06:30', 'Inserción', 'reservacion_detalle', 1, NULL),
(2570, '2025-07-18 17:06:30', 'Inserción', 'reservacion_detalle', 1, NULL),
(2571, '2025-07-18 17:06:30', 'Inserción', 'reservacion_detalle', 1, NULL),
(2572, '2025-07-18 17:06:30', 'Inserción', 'reservacion_detalle', 1, NULL),
(2573, '2025-07-18 17:06:30', 'Inserción', 'reservacion_detalle', 1, NULL),
(2574, '2025-07-18 17:06:30', 'Inserción', 'reservacion_detalle', 1, NULL),
(2575, '2025-07-18 17:06:30', 'Inserción', 'reservacion_detalle', 1, NULL),
(2576, '2025-07-18 17:06:30', 'Inserción', 'reservacion_detalle', 1, NULL),
(2577, '2025-07-18 17:06:30', 'Inserción', 'reservacion_detalle', 1, NULL),
(2578, '2025-07-18 17:06:30', 'Inserción', 'reservacion_detalle', 1, NULL),
(2579, '2025-07-18 17:06:30', 'Inserción', 'reservacion_detalle', 1, NULL),
(2580, '2025-07-18 17:06:30', 'Inserción', 'reservacion_detalle', 1, NULL),
(2581, '2025-07-18 17:06:30', 'Inserción', 'reservacion_detalle', 1, NULL),
(2582, '2025-07-18 17:06:30', 'Inserción', 'reservacion_detalle', 1, NULL),
(2583, '2025-07-18 17:06:30', 'Inserción', 'reservacion_detalle', 1, NULL),
(2584, '2025-07-18 17:06:30', 'Inserción', 'reservacion_detalle', 1, NULL),
(2585, '2025-07-18 17:06:30', 'Inserción', 'reservacion_detalle', 1, NULL),
(2586, '2025-07-18 17:06:30', 'Inserción', 'reservacion_detalle', 1, NULL),
(2587, '2025-07-18 17:06:30', 'Inserción', 'reservacion_detalle', 1, NULL),
(2588, '2025-07-18 17:06:30', 'Inserción', 'reservacion_detalle', 1, NULL),
(2589, '2025-07-18 17:06:30', 'Inserción', 'reservacion_detalle', 1, NULL),
(2590, '2025-07-18 17:06:30', 'Inserción', 'reservacion_detalle', 1, NULL),
(2591, '2025-07-18 17:06:30', 'Inserción', 'reservacion_detalle', 1, NULL),
(2592, '2025-07-18 17:06:30', 'Inserción', 'reservacion_detalle', 1, NULL),
(2593, '2025-07-18 17:06:30', 'Inserción', 'reservacion_detalle', 1, NULL),
(2594, '2025-07-18 17:06:30', 'Inserción', 'reservacion_detalle', 1, NULL),
(2595, '2025-07-18 17:06:30', 'Inserción', 'reservacion_detalle', 1, NULL),
(2596, '2025-07-18 17:06:30', 'Inserción', 'reservacion_detalle', 1, NULL),
(2597, '2025-07-18 17:06:30', 'Inserción', 'reservacion_detalle', 1, NULL),
(2598, '2025-07-18 17:06:30', 'Inserción', 'reservacion_detalle', 1, NULL),
(2599, '2025-07-18 17:06:30', 'Inserción', 'reservacion_detalle', 1, NULL),
(2600, '2025-07-18 17:06:30', 'Inserción', 'reservacion_detalle', 1, NULL),
(2601, '2025-07-18 17:06:30', 'Inserción', 'reservacion_detalle', 1, NULL),
(2602, '2025-07-18 17:06:30', 'Inserción', 'reservacion_detalle', 1, NULL),
(2603, '2025-07-18 17:06:30', 'Inserción', 'reservacion_detalle', 1, NULL),
(2604, '2025-07-18 17:06:31', 'Inserción', 'reservacion_detalle', 1, NULL),
(2605, '2025-07-18 17:35:55', 'Inserción', 'vuelos', 1, NULL),
(2606, '2025-07-18 17:42:45', 'Inserción', 'reservacion_detalle', 1, NULL),
(2607, '2025-07-18 17:43:22', 'Modificación', 'reservaciones', 1, NULL),
(2608, '2025-07-18 17:44:40', 'Borrado', 'reservacion_detalle', 1, NULL),
(2609, '2025-07-18 17:45:17', 'Borrado', 'vuelos', 1, NULL),
(2610, '2025-07-18 17:54:42', 'Inserción', 'funcionarios', 1, NULL),
(2611, '2025-07-18 17:55:35', 'Modificación', 'funcionarios', 1, NULL),
(2612, '2025-07-18 17:58:56', 'Borrado', 'funcionarios', 1, NULL),
(2613, '2025-07-18 18:04:55', 'Inserción', 'secciones', 1, NULL),
(2614, '2025-07-18 18:05:38', 'Modificación', 'secciones', 1, NULL),
(2615, '2025-07-18 18:06:11', 'Borrado', 'secciones', 1, NULL),
(2616, '2025-07-18 18:13:56', 'Inserción', 'funcionarios', 1, NULL),
(2617, '2025-07-18 18:14:34', 'Modificación', 'funcionarios', 1, NULL),
(2618, '2025-07-18 18:17:13', 'Borrado', 'funcionarios', 1, NULL),
(2619, '2025-07-18 18:19:33', 'Inserción', 'asientos', 1, NULL),
(2620, '2025-07-18 18:20:08', 'Modificación', 'asientos', 1, NULL),
(2621, '2025-07-18 18:20:39', 'Borrado', 'asientos', 1, NULL),
(2622, '2025-07-18 18:23:12', 'Inserción', 'aviones', 1, NULL),
(2623, '2025-07-18 18:24:14', 'Modificación', 'aviones', 1, NULL),
(2624, '2025-07-18 18:24:47', 'Borrado', 'aviones', 1, NULL),
(2625, '2025-07-18 18:33:01', 'Inserción', 'aviones', 1, NULL),
(2626, '2025-07-18 18:33:18', 'Inserción', 'vuelos', 1, NULL),
(2627, '2025-07-18 18:35:27', 'Inserción', 'vuelo_tripulacion', 1, NULL),
(2628, '2025-07-18 18:38:10', 'Borrado', 'vuelo_tripulacion', 1, NULL),
(2629, '2025-07-18 18:38:31', 'Borrado', 'vuelos', 1, NULL),
(2630, '2025-07-19 16:19:58', 'Inserción', 'clientes', 1, '101'),
(2631, '2025-07-19 16:23:35', 'Modificación', 'clientes', 1, NULL),
(2632, '2025-07-19 16:23:35', 'Actualización', 'clientes', 1, '101'),
(2633, '2025-07-19 16:26:16', 'Borrado', 'clientes', 1, NULL),
(2634, '2025-07-19 16:26:16', 'Eliminación', 'clientes', 1, '102'),
(2635, '2025-07-19 16:27:58', 'Inserción', 'clientes', 1, '101'),
(2636, '2025-07-19 16:27:58', 'Borrado', 'clientes', 1, NULL),
(2637, '2025-07-19 16:27:58', 'Eliminación', 'clientes', 1, '102'),
(2638, '2025-07-19 16:57:51', 'Inserción', 'secciones', 1, NULL),
(2639, '2025-07-19 16:58:15', 'Inserción', 'asientos', 1, NULL),
(2640, '2025-07-19 16:58:15', 'Inserción', 'asientos', 1, NULL),
(2641, '2025-07-19 16:58:15', 'Inserción', 'asientos', 1, NULL),
(2642, '2025-07-19 16:58:15', 'Inserción', 'asientos', 1, NULL),
(2643, '2025-07-19 16:58:15', 'Inserción', 'asientos', 1, NULL),
(2644, '2025-07-19 16:58:15', 'Inserción', 'asientos', 1, NULL),
(2645, '2025-07-19 16:58:15', 'Inserción', 'asientos', 1, NULL),
(2646, '2025-07-19 16:58:15', 'Inserción', 'asientos', 1, NULL),
(2647, '2025-07-19 16:58:15', 'Inserción', 'asientos', 1, NULL),
(2648, '2025-07-19 16:58:15', 'Inserción', 'asientos', 1, NULL),
(2649, '2025-07-19 16:58:15', 'Inserción', 'asientos', 1, NULL),
(2650, '2025-07-19 16:58:15', 'Inserción', 'asientos', 1, NULL),
(2651, '2025-07-19 16:58:15', 'Inserción', 'asientos', 1, NULL),
(2652, '2025-07-19 16:58:15', 'Inserción', 'asientos', 1, NULL),
(2653, '2025-07-19 16:58:15', 'Inserción', 'asientos', 1, NULL),
(2654, '2025-07-19 16:58:15', 'Inserción', 'asientos', 1, NULL),
(2655, '2025-07-19 16:58:15', 'Inserción', 'asientos', 1, NULL),
(2656, '2025-07-19 16:58:15', 'Inserción', 'asientos', 1, NULL),
(2657, '2025-07-19 16:58:15', 'Inserción', 'asientos', 1, NULL),
(2658, '2025-07-19 16:58:15', 'Inserción', 'asientos', 1, NULL),
(2659, '2025-07-19 16:58:15', 'Inserción', 'asientos', 1, NULL),
(2660, '2025-07-19 16:58:15', 'Inserción', 'asientos', 1, NULL),
(2661, '2025-07-19 16:58:15', 'Inserción', 'asientos', 1, NULL),
(2662, '2025-07-19 16:58:15', 'Inserción', 'asientos', 1, NULL),
(2663, '2025-07-19 16:58:15', 'Inserción', 'asientos', 1, NULL),
(2664, '2025-07-19 17:00:05', 'Inserción', 'asientos', 1, NULL),
(2665, '2025-07-19 17:00:05', 'Inserción', 'asientos', 1, NULL),
(2666, '2025-07-19 17:00:05', 'Inserción', 'asientos', 1, NULL),
(2667, '2025-07-19 17:00:05', 'Inserción', 'asientos', 1, NULL),
(2668, '2025-07-19 17:00:05', 'Inserción', 'asientos', 1, NULL),
(2669, '2025-07-19 17:00:05', 'Inserción', 'asientos', 1, NULL),
(2670, '2025-07-19 17:00:05', 'Inserción', 'asientos', 1, NULL),
(2671, '2025-07-19 17:00:05', 'Inserción', 'asientos', 1, NULL),
(2672, '2025-07-19 17:00:05', 'Inserción', 'asientos', 1, NULL),
(2673, '2025-07-19 17:00:05', 'Inserción', 'asientos', 1, NULL),
(2674, '2025-07-19 17:00:05', 'Inserción', 'asientos', 1, NULL),
(2675, '2025-07-19 17:00:05', 'Inserción', 'asientos', 1, NULL),
(2676, '2025-07-19 17:00:05', 'Inserción', 'asientos', 1, NULL),
(2677, '2025-07-19 17:00:05', 'Inserción', 'asientos', 1, NULL),
(2678, '2025-07-19 17:00:05', 'Inserción', 'asientos', 1, NULL),
(2679, '2025-07-19 17:22:29', 'Borrado', 'aviones', 1, NULL),
(2680, '2025-07-19 17:34:38', 'Inserción', 'vuelos', 1, NULL),
(2681, '2025-07-19 17:40:59', 'Inserción', 'vuelo_tripulacion', 1, NULL),
(2682, '2025-07-19 17:40:59', 'Inserción', 'vuelo_tripulacion', 1, NULL),
(2683, '2025-07-19 17:40:59', 'Inserción', 'vuelo_tripulacion', 1, NULL),
(2684, '2025-07-19 17:40:59', 'Inserción', 'vuelo_tripulacion', 1, NULL),
(2685, '2025-07-19 17:40:59', 'Inserción', 'vuelo_tripulacion', 1, NULL),
(2686, '2025-07-19 17:40:59', 'Inserción', 'vuelo_tripulacion', 1, NULL),
(2687, '2025-07-19 18:29:54', 'Inserción', 'reservaciones', 1, NULL),
(2688, '2025-07-19 18:32:12', 'Borrado', 'reservaciones', 1, NULL),
(2689, '2025-07-19 18:43:24', 'Inserción', 'clientes', 1, NULL),
(2690, '2025-07-19 18:52:23', 'Inserción', 'reservaciones', 1, NULL),
(2691, '2025-07-19 18:54:23', 'Modificación', 'aviones', 1, NULL),
(2692, '2025-07-21 15:24:21', 'Inserción', 'vuelos', 1, NULL),
(2693, '2025-07-21 15:26:20', 'Inserción', 'funcionarios', 1, NULL),
(2694, '2025-07-21 15:26:20', 'Inserción', 'funcionarios', 1, NULL),
(2695, '2025-07-21 15:26:20', 'Inserción', 'funcionarios', 1, NULL),
(2696, '2025-07-21 15:26:20', 'Inserción', 'funcionarios', 1, NULL),
(2697, '2025-07-21 15:26:20', 'Inserción', 'funcionarios', 1, NULL),
(2698, '2025-07-21 15:26:20', 'Inserción', 'funcionarios', 1, NULL),
(2699, '2025-07-21 15:29:52', 'Modificación', 'funcionarios', 1, NULL),
(2700, '2025-07-21 15:29:52', 'Modificación', 'funcionarios', 1, NULL),
(2701, '2025-07-21 15:29:52', 'Modificación', 'funcionarios', 1, NULL),
(2702, '2025-07-21 15:29:52', 'Modificación', 'funcionarios', 1, NULL),
(2703, '2025-07-21 15:29:52', 'Modificación', 'funcionarios', 1, NULL),
(2704, '2025-07-21 15:29:52', 'Modificación', 'funcionarios', 1, NULL),
(2705, '2025-07-21 15:32:51', 'Inserción', 'reservaciones', 1, NULL),
(2706, '2025-07-21 15:37:53', 'Inserción', 'secciones', 1, NULL),
(2707, '2025-07-21 15:37:53', 'Inserción', 'secciones', 1, NULL),
(2708, '2025-07-21 15:38:13', 'Inserción', 'asientos', 1, NULL),
(2709, '2025-07-21 15:38:13', 'Inserción', 'asientos', 1, NULL),
(2710, '2025-07-21 15:38:13', 'Inserción', 'asientos', 1, NULL),
(2711, '2025-07-21 15:38:32', 'Inserción', 'reservacion_detalle', 1, NULL),
(2712, '2025-07-21 15:38:32', 'Inserción', 'reservacion_detalle', 1, NULL),
(2713, '2025-07-21 15:38:32', 'Inserción', 'reservacion_detalle', 1, NULL),
(2714, '2025-07-21 15:44:05', 'Borrado', 'reservacion_detalle', 1, NULL),
(2715, '2025-07-21 15:44:05', 'Borrado', 'reservacion_detalle', 1, NULL),
(2716, '2025-07-21 15:44:05', 'Borrado', 'reservacion_detalle', 1, NULL),
(2717, '2025-07-21 15:44:05', 'Borrado', 'reservaciones', 1, NULL),
(2718, '2025-07-21 15:44:05', 'Modificación', 'funcionarios', 1, NULL),
(2719, '2025-07-21 15:44:05', 'Modificación', 'funcionarios', 1, NULL),
(2720, '2025-07-21 15:44:05', 'Modificación', 'funcionarios', 1, NULL),
(2721, '2025-07-21 15:44:05', 'Modificación', 'funcionarios', 1, NULL),
(2722, '2025-07-21 15:44:05', 'Modificación', 'funcionarios', 1, NULL),
(2723, '2025-07-21 15:44:05', 'Modificación', 'funcionarios', 1, NULL),
(2724, '2025-07-21 15:44:05', 'Borrado', 'funcionarios', 1, NULL),
(2725, '2025-07-21 15:44:05', 'Borrado', 'funcionarios', 1, NULL),
(2726, '2025-07-21 15:44:05', 'Borrado', 'funcionarios', 1, NULL),
(2727, '2025-07-21 15:44:05', 'Borrado', 'funcionarios', 1, NULL),
(2728, '2025-07-21 15:44:05', 'Borrado', 'funcionarios', 1, NULL),
(2729, '2025-07-21 15:44:05', 'Borrado', 'funcionarios', 1, NULL),
(2730, '2025-07-21 15:44:05', 'Borrado', 'asientos', 1, NULL),
(2731, '2025-07-21 15:44:05', 'Borrado', 'asientos', 1, NULL),
(2732, '2025-07-21 15:44:05', 'Borrado', 'asientos', 1, NULL),
(2733, '2025-07-21 15:44:05', 'Borrado', 'secciones', 1, NULL),
(2734, '2025-07-21 15:44:05', 'Borrado', 'secciones', 1, NULL),
(2735, '2025-07-21 15:44:05', 'Borrado', 'vuelos', 1, NULL),
(2736, '2025-07-21 15:46:10', 'Inserción', 'vuelos', 1, NULL),
(2737, '2025-07-21 15:46:21', 'Inserción', 'funcionarios', 1, NULL),
(2738, '2025-07-21 15:46:21', 'Inserción', 'funcionarios', 1, NULL),
(2739, '2025-07-21 15:46:21', 'Inserción', 'funcionarios', 1, NULL),
(2740, '2025-07-21 15:46:21', 'Inserción', 'funcionarios', 1, NULL),
(2741, '2025-07-21 15:46:21', 'Inserción', 'funcionarios', 1, NULL),
(2742, '2025-07-21 15:46:21', 'Inserción', 'funcionarios', 1, NULL),
(2743, '2025-07-21 15:46:57', 'Modificación', 'funcionarios', 1, NULL),
(2744, '2025-07-21 15:46:57', 'Modificación', 'funcionarios', 1, NULL),
(2745, '2025-07-21 15:46:57', 'Modificación', 'funcionarios', 1, NULL),
(2746, '2025-07-21 15:46:57', 'Modificación', 'funcionarios', 1, NULL),
(2747, '2025-07-21 15:46:57', 'Modificación', 'funcionarios', 1, NULL),
(2748, '2025-07-21 15:46:57', 'Modificación', 'funcionarios', 1, NULL),
(2749, '2025-07-21 15:47:09', 'Inserción', 'secciones', 1, NULL),
(2750, '2025-07-21 15:47:09', 'Inserción', 'secciones', 1, NULL),
(2751, '2025-07-21 15:47:23', 'Inserción', 'asientos', 1, NULL),
(2752, '2025-07-21 15:47:23', 'Inserción', 'asientos', 1, NULL),
(2753, '2025-07-21 15:47:23', 'Inserción', 'asientos', 1, NULL),
(2754, '2025-07-21 15:47:33', 'Inserción', 'reservaciones', 1, NULL),
(2755, '2025-07-21 15:47:46', 'Inserción', 'reservacion_detalle', 1, NULL),
(2756, '2025-07-21 15:47:46', 'Inserción', 'reservacion_detalle', 1, NULL),
(2757, '2025-07-21 15:47:46', 'Inserción', 'reservacion_detalle', 1, NULL),
(2758, '2025-07-21 15:50:32', 'Borrado', 'reservacion_detalle', 1, NULL),
(2759, '2025-07-21 15:50:32', 'Borrado', 'reservacion_detalle', 1, NULL),
(2760, '2025-07-21 15:50:32', 'Borrado', 'reservacion_detalle', 1, NULL),
(2761, '2025-07-21 15:50:32', 'Borrado', 'reservaciones', 1, NULL),
(2762, '2025-07-21 15:50:32', 'Modificación', 'funcionarios', 1, NULL),
(2763, '2025-07-21 15:50:32', 'Modificación', 'funcionarios', 1, NULL),
(2764, '2025-07-21 15:50:32', 'Modificación', 'funcionarios', 1, NULL),
(2765, '2025-07-21 15:50:32', 'Modificación', 'funcionarios', 1, NULL),
(2766, '2025-07-21 15:50:32', 'Modificación', 'funcionarios', 1, NULL),
(2767, '2025-07-21 15:50:32', 'Modificación', 'funcionarios', 1, NULL),
(2768, '2025-07-21 15:50:32', 'Borrado', 'funcionarios', 1, NULL),
(2769, '2025-07-21 15:50:32', 'Borrado', 'funcionarios', 1, NULL),
(2770, '2025-07-21 15:50:32', 'Borrado', 'funcionarios', 1, NULL),
(2771, '2025-07-21 15:50:32', 'Borrado', 'funcionarios', 1, NULL),
(2772, '2025-07-21 15:50:32', 'Borrado', 'funcionarios', 1, NULL),
(2773, '2025-07-21 15:50:32', 'Borrado', 'funcionarios', 1, NULL),
(2774, '2025-07-21 15:50:32', 'Borrado', 'asientos', 1, NULL),
(2775, '2025-07-21 15:50:32', 'Borrado', 'asientos', 1, NULL),
(2776, '2025-07-21 15:50:32', 'Borrado', 'asientos', 1, NULL),
(2777, '2025-07-21 15:50:32', 'Borrado', 'secciones', 1, NULL),
(2778, '2025-07-21 15:50:32', 'Borrado', 'secciones', 1, NULL),
(2779, '2025-07-21 15:50:32', 'Borrado', 'vuelos', 1, NULL),
(2780, '2025-07-21 15:53:40', 'Inserción', 'vuelos', 1, NULL),
(2781, '2025-07-21 15:54:00', 'Inserción', 'funcionarios', 1, NULL),
(2782, '2025-07-21 15:54:21', 'Inserción', 'reservaciones', 1, NULL),
(2783, '2025-07-21 15:54:38', 'Inserción', 'secciones', 1, NULL),
(2784, '2025-07-21 15:54:38', 'Inserción', 'secciones', 1, NULL),
(2785, '2025-07-21 15:54:54', 'Inserción', 'asientos', 1, NULL),
(2786, '2025-07-21 15:54:54', 'Inserción', 'asientos', 1, NULL),
(2787, '2025-07-21 15:54:54', 'Inserción', 'asientos', 1, NULL),
(2788, '2025-07-21 15:55:06', 'Inserción', 'reservacion_detalle', 1, NULL),
(2789, '2025-07-21 15:55:06', 'Inserción', 'reservacion_detalle', 1, NULL),
(2790, '2025-07-21 15:55:06', 'Inserción', 'reservacion_detalle', 1, NULL),
(2791, '2025-07-21 16:04:24', 'Borrado', 'reservacion_detalle', 1, NULL),
(2792, '2025-07-21 16:04:24', 'Borrado', 'reservacion_detalle', 1, NULL),
(2793, '2025-07-21 16:04:24', 'Borrado', 'reservacion_detalle', 1, NULL),
(2794, '2025-07-21 16:04:24', 'Borrado', 'reservaciones', 1, NULL),
(2795, '2025-07-21 16:04:24', 'Modificación', 'funcionarios', 1, NULL),
(2796, '2025-07-21 16:04:24', 'Borrado', 'funcionarios', 1, NULL),
(2797, '2025-07-21 16:04:24', 'Borrado', 'asientos', 1, NULL),
(2798, '2025-07-21 16:04:24', 'Borrado', 'asientos', 1, NULL),
(2799, '2025-07-21 16:04:24', 'Borrado', 'asientos', 1, NULL),
(2800, '2025-07-21 16:04:24', 'Borrado', 'secciones', 1, NULL),
(2801, '2025-07-21 16:04:24', 'Borrado', 'secciones', 1, NULL),
(2802, '2025-07-21 16:04:24', 'Borrado', 'vuelos', 1, NULL),
(2804, '2025-07-21 16:21:40', 'Borrado', 'vuelo_tripulacion', 1, NULL),
(2805, '2025-07-21 16:21:40', 'Borrado', 'vuelo_tripulacion', 1, NULL),
(2806, '2025-07-21 16:21:40', 'Borrado', 'vuelo_tripulacion', 1, NULL),
(2807, '2025-07-21 16:21:40', 'Borrado', 'vuelo_tripulacion', 1, NULL),
(2808, '2025-07-21 16:21:40', 'Borrado', 'vuelo_tripulacion', 1, NULL),
(2809, '2025-07-21 16:21:40', 'Borrado', 'vuelo_tripulacion', 1, NULL),
(2810, '2025-07-21 16:21:40', 'Borrado', 'vuelos', 1, NULL),
(2811, '2025-07-21 16:21:40', 'Borrado', 'vuelos', 1, NULL),
(2812, '2025-07-21 16:27:20', 'Modificación', 'funcionarios', 1, NULL),
(2813, '2025-07-21 16:27:20', 'Modificación', 'funcionarios', 1, NULL),
(2814, '2025-07-21 16:27:20', 'Modificación', 'funcionarios', 1, NULL),
(2815, '2025-07-21 16:27:20', 'Modificación', 'funcionarios', 1, NULL),
(2816, '2025-07-21 16:27:20', 'Modificación', 'funcionarios', 1, NULL),
(2817, '2025-07-21 16:27:20', 'Modificación', 'funcionarios', 1, NULL),
(2818, '2025-07-21 16:27:20', 'Modificación', 'funcionarios', 1, NULL),
(2819, '2025-07-21 16:27:20', 'Modificación', 'funcionarios', 1, NULL),
(2820, '2025-07-21 16:27:20', 'Modificación', 'funcionarios', 1, NULL),
(2821, '2025-07-21 16:27:20', 'Modificación', 'funcionarios', 1, NULL),
(2822, '2025-07-21 16:27:20', 'Modificación', 'funcionarios', 1, NULL),
(2823, '2025-07-21 16:27:20', 'Modificación', 'funcionarios', 1, NULL),
(2824, '2025-07-21 16:27:20', 'Modificación', 'funcionarios', 1, NULL),
(2825, '2025-07-21 16:27:20', 'Modificación', 'funcionarios', 1, NULL),
(2826, '2025-07-21 16:27:20', 'Modificación', 'funcionarios', 1, NULL),
(2827, '2025-07-21 16:27:20', 'Modificación', 'funcionarios', 1, NULL),
(2828, '2025-07-21 16:27:20', 'Modificación', 'funcionarios', 1, NULL),
(2829, '2025-07-21 16:27:20', 'Modificación', 'funcionarios', 1, NULL),
(2830, '2025-07-21 16:27:20', 'Modificación', 'funcionarios', 1, NULL),
(2831, '2025-07-21 16:27:20', 'Modificación', 'funcionarios', 1, NULL),
(2832, '2025-07-21 16:27:20', 'Modificación', 'funcionarios', 1, NULL),
(2833, '2025-07-21 16:27:20', 'Modificación', 'funcionarios', 1, NULL),
(2834, '2025-07-21 16:27:20', 'Modificación', 'funcionarios', 1, NULL),
(2835, '2025-07-21 16:27:20', 'Modificación', 'funcionarios', 1, NULL),
(2836, '2025-07-21 16:40:09', 'Inserción', 'vuelos', 1, NULL),
(2837, '2025-07-21 16:41:24', 'Inserción', 'funcionarios', 1, NULL),
(2838, '2025-07-21 16:41:46', 'Inserción', 'reservaciones', 1, NULL),
(2839, '2025-07-21 16:42:05', 'Inserción', 'secciones', 1, NULL),
(2840, '2025-07-21 16:42:05', 'Inserción', 'secciones', 1, NULL),
(2841, '2025-07-21 16:42:24', 'Inserción', 'asientos', 1, NULL),
(2842, '2025-07-21 16:42:24', 'Inserción', 'asientos', 1, NULL),
(2843, '2025-07-21 16:42:24', 'Inserción', 'asientos', 1, NULL),
(2844, '2025-07-21 16:42:42', 'Inserción', 'reservacion_detalle', 1, NULL),
(2845, '2025-07-21 16:42:42', 'Inserción', 'reservacion_detalle', 1, NULL),
(2846, '2025-07-21 16:42:42', 'Inserción', 'reservacion_detalle', 1, NULL),
(2847, '2025-07-21 16:55:58', 'Borrado', 'reservacion_detalle', 1, NULL),
(2848, '2025-07-21 16:55:58', 'Borrado', 'reservacion_detalle', 1, NULL),
(2849, '2025-07-21 16:55:58', 'Borrado', 'reservacion_detalle', 1, NULL),
(2850, '2025-07-21 16:55:58', 'Borrado', 'reservaciones', 1, NULL),
(2851, '2025-07-21 16:55:58', 'Modificación', 'funcionarios', 1, NULL),
(2852, '2025-07-21 16:55:58', 'Borrado', 'vuelos', 1, NULL),
(2853, '2025-07-21 16:55:58', 'Borrado', 'asientos', 1, NULL),
(2854, '2025-07-21 16:55:58', 'Borrado', 'asientos', 1, NULL),
(2855, '2025-07-21 16:55:58', 'Borrado', 'asientos', 1, NULL),
(2856, '2025-07-21 16:55:58', 'Borrado', 'asientos', 1, NULL),
(2857, '2025-07-21 16:55:58', 'Borrado', 'asientos', 1, NULL),
(2858, '2025-07-21 16:55:58', 'Borrado', 'asientos', 1, NULL),
(2859, '2025-07-21 16:55:58', 'Borrado', 'asientos', 1, NULL),
(2860, '2025-07-21 16:55:58', 'Borrado', 'asientos', 1, NULL),
(2861, '2025-07-21 16:55:58', 'Borrado', 'asientos', 1, NULL),
(2862, '2025-07-21 16:55:58', 'Borrado', 'asientos', 1, NULL),
(2863, '2025-07-21 16:55:58', 'Borrado', 'asientos', 1, NULL),
(2864, '2025-07-21 16:55:58', 'Borrado', 'asientos', 1, NULL),
(2865, '2025-07-21 16:55:58', 'Borrado', 'asientos', 1, NULL),
(2866, '2025-07-21 16:55:58', 'Borrado', 'asientos', 1, NULL),
(2867, '2025-07-21 16:55:58', 'Borrado', 'asientos', 1, NULL),
(2868, '2025-07-21 16:55:58', 'Borrado', 'asientos', 1, NULL),
(2869, '2025-07-21 16:55:58', 'Borrado', 'asientos', 1, NULL),
(2870, '2025-07-21 16:55:58', 'Borrado', 'asientos', 1, NULL),
(2871, '2025-07-21 16:55:58', 'Borrado', 'asientos', 1, NULL),
(2872, '2025-07-21 16:55:58', 'Borrado', 'asientos', 1, NULL),
(2873, '2025-07-21 16:55:58', 'Borrado', 'asientos', 1, NULL),
(2874, '2025-07-21 16:55:58', 'Borrado', 'asientos', 1, NULL),
(2875, '2025-07-21 16:55:58', 'Borrado', 'asientos', 1, NULL),
(2876, '2025-07-21 16:55:58', 'Borrado', 'asientos', 1, NULL),
(2877, '2025-07-21 16:55:58', 'Borrado', 'asientos', 1, NULL),
(2878, '2025-07-21 16:55:58', 'Borrado', 'asientos', 1, NULL),
(2879, '2025-07-21 16:55:58', 'Borrado', 'asientos', 1, NULL),
(2880, '2025-07-21 16:55:58', 'Borrado', 'asientos', 1, NULL),
(2881, '2025-07-21 16:55:58', 'Borrado', 'asientos', 1, NULL),
(2882, '2025-07-21 16:55:58', 'Borrado', 'asientos', 1, NULL),
(2883, '2025-07-21 16:55:58', 'Borrado', 'asientos', 1, NULL),
(2884, '2025-07-21 16:55:58', 'Borrado', 'asientos', 1, NULL),
(2885, '2025-07-21 16:55:58', 'Borrado', 'asientos', 1, NULL),
(2886, '2025-07-21 16:55:58', 'Borrado', 'asientos', 1, NULL),
(2887, '2025-07-21 16:55:58', 'Borrado', 'asientos', 1, NULL),
(2888, '2025-07-21 16:55:58', 'Borrado', 'asientos', 1, NULL),
(2889, '2025-07-21 16:55:58', 'Borrado', 'asientos', 1, NULL),
(2890, '2025-07-21 16:55:58', 'Borrado', 'asientos', 1, NULL),
(2891, '2025-07-21 16:55:58', 'Borrado', 'asientos', 1, NULL),
(2892, '2025-07-21 16:55:58', 'Borrado', 'asientos', 1, NULL),
(2893, '2025-07-21 16:55:58', 'Borrado', 'asientos', 1, NULL),
(2894, '2025-07-21 16:55:58', 'Borrado', 'asientos', 1, NULL),
(2895, '2025-07-21 16:55:58', 'Borrado', 'asientos', 1, NULL),
(2896, '2025-07-21 16:55:58', 'Borrado', 'asientos', 1, NULL),
(2897, '2025-07-21 16:55:58', 'Borrado', 'asientos', 1, NULL),
(2898, '2025-07-21 16:55:58', 'Borrado', 'asientos', 1, NULL),
(2899, '2025-07-21 16:55:58', 'Borrado', 'asientos', 1, NULL),
(2900, '2025-07-21 16:55:58', 'Borrado', 'asientos', 1, NULL),
(2901, '2025-07-21 16:55:58', 'Borrado', 'asientos', 1, NULL),
(2902, '2025-07-21 16:55:58', 'Borrado', 'asientos', 1, NULL),
(2903, '2025-07-21 16:55:58', 'Borrado', 'asientos', 1, NULL),
(2904, '2025-07-21 16:55:58', 'Borrado', 'asientos', 1, NULL),
(2905, '2025-07-21 16:55:58', 'Borrado', 'asientos', 1, NULL),
(2906, '2025-07-21 16:55:58', 'Borrado', 'asientos', 1, NULL),
(2907, '2025-07-21 16:55:58', 'Borrado', 'asientos', 1, NULL),
(2908, '2025-07-21 16:55:58', 'Borrado', 'asientos', 1, NULL),
(2909, '2025-07-21 16:55:58', 'Borrado', 'asientos', 1, NULL),
(2910, '2025-07-21 16:55:58', 'Borrado', 'asientos', 1, NULL),
(2911, '2025-07-21 16:55:58', 'Borrado', 'asientos', 1, NULL),
(2912, '2025-07-21 16:55:58', 'Borrado', 'asientos', 1, NULL),
(2913, '2025-07-21 16:55:58', 'Borrado', 'asientos', 1, NULL),
(2914, '2025-07-21 16:55:58', 'Borrado', 'asientos', 1, NULL),
(2915, '2025-07-21 16:55:58', 'Borrado', 'asientos', 1, NULL),
(2916, '2025-07-21 16:55:58', 'Borrado', 'asientos', 1, NULL),
(2917, '2025-07-21 16:55:58', 'Borrado', 'asientos', 1, NULL),
(2918, '2025-07-21 16:55:58', 'Borrado', 'asientos', 1, NULL),
(2919, '2025-07-21 16:55:58', 'Borrado', 'asientos', 1, NULL),
(2920, '2025-07-21 16:55:58', 'Borrado', 'asientos', 1, NULL),
(2921, '2025-07-21 16:55:58', 'Borrado', 'asientos', 1, NULL),
(2922, '2025-07-21 16:55:58', 'Borrado', 'asientos', 1, NULL),
(2923, '2025-07-21 16:55:58', 'Borrado', 'asientos', 1, NULL),
(2924, '2025-07-21 16:55:58', 'Borrado', 'asientos', 1, NULL),
(2925, '2025-07-21 16:55:58', 'Borrado', 'asientos', 1, NULL),
(2926, '2025-07-21 16:55:58', 'Borrado', 'asientos', 1, NULL),
(2927, '2025-07-21 16:55:58', 'Borrado', 'asientos', 1, NULL),
(2928, '2025-07-21 16:55:58', 'Borrado', 'asientos', 1, NULL),
(2929, '2025-07-21 16:55:58', 'Borrado', 'asientos', 1, NULL),
(2930, '2025-07-21 16:55:58', 'Borrado', 'asientos', 1, NULL),
(2931, '2025-07-21 16:55:58', 'Borrado', 'asientos', 1, NULL),
(2932, '2025-07-21 16:55:58', 'Borrado', 'asientos', 1, NULL),
(2933, '2025-07-21 16:55:58', 'Borrado', 'asientos', 1, NULL),
(2934, '2025-07-21 16:55:58', 'Borrado', 'asientos', 1, NULL),
(2935, '2025-07-21 16:55:58', 'Borrado', 'asientos', 1, NULL),
(2936, '2025-07-21 16:55:58', 'Borrado', 'asientos', 1, NULL),
(2937, '2025-07-21 16:55:58', 'Borrado', 'asientos', 1, NULL),
(2938, '2025-07-21 16:55:58', 'Borrado', 'asientos', 1, NULL),
(2939, '2025-07-21 16:55:58', 'Borrado', 'asientos', 1, NULL),
(2940, '2025-07-21 16:55:58', 'Borrado', 'asientos', 1, NULL),
(2941, '2025-07-21 16:55:58', 'Borrado', 'asientos', 1, NULL),
(2942, '2025-07-21 16:55:58', 'Borrado', 'asientos', 1, NULL),
(2943, '2025-07-21 16:55:58', 'Borrado', 'asientos', 1, NULL),
(2944, '2025-07-21 16:55:58', 'Borrado', 'asientos', 1, NULL),
(2945, '2025-07-21 16:55:58', 'Borrado', 'asientos', 1, NULL),
(2946, '2025-07-21 16:55:58', 'Borrado', 'asientos', 1, NULL),
(2947, '2025-07-21 16:55:58', 'Borrado', 'asientos', 1, NULL),
(2948, '2025-07-21 16:55:58', 'Borrado', 'asientos', 1, NULL),
(2949, '2025-07-21 16:55:58', 'Borrado', 'asientos', 1, NULL),
(2950, '2025-07-21 16:55:58', 'Borrado', 'asientos', 1, NULL),
(2951, '2025-07-21 16:55:58', 'Borrado', 'asientos', 1, NULL),
(2952, '2025-07-21 16:55:58', 'Borrado', 'asientos', 1, NULL),
(2953, '2025-07-21 16:55:58', 'Borrado', 'asientos', 1, NULL),
(2954, '2025-07-21 16:55:58', 'Borrado', 'asientos', 1, NULL),
(2955, '2025-07-21 16:55:58', 'Borrado', 'asientos', 1, NULL),
(2956, '2025-07-21 16:55:58', 'Borrado', 'asientos', 1, NULL),
(2957, '2025-07-21 16:55:58', 'Borrado', 'asientos', 1, NULL),
(2958, '2025-07-21 16:55:58', 'Borrado', 'asientos', 1, NULL),
(2959, '2025-07-21 16:55:58', 'Borrado', 'asientos', 1, NULL),
(2960, '2025-07-21 16:55:58', 'Borrado', 'asientos', 1, NULL),
(2961, '2025-07-21 16:55:58', 'Borrado', 'asientos', 1, NULL),
(2962, '2025-07-21 16:55:58', 'Borrado', 'asientos', 1, NULL),
(2963, '2025-07-21 16:55:58', 'Borrado', 'asientos', 1, NULL),
(2964, '2025-07-21 16:55:58', 'Borrado', 'asientos', 1, NULL),
(2965, '2025-07-21 16:55:58', 'Borrado', 'asientos', 1, NULL),
(2966, '2025-07-21 16:55:58', 'Borrado', 'asientos', 1, NULL),
(2967, '2025-07-21 16:55:58', 'Borrado', 'asientos', 1, NULL),
(2968, '2025-07-21 16:55:58', 'Borrado', 'asientos', 1, NULL),
(2969, '2025-07-21 16:55:58', 'Borrado', 'asientos', 1, NULL),
(2970, '2025-07-21 16:55:58', 'Borrado', 'asientos', 1, NULL),
(2971, '2025-07-21 16:55:58', 'Borrado', 'asientos', 1, NULL),
(2972, '2025-07-21 16:55:58', 'Borrado', 'asientos', 1, NULL),
(2973, '2025-07-21 16:55:58', 'Borrado', 'asientos', 1, NULL),
(2974, '2025-07-21 16:55:58', 'Borrado', 'asientos', 1, NULL),
(2975, '2025-07-21 16:55:58', 'Borrado', 'asientos', 1, NULL),
(2976, '2025-07-21 16:55:58', 'Borrado', 'asientos', 1, NULL),
(2977, '2025-07-21 16:55:58', 'Borrado', 'asientos', 1, NULL),
(2978, '2025-07-21 16:55:58', 'Borrado', 'asientos', 1, NULL),
(2979, '2025-07-21 16:55:58', 'Borrado', 'asientos', 1, NULL),
(2980, '2025-07-21 16:55:58', 'Borrado', 'asientos', 1, NULL),
(2981, '2025-07-21 16:55:58', 'Borrado', 'asientos', 1, NULL),
(2982, '2025-07-21 16:55:58', 'Borrado', 'asientos', 1, NULL),
(2983, '2025-07-21 16:55:58', 'Borrado', 'asientos', 1, NULL),
(2984, '2025-07-21 16:55:58', 'Borrado', 'asientos', 1, NULL),
(2985, '2025-07-21 16:55:58', 'Borrado', 'asientos', 1, NULL),
(2986, '2025-07-21 16:55:58', 'Borrado', 'asientos', 1, NULL),
(2987, '2025-07-21 16:55:58', 'Borrado', 'asientos', 1, NULL),
(2988, '2025-07-21 16:55:58', 'Borrado', 'asientos', 1, NULL),
(2989, '2025-07-21 16:55:58', 'Borrado', 'asientos', 1, NULL),
(2990, '2025-07-21 16:55:58', 'Borrado', 'asientos', 1, NULL),
(2991, '2025-07-21 16:55:58', 'Borrado', 'asientos', 1, NULL),
(2992, '2025-07-21 16:55:58', 'Borrado', 'asientos', 1, NULL),
(2993, '2025-07-21 16:55:58', 'Borrado', 'asientos', 1, NULL),
(2994, '2025-07-21 16:55:58', 'Borrado', 'asientos', 1, NULL),
(2995, '2025-07-21 16:55:58', 'Borrado', 'asientos', 1, NULL),
(2996, '2025-07-21 16:55:58', 'Borrado', 'asientos', 1, NULL),
(2997, '2025-07-21 16:55:58', 'Borrado', 'asientos', 1, NULL),
(2998, '2025-07-21 16:55:58', 'Borrado', 'asientos', 1, NULL),
(2999, '2025-07-21 16:55:58', 'Borrado', 'asientos', 1, NULL),
(3000, '2025-07-21 16:55:58', 'Borrado', 'asientos', 1, NULL),
(3001, '2025-07-21 16:55:58', 'Borrado', 'asientos', 1, NULL),
(3002, '2025-07-21 16:55:58', 'Borrado', 'asientos', 1, NULL),
(3003, '2025-07-21 16:55:58', 'Borrado', 'asientos', 1, NULL),
(3004, '2025-07-21 16:55:58', 'Borrado', 'asientos', 1, NULL),
(3005, '2025-07-21 16:55:58', 'Borrado', 'asientos', 1, NULL),
(3006, '2025-07-21 16:55:58', 'Borrado', 'asientos', 1, NULL),
(3007, '2025-07-21 16:55:58', 'Borrado', 'asientos', 1, NULL),
(3008, '2025-07-21 16:55:58', 'Borrado', 'asientos', 1, NULL),
(3009, '2025-07-21 16:55:58', 'Borrado', 'asientos', 1, NULL),
(3010, '2025-07-21 16:55:58', 'Borrado', 'asientos', 1, NULL),
(3011, '2025-07-21 16:55:58', 'Borrado', 'asientos', 1, NULL),
(3012, '2025-07-21 16:55:58', 'Borrado', 'asientos', 1, NULL),
(3013, '2025-07-21 16:55:58', 'Borrado', 'asientos', 1, NULL),
(3014, '2025-07-21 16:55:58', 'Borrado', 'asientos', 1, NULL),
(3015, '2025-07-21 16:55:58', 'Borrado', 'asientos', 1, NULL),
(3016, '2025-07-21 16:55:58', 'Borrado', 'asientos', 1, NULL),
(3017, '2025-07-21 16:55:58', 'Borrado', 'asientos', 1, NULL),
(3018, '2025-07-21 16:55:58', 'Borrado', 'asientos', 1, NULL),
(3019, '2025-07-21 16:55:58', 'Borrado', 'asientos', 1, NULL),
(3020, '2025-07-21 16:55:58', 'Borrado', 'asientos', 1, NULL),
(3021, '2025-07-21 16:55:58', 'Borrado', 'asientos', 1, NULL),
(3022, '2025-07-21 16:55:58', 'Borrado', 'asientos', 1, NULL),
(3023, '2025-07-21 16:55:58', 'Borrado', 'asientos', 1, NULL),
(3024, '2025-07-21 16:55:58', 'Borrado', 'asientos', 1, NULL),
(3025, '2025-07-21 16:55:58', 'Borrado', 'asientos', 1, NULL),
(3026, '2025-07-21 16:55:58', 'Borrado', 'asientos', 1, NULL),
(3027, '2025-07-21 16:55:58', 'Borrado', 'asientos', 1, NULL),
(3028, '2025-07-21 16:55:58', 'Borrado', 'asientos', 1, NULL),
(3029, '2025-07-21 16:55:58', 'Borrado', 'asientos', 1, NULL),
(3030, '2025-07-21 16:55:58', 'Borrado', 'asientos', 1, NULL),
(3031, '2025-07-21 16:55:58', 'Borrado', 'asientos', 1, NULL),
(3032, '2025-07-21 16:55:58', 'Borrado', 'asientos', 1, NULL),
(3033, '2025-07-21 16:55:58', 'Borrado', 'asientos', 1, NULL),
(3034, '2025-07-21 16:55:58', 'Borrado', 'asientos', 1, NULL),
(3035, '2025-07-21 16:55:58', 'Borrado', 'asientos', 1, NULL),
(3036, '2025-07-21 16:55:58', 'Borrado', 'asientos', 1, NULL),
(3037, '2025-07-21 16:55:58', 'Borrado', 'asientos', 1, NULL),
(3038, '2025-07-21 16:55:58', 'Borrado', 'asientos', 1, NULL),
(3039, '2025-07-21 16:55:58', 'Borrado', 'asientos', 1, NULL),
(3040, '2025-07-21 16:55:58', 'Borrado', 'asientos', 1, NULL),
(3041, '2025-07-21 16:55:58', 'Borrado', 'asientos', 1, NULL),
(3042, '2025-07-21 16:55:58', 'Borrado', 'asientos', 1, NULL),
(3043, '2025-07-21 16:55:58', 'Borrado', 'asientos', 1, NULL),
(3044, '2025-07-21 16:55:58', 'Borrado', 'asientos', 1, NULL),
(3045, '2025-07-21 16:55:58', 'Borrado', 'asientos', 1, NULL),
(3046, '2025-07-21 16:55:58', 'Borrado', 'asientos', 1, NULL),
(3047, '2025-07-21 16:55:58', 'Borrado', 'asientos', 1, NULL),
(3048, '2025-07-21 16:55:58', 'Borrado', 'asientos', 1, NULL),
(3049, '2025-07-21 16:55:58', 'Borrado', 'asientos', 1, NULL),
(3050, '2025-07-21 16:55:58', 'Borrado', 'asientos', 1, NULL),
(3051, '2025-07-21 16:55:58', 'Borrado', 'asientos', 1, NULL),
(3052, '2025-07-21 16:55:58', 'Borrado', 'asientos', 1, NULL),
(3053, '2025-07-21 16:55:58', 'Borrado', 'asientos', 1, NULL),
(3054, '2025-07-21 16:55:58', 'Borrado', 'asientos', 1, NULL),
(3055, '2025-07-21 16:55:58', 'Borrado', 'asientos', 1, NULL),
(3056, '2025-07-21 16:55:58', 'Borrado', 'asientos', 1, NULL),
(3057, '2025-07-21 16:55:58', 'Borrado', 'asientos', 1, NULL),
(3058, '2025-07-21 16:55:58', 'Borrado', 'asientos', 1, NULL),
(3059, '2025-07-21 16:55:58', 'Borrado', 'asientos', 1, NULL),
(3060, '2025-07-21 16:55:58', 'Borrado', 'asientos', 1, NULL),
(3061, '2025-07-21 16:55:58', 'Borrado', 'asientos', 1, NULL),
(3062, '2025-07-21 16:55:58', 'Borrado', 'asientos', 1, NULL),
(3063, '2025-07-21 16:55:58', 'Borrado', 'asientos', 1, NULL),
(3064, '2025-07-21 16:55:58', 'Borrado', 'asientos', 1, NULL),
(3065, '2025-07-21 16:55:58', 'Borrado', 'asientos', 1, NULL),
(3066, '2025-07-21 16:55:58', 'Borrado', 'asientos', 1, NULL),
(3067, '2025-07-21 16:55:58', 'Borrado', 'asientos', 1, NULL),
(3068, '2025-07-21 16:55:58', 'Borrado', 'asientos', 1, NULL),
(3069, '2025-07-21 16:55:58', 'Borrado', 'asientos', 1, NULL),
(3070, '2025-07-21 16:55:58', 'Borrado', 'asientos', 1, NULL),
(3071, '2025-07-21 16:55:58', 'Borrado', 'asientos', 1, NULL),
(3072, '2025-07-21 16:55:58', 'Borrado', 'asientos', 1, NULL),
(3073, '2025-07-21 16:55:58', 'Borrado', 'asientos', 1, NULL),
(3074, '2025-07-21 16:55:58', 'Borrado', 'asientos', 1, NULL),
(3075, '2025-07-21 16:55:58', 'Borrado', 'asientos', 1, NULL),
(3076, '2025-07-21 16:55:58', 'Borrado', 'asientos', 1, NULL),
(3077, '2025-07-21 16:55:58', 'Borrado', 'asientos', 1, NULL),
(3078, '2025-07-21 16:55:58', 'Borrado', 'asientos', 1, NULL),
(3079, '2025-07-21 16:55:58', 'Borrado', 'asientos', 1, NULL),
(3080, '2025-07-21 16:55:58', 'Borrado', 'asientos', 1, NULL),
(3081, '2025-07-21 16:55:58', 'Borrado', 'asientos', 1, NULL),
(3082, '2025-07-21 16:55:58', 'Borrado', 'asientos', 1, NULL),
(3083, '2025-07-21 16:55:58', 'Borrado', 'asientos', 1, NULL),
(3084, '2025-07-21 16:55:58', 'Borrado', 'asientos', 1, NULL),
(3085, '2025-07-21 16:55:58', 'Borrado', 'asientos', 1, NULL),
(3086, '2025-07-21 16:55:58', 'Borrado', 'asientos', 1, NULL),
(3087, '2025-07-21 16:55:58', 'Borrado', 'asientos', 1, NULL),
(3088, '2025-07-21 16:55:58', 'Borrado', 'asientos', 1, NULL),
(3089, '2025-07-21 16:55:58', 'Borrado', 'asientos', 1, NULL),
(3090, '2025-07-21 16:55:58', 'Borrado', 'asientos', 1, NULL),
(3091, '2025-07-21 16:55:58', 'Borrado', 'asientos', 1, NULL),
(3092, '2025-07-21 16:55:58', 'Borrado', 'asientos', 1, NULL),
(3093, '2025-07-21 16:55:58', 'Borrado', 'asientos', 1, NULL),
(3094, '2025-07-21 16:55:58', 'Borrado', 'asientos', 1, NULL),
(3095, '2025-07-21 16:55:58', 'Borrado', 'asientos', 1, NULL),
(3096, '2025-07-21 16:55:58', 'Borrado', 'asientos', 1, NULL),
(3097, '2025-07-21 16:55:58', 'Borrado', 'asientos', 1, NULL),
(3098, '2025-07-21 16:55:58', 'Borrado', 'asientos', 1, NULL),
(3099, '2025-07-21 16:55:58', 'Borrado', 'asientos', 1, NULL),
(3100, '2025-07-21 16:55:58', 'Borrado', 'asientos', 1, NULL),
(3101, '2025-07-21 16:55:58', 'Borrado', 'asientos', 1, NULL),
(3102, '2025-07-21 16:55:58', 'Borrado', 'asientos', 1, NULL),
(3103, '2025-07-21 16:55:58', 'Borrado', 'asientos', 1, NULL),
(3104, '2025-07-21 16:55:58', 'Borrado', 'asientos', 1, NULL),
(3105, '2025-07-21 16:55:58', 'Borrado', 'secciones', 1, NULL),
(3106, '2025-07-21 16:55:58', 'Borrado', 'secciones', 1, NULL),
(3107, '2025-07-21 16:55:58', 'Borrado', 'secciones', 1, NULL),
(3108, '2025-07-21 16:55:58', 'Borrado', 'secciones', 1, NULL),
(3109, '2025-07-21 16:55:58', 'Borrado', 'secciones', 1, NULL),
(3110, '2025-07-21 16:55:58', 'Borrado', 'aviones', 1, NULL),
(3111, '2025-07-21 16:58:48', 'Inserción', 'aviones', 1, NULL),
(3112, '2025-07-21 17:03:38', 'Inserción', 'vuelos', 1, NULL),
(3113, '2025-07-21 17:04:56', 'Borrado', 'funcionarios', 1, NULL),
(3114, '2025-07-21 17:04:56', 'Inserción', 'funcionarios', 1, NULL),
(3115, '2025-07-21 17:05:19', 'Inserción', 'reservaciones', 1, NULL),
(3116, '2025-07-21 17:05:41', 'Inserción', 'secciones', 1, NULL),
(3117, '2025-07-21 17:05:41', 'Inserción', 'secciones', 1, NULL),
(3118, '2025-07-21 17:06:13', 'Inserción', 'asientos', 1, NULL),
(3119, '2025-07-21 17:06:13', 'Inserción', 'asientos', 1, NULL),
(3120, '2025-07-21 17:06:13', 'Inserción', 'asientos', 1, NULL),
(3121, '2025-07-21 17:06:41', 'Inserción', 'reservacion_detalle', 1, NULL),
(3122, '2025-07-21 17:06:41', 'Inserción', 'reservacion_detalle', 1, NULL),
(3123, '2025-07-21 17:06:41', 'Inserción', 'reservacion_detalle', 1, NULL),
(3124, '2025-07-21 17:09:17', 'Borrado', 'reservacion_detalle', 1, NULL),
(3125, '2025-07-21 17:09:17', 'Borrado', 'reservacion_detalle', 1, NULL),
(3126, '2025-07-21 17:09:17', 'Borrado', 'reservacion_detalle', 1, NULL),
(3127, '2025-07-21 17:09:17', 'Borrado', 'reservaciones', 1, NULL),
(3128, '2025-07-21 17:09:17', 'Modificación', 'funcionarios', 1, NULL),
(3129, '2025-07-21 17:09:18', 'Borrado', 'vuelos', 1, NULL),
(3130, '2025-07-21 17:09:18', 'Borrado', 'asientos', 1, NULL),
(3131, '2025-07-21 17:09:18', 'Borrado', 'asientos', 1, NULL),
(3132, '2025-07-21 17:09:18', 'Borrado', 'asientos', 1, NULL),
(3133, '2025-07-21 17:09:18', 'Borrado', 'secciones', 1, NULL),
(3134, '2025-07-21 17:09:18', 'Borrado', 'secciones', 1, NULL);

-- --------------------------------------------------------

--
-- Estructura de tabla para la tabla `historial_puestos`
--

CREATE TABLE `historial_puestos` (
  `cedula` varchar(20) DEFAULT NULL,
  `puesto` varchar(50) DEFAULT NULL,
  `fecha_inicio` date DEFAULT NULL,
  `fecha_fin` date DEFAULT NULL
) ENGINE=InnoDB DEFAULT CHARSET=utf8mb4 COLLATE=utf8mb4_general_ci;

--
-- Volcado de datos para la tabla `historial_puestos`
--

INSERT INTO `historial_puestos` (`cedula`, `puesto`, `fecha_inicio`, `fecha_fin`) VALUES
('101', 'Piloto', '2025-07-12', NULL),
('102', 'Copiloto', '2025-07-12', NULL),
('103', 'Aeromoza', '2025-07-12', NULL),
('104', 'Aeromoza', '2025-07-12', NULL),
('105', 'Aeromoza', '2025-07-12', NULL),
('106', 'Piloto', '2025-07-12', NULL),
('107', 'Copiloto', '2025-07-12', NULL),
('108', 'Aeromoza', '2025-07-12', NULL),
('109', 'Aeromoza', '2025-07-12', NULL),
('110', 'Aeromoza', '2025-07-12', NULL),
('111', 'Piloto', '2025-07-12', NULL),
('112', 'Copiloto', '2025-07-12', NULL),
('113', 'Aeromoza', '2025-07-12', NULL),
('114', 'Aeromoza', '2025-07-12', NULL),
('115', 'Aeromoza', '2025-07-12', NULL),
('116', 'Piloto', '2025-07-12', NULL),
('117', 'Copiloto', '2025-07-12', NULL),
('118', 'Aeromoza', '2025-07-12', NULL),
('119', 'Aeromoza', '2025-07-12', NULL),
('120', 'Aeromoza', '2025-07-12', NULL),
('121', 'Piloto', '2025-07-12', NULL),
('122', 'Copiloto', '2025-07-12', NULL),
('123', 'Aeromoza', '2025-07-12', NULL),
('124', 'Aeromoza', '2025-07-12', NULL),
('125', 'Aeromoza', '2025-07-12', NULL),
('126', 'Piloto', '2025-07-12', NULL),
('127', 'Copiloto', '2025-07-12', NULL),
('128', 'Aeromoza', '2025-07-12', NULL),
('129', 'Aeromoza', '2025-07-12', NULL),
('130', 'Aeromoza', '2025-07-12', NULL);

-- --------------------------------------------------------

--
-- Estructura de tabla para la tabla `reservaciones`
--

CREATE TABLE `reservaciones` (
  `numero` int(11) NOT NULL,
  `fecha` date DEFAULT NULL,
  `cliente_cedula` varchar(20) DEFAULT NULL,
  `vuelo_numero` int(11) DEFAULT NULL,
  `total_costo` decimal(10,2) DEFAULT NULL
) ENGINE=InnoDB DEFAULT CHARSET=utf8mb4 COLLATE=utf8mb4_general_ci;

--
-- Volcado de datos para la tabla `reservaciones`
--

INSERT INTO `reservaciones` (`numero`, `fecha`, `cliente_cedula`, `vuelo_numero`, `total_costo`) VALUES
(1, '2025-07-15', '201', 1, 15000.00),
(2, '2025-07-16', '204', 2, 15000.00),
(3, '2025-07-17', '205', 3, 12000.00),
(4, '2025-07-18', '206', 4, 12000.00),
(1000, '2025-07-20', '209', 1, 615000.00),
(8888, '2025-07-12', '99999999', 1, 33750.00),
(9999, '2025-07-12', '12345678', 1, 15000.00),
(10001, '2025-07-19', '555555555', 1, 0.00);

--
-- Disparadores `reservaciones`
--
DELIMITER $$
CREATE TRIGGER `reservaciones_tgg` AFTER INSERT ON `reservaciones` FOR EACH ROW BEGIN
    INSERT INTO historial (fecha, accion, tabla, cantidad) VALUES (NOW(), 'Inserción', 'reservaciones', 1);
END
$$
DELIMITER ;
DELIMITER $$
CREATE TRIGGER `reservaciones_tgg_delete` AFTER DELETE ON `reservaciones` FOR EACH ROW BEGIN
    INSERT INTO historial (fecha, accion, tabla, cantidad) VALUES (NOW(), 'Borrado', 'reservaciones', 1);
END
$$
DELIMITER ;
DELIMITER $$
CREATE TRIGGER `reservaciones_tgg_update` AFTER UPDATE ON `reservaciones` FOR EACH ROW BEGIN
    INSERT INTO historial (fecha, accion, tabla, cantidad) VALUES (NOW(), 'Modificación', 'reservaciones', 1);
END
$$
DELIMITER ;

-- --------------------------------------------------------

--
-- Estructura de tabla para la tabla `reservacion_detalle`
--

CREATE TABLE `reservacion_detalle` (
  `reservacion_numero` int(11) NOT NULL,
  `seccion_codigo` int(11) NOT NULL,
  `asiento_numero` int(11) NOT NULL,
  `avion_codigo` int(11) NOT NULL,
  `monto` decimal(10,2) DEFAULT NULL
) ENGINE=InnoDB DEFAULT CHARSET=utf8mb4 COLLATE=utf8mb4_general_ci;

--
-- Volcado de datos para la tabla `reservacion_detalle`
--

INSERT INTO `reservacion_detalle` (`reservacion_numero`, `seccion_codigo`, `asiento_numero`, `avion_codigo`, `monto`) VALUES
(1, 200, 1, 100, 15000.00),
(1, 201, 2, 100, 10000.00),
(2, 203, 3, 101, 12000.00),
(3, 206, 4, 102, 14000.00),
(4, 209, 5, 103, 13000.00),
(1000, 300, 6, 100, 15000.00),
(1000, 300, 7, 100, 15000.00),
(1000, 300, 8, 100, 15000.00),
(1000, 300, 9, 100, 15000.00),
(1000, 300, 10, 100, 15000.00),
(1000, 300, 11, 100, 15000.00),
(1000, 300, 12, 100, 15000.00),
(1000, 300, 13, 100, 15000.00),
(1000, 300, 14, 100, 15000.00),
(1000, 300, 15, 100, 15000.00),
(1000, 300, 16, 100, 15000.00),
(1000, 300, 17, 100, 15000.00),
(1000, 300, 18, 100, 15000.00),
(1000, 300, 19, 100, 15000.00),
(1000, 300, 20, 100, 15000.00),
(1000, 300, 21, 100, 15000.00),
(1000, 300, 22, 100, 15000.00),
(1000, 300, 23, 100, 15000.00),
(1000, 300, 24, 100, 15000.00),
(1000, 300, 25, 100, 15000.00),
(1000, 300, 26, 100, 15000.00),
(1000, 300, 27, 100, 15000.00),
(1000, 300, 28, 100, 15000.00),
(1000, 300, 29, 100, 15000.00),
(1000, 300, 30, 100, 15000.00),
(1000, 300, 31, 100, 15000.00),
(1000, 300, 32, 100, 15000.00),
(1000, 300, 33, 100, 15000.00),
(1000, 300, 34, 100, 15000.00),
(1000, 300, 35, 100, 15000.00),
(1000, 300, 36, 100, 15000.00),
(1000, 300, 37, 100, 15000.00),
(1000, 300, 38, 100, 15000.00),
(1000, 300, 39, 100, 15000.00),
(1000, 300, 40, 100, 15000.00),
(1000, 300, 41, 100, 15000.00),
(1000, 300, 42, 100, 15000.00),
(1000, 300, 43, 100, 15000.00),
(1000, 300, 44, 100, 15000.00),
(1000, 300, 45, 100, 15000.00),
(8888, 200, 1, 100, 18000.00),
(8888, 201, 2, 100, 15750.00),
(9999, 200, 1, 100, 15000.00);

--
-- Disparadores `reservacion_detalle`
--
DELIMITER $$
CREATE TRIGGER `reservacion_detalle_tgg` AFTER INSERT ON `reservacion_detalle` FOR EACH ROW BEGIN
    INSERT INTO historial (fecha, accion, tabla, cantidad) VALUES (NOW(), 'Inserción', 'reservacion_detalle', 1);
END
$$
DELIMITER ;
DELIMITER $$
CREATE TRIGGER `reservacion_detalle_tgg_delete` AFTER DELETE ON `reservacion_detalle` FOR EACH ROW BEGIN
    INSERT INTO historial (fecha, accion, tabla, cantidad) VALUES (NOW(), 'Borrado', 'reservacion_detalle', 1);
END
$$
DELIMITER ;

-- --------------------------------------------------------

--
-- Estructura de tabla para la tabla `secciones`
--

CREATE TABLE `secciones` (
  `codigo` int(11) NOT NULL,
  `avion_codigo` int(11) NOT NULL,
  `tipo` varchar(50) DEFAULT NULL,
  `area` varchar(50) DEFAULT NULL,
  `porcentaje` int(11) DEFAULT NULL
) ENGINE=InnoDB DEFAULT CHARSET=utf8mb4 COLLATE=utf8mb4_general_ci;

--
-- Volcado de datos para la tabla `secciones`
--

INSERT INTO `secciones` (`codigo`, `avion_codigo`, `tipo`, `area`, `porcentaje`) VALUES
(200, 100, 'Primera Clase', 'Delantera', 20),
(201, 100, 'Clase Económica', 'Central', 70),
(202, 100, 'Carga', 'Trasera', 10),
(203, 101, 'Primera Clase', 'Delantera', 15),
(204, 101, 'Clase Económica', 'Central', 80),
(205, 101, 'Carga', 'Trasera', 5),
(206, 102, 'Primera Clase', 'Delantera', 10),
(207, 102, 'Clase Económica', 'Central', 85),
(208, 102, 'Carga', 'Trasera', 5),
(209, 103, 'Primera Clase', 'Delantera', 18),
(210, 103, 'Clase Económica', 'Central', 72),
(211, 103, 'Carga', 'Trasera', 10),
(300, 100, 'Clase Económica', 'No Fumado', 15);

--
-- Disparadores `secciones`
--
DELIMITER $$
CREATE TRIGGER `secciones_tgg` AFTER INSERT ON `secciones` FOR EACH ROW BEGIN
    INSERT INTO historial (fecha, accion, tabla, cantidad) VALUES (NOW(), 'Inserción', 'secciones', 1);
END
$$
DELIMITER ;
DELIMITER $$
CREATE TRIGGER `secciones_tgg_delete` AFTER DELETE ON `secciones` FOR EACH ROW BEGIN
    INSERT INTO historial (fecha, accion, tabla, cantidad) VALUES (NOW(), 'Borrado', 'secciones', 1);
END
$$
DELIMITER ;
DELIMITER $$
CREATE TRIGGER `secciones_tgg_update` AFTER UPDATE ON `secciones` FOR EACH ROW BEGIN
    INSERT INTO historial (fecha, accion, tabla, cantidad) VALUES (NOW(), 'Modificación', 'secciones', 1);
END
$$
DELIMITER ;

-- --------------------------------------------------------

--
-- Estructura de tabla para la tabla `vuelos`
--

CREATE TABLE `vuelos` (
  `numero` int(11) NOT NULL,
  `fecha` date DEFAULT NULL,
  `ciudad_destino` varchar(100) DEFAULT NULL,
  `costo_base` decimal(10,2) DEFAULT NULL,
  `avion_codigo` int(11) DEFAULT NULL
) ENGINE=InnoDB DEFAULT CHARSET=utf8mb4 COLLATE=utf8mb4_general_ci;

--
-- Volcado de datos para la tabla `vuelos`
--

INSERT INTO `vuelos` (`numero`, `fecha`, `ciudad_destino`, `costo_base`, `avion_codigo`) VALUES
(1, '2025-08-01', 'Liberia', 15000.00, 100),
(2, '2025-08-02', 'San José', 15000.00, 101),
(3, '2025-08-03', 'Puntarenas', 12000.00, 102),
(4, '2025-08-04', 'San José', 12000.00, 103);

--
-- Disparadores `vuelos`
--
DELIMITER $$
CREATE TRIGGER `vuelos_tgg` AFTER INSERT ON `vuelos` FOR EACH ROW BEGIN
    INSERT INTO historial (fecha, accion, tabla, cantidad) VALUES (NOW(), 'Inserción', 'vuelos', 1);
END
$$
DELIMITER ;
DELIMITER $$
CREATE TRIGGER `vuelos_tgg_delete` AFTER DELETE ON `vuelos` FOR EACH ROW BEGIN
    INSERT INTO historial (fecha, accion, tabla, cantidad) VALUES (NOW(), 'Borrado', 'vuelos', 1);
END
$$
DELIMITER ;
DELIMITER $$
CREATE TRIGGER `vuelos_tgg_update` AFTER UPDATE ON `vuelos` FOR EACH ROW BEGIN
    INSERT INTO historial (fecha, accion, tabla, cantidad) VALUES (NOW(), 'Modificación', 'vuelos', 1);
END
$$
DELIMITER ;

-- --------------------------------------------------------

--
-- Estructura de tabla para la tabla `vuelo_tripulacion`
--

CREATE TABLE `vuelo_tripulacion` (
  `vuelo_numero` int(11) NOT NULL,
  `funcionario_cedula` varchar(20) NOT NULL
) ENGINE=InnoDB DEFAULT CHARSET=utf8mb4 COLLATE=utf8mb4_general_ci;

--
-- Volcado de datos para la tabla `vuelo_tripulacion`
--

INSERT INTO `vuelo_tripulacion` (`vuelo_numero`, `funcionario_cedula`) VALUES
(1, '101'),
(1, '102'),
(1, '103'),
(1, '104'),
(1, '105'),
(1, '108'),
(2, '106'),
(2, '107'),
(2, '109'),
(2, '110'),
(2, '118'),
(2, '126'),
(3, '111'),
(3, '112'),
(3, '113'),
(3, '114'),
(3, '115'),
(3, '119'),
(4, '116'),
(4, '117'),
(4, '120'),
(4, '123'),
(4, '124'),
(4, '125');

--
-- Disparadores `vuelo_tripulacion`
--
DELIMITER $$
CREATE TRIGGER `vuelo_tripulacion_tgg` AFTER INSERT ON `vuelo_tripulacion` FOR EACH ROW BEGIN
    INSERT INTO historial (fecha, accion, tabla, cantidad) VALUES (NOW(), 'Inserción', 'vuelo_tripulacion', 1);
END
$$
DELIMITER ;
DELIMITER $$
CREATE TRIGGER `vuelo_tripulacion_tgg_delete` AFTER DELETE ON `vuelo_tripulacion` FOR EACH ROW BEGIN
    INSERT INTO historial (fecha, accion, tabla, cantidad) VALUES (NOW(), 'Borrado', 'vuelo_tripulacion', 1);
END
$$
DELIMITER ;

--
-- Índices para tablas volcadas
--

--
-- Indices de la tabla `asientos`
--
ALTER TABLE `asientos`
  ADD PRIMARY KEY (`numero`,`seccion_codigo`,`avion_codigo`),
  ADD KEY `fk_asientos_seccion` (`seccion_codigo`,`avion_codigo`);

--
-- Indices de la tabla `aviones`
--
ALTER TABLE `aviones`
  ADD PRIMARY KEY (`codigo`);

--
-- Indices de la tabla `clientes`
--
ALTER TABLE `clientes`
  ADD PRIMARY KEY (`cedula`);

--
-- Indices de la tabla `consecutivos`
--
ALTER TABLE `consecutivos`
  ADD PRIMARY KEY (`nombre_tabla`);

--
-- Indices de la tabla `funcionarios`
--
ALTER TABLE `funcionarios`
  ADD PRIMARY KEY (`cedula`);

--
-- Indices de la tabla `historial`
--
ALTER TABLE `historial`
  ADD PRIMARY KEY (`id_historial`),
  ADD KEY `fk_historial_funcionario` (`funcionario_cedula`);

--
-- Indices de la tabla `historial_puestos`
--
ALTER TABLE `historial_puestos`
  ADD KEY `cedula` (`cedula`);

--
-- Indices de la tabla `reservaciones`
--
ALTER TABLE `reservaciones`
  ADD PRIMARY KEY (`numero`),
  ADD KEY `reservaciones_ibfk_1` (`cliente_cedula`),
  ADD KEY `reservaciones_ibfk_2` (`vuelo_numero`);

--
-- Indices de la tabla `reservacion_detalle`
--
ALTER TABLE `reservacion_detalle`
  ADD PRIMARY KEY (`reservacion_numero`,`seccion_codigo`,`asiento_numero`,`avion_codigo`),
  ADD KEY `seccion_codigo` (`seccion_codigo`,`avion_codigo`),
  ADD KEY `fk_detalle_asiento` (`asiento_numero`,`seccion_codigo`,`avion_codigo`);

--
-- Indices de la tabla `secciones`
--
ALTER TABLE `secciones`
  ADD PRIMARY KEY (`codigo`,`avion_codigo`),
  ADD KEY `avion_codigo` (`avion_codigo`);

--
-- Indices de la tabla `vuelos`
--
ALTER TABLE `vuelos`
  ADD PRIMARY KEY (`numero`),
  ADD KEY `avion_codigo` (`avion_codigo`);

--
-- Indices de la tabla `vuelo_tripulacion`
--
ALTER TABLE `vuelo_tripulacion`
  ADD PRIMARY KEY (`vuelo_numero`,`funcionario_cedula`),
  ADD KEY `funcionario_cedula` (`funcionario_cedula`);

--
-- AUTO_INCREMENT de las tablas volcadas
--

--
-- AUTO_INCREMENT de la tabla `historial`
--
ALTER TABLE `historial`
  MODIFY `id_historial` int(11) NOT NULL AUTO_INCREMENT, AUTO_INCREMENT=3135;

--
-- Restricciones para tablas volcadas
--

--
-- Filtros para la tabla `asientos`
--
ALTER TABLE `asientos`
  ADD CONSTRAINT `fk_asientos_seccion` FOREIGN KEY (`seccion_codigo`,`avion_codigo`) REFERENCES `secciones` (`codigo`, `avion_codigo`) ON UPDATE CASCADE;

--
-- Filtros para la tabla `historial`
--
ALTER TABLE `historial`
  ADD CONSTRAINT `fk_historial_funcionario` FOREIGN KEY (`funcionario_cedula`) REFERENCES `funcionarios` (`cedula`) ON DELETE NO ACTION ON UPDATE CASCADE;

--
-- Filtros para la tabla `historial_puestos`
--
ALTER TABLE `historial_puestos`
  ADD CONSTRAINT `historial_puestos_ibfk_1` FOREIGN KEY (`cedula`) REFERENCES `funcionarios` (`cedula`);

--
-- Filtros para la tabla `reservaciones`
--
ALTER TABLE `reservaciones`
  ADD CONSTRAINT `reservaciones_ibfk_1` FOREIGN KEY (`cliente_cedula`) REFERENCES `clientes` (`cedula`),
  ADD CONSTRAINT `reservaciones_ibfk_2` FOREIGN KEY (`vuelo_numero`) REFERENCES `vuelos` (`numero`);

--
-- Filtros para la tabla `reservacion_detalle`
--
ALTER TABLE `reservacion_detalle`
  ADD CONSTRAINT `fk_detalle_asiento` FOREIGN KEY (`asiento_numero`,`seccion_codigo`,`avion_codigo`) REFERENCES `asientos` (`numero`, `seccion_codigo`, `avion_codigo`) ON UPDATE CASCADE,
  ADD CONSTRAINT `fk_detalle_reservacion` FOREIGN KEY (`reservacion_numero`) REFERENCES `reservaciones` (`numero`) ON DELETE CASCADE ON UPDATE CASCADE;

--
-- Filtros para la tabla `secciones`
--
ALTER TABLE `secciones`
  ADD CONSTRAINT `secciones_ibfk_1` FOREIGN KEY (`avion_codigo`) REFERENCES `aviones` (`codigo`);

--
-- Filtros para la tabla `vuelos`
--
ALTER TABLE `vuelos`
  ADD CONSTRAINT `vuelos_ibfk_1` FOREIGN KEY (`avion_codigo`) REFERENCES `aviones` (`codigo`);

--
-- Filtros para la tabla `vuelo_tripulacion`
--
ALTER TABLE `vuelo_tripulacion`
  ADD CONSTRAINT `vuelo_tripulacion_ibfk_1` FOREIGN KEY (`vuelo_numero`) REFERENCES `vuelos` (`numero`),
  ADD CONSTRAINT `vuelo_tripulacion_ibfk_2` FOREIGN KEY (`funcionario_cedula`) REFERENCES `funcionarios` (`cedula`);
COMMIT;

/*!40101 SET CHARACTER_SET_CLIENT=@OLD_CHARACTER_SET_CLIENT */;
/*!40101 SET CHARACTER_SET_RESULTS=@OLD_CHARACTER_SET_RESULTS */;
/*!40101 SET COLLATION_CONNECTION=@OLD_COLLATION_CONNECTION */;
