-- phpMyAdmin SQL Dump
-- version 5.2.1
-- https://www.phpmyadmin.net/
--
-- Servidor: 127.0.0.1
-- Tiempo de generación: 12-07-2025 a las 23:05:41
-- Versión del servidor: 10.4.32-MariaDB
-- Versión de PHP: 8.2.12

SET SQL_MODE = "NO_AUTO_VALUE_ON_ZERO";
START TRANSACTION;
SET time_zone = "+00:00";


/*!40101 SET @OLD_CHARACTER_SET_CLIENT=@@CHARACTER_SET_CLIENT */;
/*!40101 SET @OLD_CHARACTER_SET_RESULTS=@@CHARACTER_SET_RESULTS */;
/*!40101 SET @OLD_COLLATION_CONNECTION=@@COLLATION_CONNECTION */;
/*!40101 SET NAMES utf8mb4 */;

--
-- Base de datos: `aviones_sa`
--

DELIMITER $$
--
-- Procedimientos
--
CREATE DEFINER=`root`@`localhost` PROCEDURE `asientos_DML` (IN `p_numero` INT, IN `p_seccion_codigo` INT, IN `p_avion_codigo` INT, IN `p_tipo_asiento` VARCHAR(50), IN `p_accion` INT)   BEGIN
    IF p_accion = 1 THEN
        INSERT INTO asientos VALUES (p_numero, p_seccion_codigo, p_avion_codigo, p_tipo_asiento);
    ELSEIF p_accion = 2 THEN
        UPDATE asientos SET tipo_asiento = p_tipo_asiento WHERE numero = p_numero AND seccion_codigo = p_seccion_codigo AND avion_codigo = p_avion_codigo;
    ELSEIF p_accion = 3 THEN
        DELETE FROM asientos WHERE numero = p_numero AND seccion_codigo = p_seccion_codigo AND avion_codigo = p_avion_codigo;
    END IF;
END$$

CREATE DEFINER=`root`@`localhost` PROCEDURE `aviones_DML` (IN `p_codigo` INT, IN `p_tipo_avion` VARCHAR(50), IN `p_descripcion` VARCHAR(200), IN `p_capacidad_pasajeros` INT, IN `p_accion` INT)   BEGIN
    IF p_accion = 1 THEN
        INSERT INTO aviones VALUES (p_codigo, p_tipo_avion, p_descripcion, p_capacidad_pasajeros);
    ELSEIF p_accion = 2 THEN
        UPDATE aviones SET tipo_avion = p_tipo_avion, descripcion = p_descripcion, capacidad_pasajeros = p_capacidad_pasajeros WHERE codigo = p_codigo;
    ELSEIF p_accion = 3 THEN
        DELETE FROM aviones WHERE codigo = p_codigo;
    END IF;
END$$

CREATE DEFINER=`root`@`localhost` PROCEDURE `clientes_DML` (IN `p_cedula` VARCHAR(20), IN `p_nombre` VARCHAR(100), IN `p_nacionalidad` VARCHAR(50), IN `p_correo` VARCHAR(100), IN `p_direccion` VARCHAR(200), IN `p_tipo_cliente` VARCHAR(50), IN `p_accion` INT)   BEGIN
    IF p_accion = 1 THEN
        INSERT INTO clientes VALUES (p_cedula, p_nombre, p_nacionalidad, p_correo, p_direccion, p_tipo_cliente);
    ELSEIF p_accion = 2 THEN
        UPDATE clientes SET nombre = p_nombre, nacionalidad = p_nacionalidad, correo = p_correo, direccion = p_direccion, tipo_cliente = p_tipo_cliente WHERE cedula = p_cedula;
    ELSEIF p_accion = 3 THEN
        DELETE FROM clientes WHERE cedula = p_cedula;
    END IF;
END$$

CREATE DEFINER=`root`@`localhost` PROCEDURE `funcionarios_DML` (IN `p_cedula` VARCHAR(20), IN `p_nombre` VARCHAR(100), IN `p_estado_civil` VARCHAR(20), IN `p_telefono` VARCHAR(20), IN `p_correo` VARCHAR(100), IN `p_puesto` VARCHAR(50), IN `p_accion` INT)   BEGIN
    IF p_accion = 1 THEN
        INSERT INTO funcionarios VALUES (p_cedula, p_nombre, p_estado_civil, p_telefono, p_correo, p_puesto);
    ELSEIF p_accion = 2 THEN
        UPDATE funcionarios SET nombre = p_nombre, estado_civil = p_estado_civil, telefono = p_telefono, correo = p_correo, puesto = p_puesto WHERE cedula = p_cedula;
    ELSEIF p_accion = 3 THEN
        DELETE FROM funcionarios WHERE cedula = p_cedula;
    END IF;
END$$

CREATE DEFINER=`root`@`localhost` PROCEDURE `generar_asientos_por_avion` (`p_avion_codigo` INT)   BEGIN
    -- Declaraciones
    DECLARE done INT DEFAULT FALSE;
    DECLARE v_seccion_codigo INT;
    DECLARE v_porcentaje INT;
    DECLARE v_tipo VARCHAR(50);
    DECLARE v_area VARCHAR(50);
    DECLARE v_capacidad INT;
    DECLARE v_asientos_por_seccion INT;
    DECLARE v_asiento_num INT DEFAULT 1;

    DECLARE cur_secciones CURSOR FOR 
        SELECT codigo, porcentaje, tipo, area 
        FROM secciones WHERE avion_codigo = p_avion_codigo;

    DECLARE CONTINUE HANDLER FOR NOT FOUND SET done = TRUE;

    -- Borrar asientos existentes para ese avión
    DELETE FROM asientos WHERE avion_codigo = p_avion_codigo;

    -- Obtener capacidad total del avión
    SELECT capacidad_pasajeros INTO v_capacidad FROM aviones WHERE codigo = p_avion_codigo;

    OPEN cur_secciones;

    seccion_loop: LOOP
        FETCH cur_secciones INTO v_seccion_codigo, v_porcentaje, v_tipo, v_area;
        IF done THEN
            LEAVE seccion_loop;
        END IF;

        SET v_asientos_por_seccion = FLOOR(v_capacidad * v_porcentaje / 100);

        SET v_asiento_num = 1;
        WHILE v_asiento_num <= v_asientos_por_seccion DO
            INSERT INTO asientos (numero, seccion_codigo, avion_codigo, tipo_asiento)
            VALUES (v_asiento_num, v_seccion_codigo, p_avion_codigo, v_tipo);
            SET v_asiento_num = v_asiento_num + 1;
        END WHILE;
    END LOOP;

    CLOSE cur_secciones;
END$$

CREATE DEFINER=`root`@`localhost` PROCEDURE `generar_asientos_todos_los_aviones` ()   BEGIN
    DECLARE done INT DEFAULT FALSE;
    DECLARE v_avion_codigo INT;

    DECLARE cur_aviones CURSOR FOR 
        SELECT codigo FROM aviones;

    DECLARE CONTINUE HANDLER FOR NOT FOUND SET done = TRUE;

    OPEN cur_aviones;

    avion_loop: LOOP
        FETCH cur_aviones INTO v_avion_codigo;
        IF done THEN
            LEAVE avion_loop;
        END IF;

        -- Llamar al procedimiento para generar asientos por avión
        CALL generar_asientos_por_avion(v_avion_codigo);
    END LOOP;

    CLOSE cur_aviones;
END$$

CREATE DEFINER=`root`@`localhost` PROCEDURE `reservaciones_DML` (IN `p_numero` INT, IN `p_fecha` DATE, IN `p_cliente_cedula` VARCHAR(20), IN `p_vuelo_numero` INT, IN `p_total_costo` DECIMAL(10,2), IN `p_accion` INT)   BEGIN
    IF p_accion = 1 THEN
        INSERT INTO reservaciones VALUES (p_numero, p_fecha, p_cliente_cedula, p_vuelo_numero, p_total_costo);
    ELSEIF p_accion = 2 THEN
        UPDATE reservaciones SET fecha = p_fecha, cliente_cedula = p_cliente_cedula, vuelo_numero = p_vuelo_numero, total_costo = p_total_costo WHERE numero = p_numero;
    ELSEIF p_accion = 3 THEN
        DELETE FROM reservaciones WHERE numero = p_numero;
    END IF;
END$$

CREATE DEFINER=`root`@`localhost` PROCEDURE `reservacion_detalle_DML` (IN `p_reservacion_numero` INT, IN `p_seccion_codigo` INT, IN `p_asiento_numero` INT, IN `p_avion_codigo` INT, IN `p_monto` DECIMAL(10,2), IN `p_accion` INT)   BEGIN
    IF p_accion = 1 THEN
        INSERT INTO reservacion_detalle VALUES (p_reservacion_numero, p_seccion_codigo, p_asiento_numero, p_avion_codigo, p_monto);
    ELSEIF p_accion = 3 THEN
        DELETE FROM reservacion_detalle WHERE reservacion_numero = p_reservacion_numero AND seccion_codigo = p_seccion_codigo AND asiento_numero = p_asiento_numero AND avion_codigo = p_avion_codigo;
    END IF;
END$$

CREATE DEFINER=`root`@`localhost` PROCEDURE `secciones_DML` (IN `p_codigo` INT, IN `p_avion_codigo` INT, IN `p_tipo` VARCHAR(50), IN `p_area` VARCHAR(50), IN `p_porcentaje` INT, IN `p_accion` INT)   BEGIN
    IF p_accion = 1 THEN
        INSERT INTO secciones VALUES (p_codigo, p_avion_codigo, p_tipo, p_area, p_porcentaje);
    ELSEIF p_accion = 2 THEN
        UPDATE secciones SET tipo = p_tipo, area = p_area, porcentaje = p_porcentaje WHERE codigo = p_codigo AND avion_codigo = p_avion_codigo;
    ELSEIF p_accion = 3 THEN
        DELETE FROM secciones WHERE codigo = p_codigo AND avion_codigo = p_avion_codigo;
    END IF;
END$$

CREATE DEFINER=`root`@`localhost` PROCEDURE `vuelos_DML` (IN `p_numero` INT, IN `p_fecha` DATE, IN `p_ciudad_destino` VARCHAR(100), IN `p_costo_base` DECIMAL(10,2), IN `p_avion_codigo` INT, IN `p_accion` INT)   BEGIN
    IF p_accion = 1 THEN
        INSERT INTO vuelos VALUES (p_numero, p_fecha, p_ciudad_destino, p_costo_base, p_avion_codigo);
    ELSEIF p_accion = 2 THEN
        UPDATE vuelos SET fecha = p_fecha, ciudad_destino = p_ciudad_destino, costo_base = p_costo_base, avion_codigo = p_avion_codigo WHERE numero = p_numero;
    ELSEIF p_accion = 3 THEN
        DELETE FROM vuelos WHERE numero = p_numero;
    END IF;
END$$

CREATE DEFINER=`root`@`localhost` PROCEDURE `vuelo_tripulacion_DML` (IN `p_vuelo_numero` INT, IN `p_funcionario_cedula` VARCHAR(20), IN `p_accion` INT)   BEGIN
    DECLARE vuelo_fecha DATE;

    IF p_accion = 1 THEN
        -- Obtener fecha del vuelo que quieres asignar
        SELECT fecha INTO vuelo_fecha FROM vuelos WHERE numero = p_vuelo_numero;

        -- Validar que el funcionario no tenga ya asignación en el mismo vuelo
        IF EXISTS (
            SELECT 1 FROM vuelo_tripulacion
            WHERE vuelo_numero = p_vuelo_numero AND funcionario_cedula = p_funcionario_cedula
        ) THEN
            SIGNAL SQLSTATE '45000' SET MESSAGE_TEXT = 'Error: La asignación ya existe para este vuelo.';
        ELSE
            -- Validar que el funcionario no esté asignado a otro vuelo en la misma fecha
            IF EXISTS (
                SELECT 1
                FROM vuelo_tripulacion vt
                JOIN vuelos v ON vt.vuelo_numero = v.numero
                WHERE vt.funcionario_cedula = p_funcionario_cedula
                  AND v.fecha = vuelo_fecha
            ) THEN
                SIGNAL SQLSTATE '45000' SET MESSAGE_TEXT = 'Error: El funcionario ya está asignado a otro vuelo en esta fecha.';
            ELSE
                -- Insertar la asignación
                INSERT INTO vuelo_tripulacion (vuelo_numero, funcionario_cedula)
                VALUES (p_vuelo_numero, p_funcionario_cedula);
            END IF;
        END IF;

    ELSEIF p_accion = 3 THEN
        -- Eliminar asignación
        DELETE FROM vuelo_tripulacion 
        WHERE vuelo_numero = p_vuelo_numero AND funcionario_cedula = p_funcionario_cedula;
    ELSE
        SIGNAL SQLSTATE '45000' SET MESSAGE_TEXT = 'Acción no válida.';
    END IF;
END$$

--
-- Funciones
--
CREATE DEFINER=`root`@`localhost` FUNCTION `f_asientos` () RETURNS INT(11) DETERMINISTIC BEGIN
    DECLARE nuevo_codigo INT;
    SELECT siguiente_codigo INTO nuevo_codigo FROM consecutivos WHERE nombre_tabla = 'asientos';
    UPDATE consecutivos SET siguiente_codigo = siguiente_codigo + 1 WHERE nombre_tabla = 'asientos';
    RETURN nuevo_codigo;
END$$

CREATE DEFINER=`root`@`localhost` FUNCTION `f_aviones` () RETURNS INT(11) DETERMINISTIC BEGIN
    DECLARE nuevo_codigo INT;
    SELECT siguiente_codigo INTO nuevo_codigo FROM consecutivos WHERE nombre_tabla = 'aviones';
    UPDATE consecutivos SET siguiente_codigo = siguiente_codigo + 1 WHERE nombre_tabla = 'aviones';
    RETURN nuevo_codigo;
END$$

CREATE DEFINER=`root`@`localhost` FUNCTION `f_reservaciones` () RETURNS INT(11) DETERMINISTIC BEGIN
    DECLARE nuevo_codigo INT;
    SELECT siguiente_codigo INTO nuevo_codigo FROM consecutivos WHERE nombre_tabla = 'reservaciones';
    UPDATE consecutivos SET siguiente_codigo = siguiente_codigo + 1 WHERE nombre_tabla = 'reservaciones';
    RETURN nuevo_codigo;
END$$

CREATE DEFINER=`root`@`localhost` FUNCTION `f_secciones` () RETURNS INT(11) DETERMINISTIC BEGIN
    DECLARE nuevo_codigo INT;
    SELECT siguiente_codigo INTO nuevo_codigo FROM consecutivos WHERE nombre_tabla = 'secciones';
    UPDATE consecutivos SET siguiente_codigo = siguiente_codigo + 1 WHERE nombre_tabla = 'secciones';
    RETURN nuevo_codigo;
END$$

CREATE DEFINER=`root`@`localhost` FUNCTION `f_vuelos` () RETURNS INT(11) DETERMINISTIC BEGIN
    DECLARE nuevo_codigo INT;
    SELECT siguiente_codigo INTO nuevo_codigo FROM consecutivos WHERE nombre_tabla = 'vuelos';
    UPDATE consecutivos SET siguiente_codigo = siguiente_codigo + 1 WHERE nombre_tabla = 'vuelos';
    RETURN nuevo_codigo;
END$$

DELIMITER ;

-- --------------------------------------------------------

--
-- Estructura de tabla para la tabla `asientos`
--

CREATE TABLE `asientos` (
  `numero` int(11) NOT NULL,
  `seccion_codigo` int(11) NOT NULL,
  `avion_codigo` int(11) NOT NULL,
  `tipo_asiento` varchar(50) DEFAULT NULL
) ENGINE=InnoDB DEFAULT CHARSET=utf8mb4 COLLATE=utf8mb4_general_ci;

--
-- Volcado de datos para la tabla `asientos`
--

INSERT INTO `asientos` (`numero`, `seccion_codigo`, `avion_codigo`, `tipo_asiento`) VALUES
(1, 200, 100, 'Primera Clase'),
(1, 201, 100, 'Clase Económica'),
(1, 202, 100, 'Carga'),
(1, 203, 101, 'Primera Clase'),
(1, 204, 101, 'Clase Económica'),
(1, 205, 101, 'Carga'),
(1, 206, 102, 'Primera Clase'),
(1, 207, 102, 'Clase Económica'),
(1, 208, 102, 'Carga'),
(1, 209, 103, 'Primera Clase'),
(1, 210, 103, 'Clase Económica'),
(1, 211, 103, 'Carga'),
(1, 212, 104, 'Primera Clase'),
(1, 213, 104, 'Clase Económica'),
(1, 214, 104, 'Carga'),
(2, 200, 100, 'Primera Clase'),
(2, 201, 100, 'Clase Económica'),
(2, 202, 100, 'Carga'),
(2, 203, 101, 'Primera Clase'),
(2, 204, 101, 'Clase Económica'),
(2, 205, 101, 'Carga'),
(2, 206, 102, 'Primera Clase'),
(2, 207, 102, 'Clase Económica'),
(2, 208, 102, 'Carga'),
(2, 209, 103, 'Primera Clase'),
(2, 210, 103, 'Clase Económica'),
(2, 211, 103, 'Carga'),
(2, 212, 104, 'Primera Clase'),
(2, 213, 104, 'Clase Económica'),
(2, 214, 104, 'Carga'),
(3, 200, 100, 'Primera Clase'),
(3, 201, 100, 'Clase Económica'),
(3, 202, 100, 'Carga'),
(3, 203, 101, 'Primera Clase'),
(3, 204, 101, 'Clase Económica'),
(3, 205, 101, 'Carga'),
(3, 206, 102, 'Primera Clase'),
(3, 207, 102, 'Clase Económica'),
(3, 209, 103, 'Primera Clase'),
(3, 210, 103, 'Clase Económica'),
(3, 211, 103, 'Carga'),
(3, 212, 104, 'Primera Clase'),
(3, 213, 104, 'Clase Económica'),
(3, 214, 104, 'Carga'),
(4, 200, 100, 'Primera Clase'),
(4, 201, 100, 'Clase Económica'),
(4, 202, 100, 'Carga'),
(4, 203, 101, 'Primera Clase'),
(4, 204, 101, 'Clase Económica'),
(4, 205, 101, 'Carga'),
(4, 206, 102, 'Primera Clase'),
(4, 207, 102, 'Clase Económica'),
(4, 209, 103, 'Primera Clase'),
(4, 210, 103, 'Clase Económica'),
(4, 211, 103, 'Carga'),
(4, 212, 104, 'Primera Clase'),
(4, 213, 104, 'Clase Económica'),
(4, 214, 104, 'Carga'),
(5, 200, 100, 'Primera Clase'),
(5, 201, 100, 'Clase Económica'),
(5, 202, 100, 'Carga'),
(5, 203, 101, 'Primera Clase'),
(5, 204, 101, 'Clase Económica'),
(5, 205, 101, 'Carga'),
(5, 206, 102, 'Primera Clase'),
(5, 207, 102, 'Clase Económica'),
(5, 209, 103, 'Primera Clase'),
(5, 210, 103, 'Clase Económica'),
(5, 211, 103, 'Carga'),
(5, 212, 104, 'Primera Clase'),
(5, 213, 104, 'Clase Económica'),
(5, 214, 104, 'Carga'),
(6, 200, 100, 'Primera Clase'),
(6, 201, 100, 'Clase Económica'),
(6, 202, 100, 'Carga'),
(6, 203, 101, 'Primera Clase'),
(6, 204, 101, 'Clase Económica'),
(6, 205, 101, 'Carga'),
(6, 207, 102, 'Clase Económica'),
(6, 209, 103, 'Primera Clase'),
(6, 210, 103, 'Clase Económica'),
(6, 211, 103, 'Carga'),
(6, 212, 104, 'Primera Clase'),
(6, 213, 104, 'Clase Económica'),
(6, 214, 104, 'Carga'),
(7, 200, 100, 'Primera Clase'),
(7, 201, 100, 'Clase Económica'),
(7, 202, 100, 'Carga'),
(7, 203, 101, 'Primera Clase'),
(7, 204, 101, 'Clase Económica'),
(7, 205, 101, 'Carga'),
(7, 207, 102, 'Clase Económica'),
(7, 209, 103, 'Primera Clase'),
(7, 210, 103, 'Clase Económica'),
(7, 211, 103, 'Carga'),
(7, 212, 104, 'Primera Clase'),
(7, 213, 104, 'Clase Económica'),
(7, 214, 104, 'Carga'),
(8, 200, 100, 'Primera Clase'),
(8, 201, 100, 'Clase Económica'),
(8, 202, 100, 'Carga'),
(8, 203, 101, 'Primera Clase'),
(8, 204, 101, 'Clase Económica'),
(8, 207, 102, 'Clase Económica'),
(8, 209, 103, 'Primera Clase'),
(8, 210, 103, 'Clase Económica'),
(8, 211, 103, 'Carga'),
(8, 212, 104, 'Primera Clase'),
(8, 213, 104, 'Clase Económica'),
(8, 214, 104, 'Carga'),
(9, 200, 100, 'Primera Clase'),
(9, 201, 100, 'Clase Económica'),
(9, 202, 100, 'Carga'),
(9, 203, 101, 'Primera Clase'),
(9, 204, 101, 'Clase Económica'),
(9, 207, 102, 'Clase Económica'),
(9, 209, 103, 'Primera Clase'),
(9, 210, 103, 'Clase Económica'),
(9, 211, 103, 'Carga'),
(9, 212, 104, 'Primera Clase'),
(9, 213, 104, 'Clase Económica'),
(9, 214, 104, 'Carga'),
(10, 200, 100, 'Primera Clase'),
(10, 201, 100, 'Clase Económica'),
(10, 202, 100, 'Carga'),
(10, 203, 101, 'Primera Clase'),
(10, 204, 101, 'Clase Económica'),
(10, 207, 102, 'Clase Económica'),
(10, 209, 103, 'Primera Clase'),
(10, 210, 103, 'Clase Económica'),
(10, 211, 103, 'Carga'),
(10, 212, 104, 'Primera Clase'),
(10, 213, 104, 'Clase Económica'),
(10, 214, 104, 'Carga'),
(11, 200, 100, 'Primera Clase'),
(11, 201, 100, 'Clase Económica'),
(11, 202, 100, 'Carga'),
(11, 203, 101, 'Primera Clase'),
(11, 204, 101, 'Clase Económica'),
(11, 207, 102, 'Clase Económica'),
(11, 209, 103, 'Primera Clase'),
(11, 210, 103, 'Clase Económica'),
(11, 211, 103, 'Carga'),
(11, 212, 104, 'Primera Clase'),
(11, 213, 104, 'Clase Económica'),
(11, 214, 104, 'Carga'),
(12, 200, 100, 'Primera Clase'),
(12, 201, 100, 'Clase Económica'),
(12, 202, 100, 'Carga'),
(12, 203, 101, 'Primera Clase'),
(12, 204, 101, 'Clase Económica'),
(12, 207, 102, 'Clase Económica'),
(12, 209, 103, 'Primera Clase'),
(12, 210, 103, 'Clase Económica'),
(12, 211, 103, 'Carga'),
(12, 212, 104, 'Primera Clase'),
(12, 213, 104, 'Clase Económica'),
(12, 214, 104, 'Carga'),
(13, 200, 100, 'Primera Clase'),
(13, 201, 100, 'Clase Económica'),
(13, 202, 100, 'Carga'),
(13, 203, 101, 'Primera Clase'),
(13, 204, 101, 'Clase Económica'),
(13, 207, 102, 'Clase Económica'),
(13, 209, 103, 'Primera Clase'),
(13, 210, 103, 'Clase Económica'),
(13, 211, 103, 'Carga'),
(13, 212, 104, 'Primera Clase'),
(13, 213, 104, 'Clase Económica'),
(13, 214, 104, 'Carga'),
(14, 200, 100, 'Primera Clase'),
(14, 201, 100, 'Clase Económica'),
(14, 202, 100, 'Carga'),
(14, 203, 101, 'Primera Clase'),
(14, 204, 101, 'Clase Económica'),
(14, 207, 102, 'Clase Económica'),
(14, 209, 103, 'Primera Clase'),
(14, 210, 103, 'Clase Económica'),
(14, 211, 103, 'Carga'),
(14, 212, 104, 'Primera Clase'),
(14, 213, 104, 'Clase Económica'),
(14, 214, 104, 'Carga'),
(15, 200, 100, 'Primera Clase'),
(15, 201, 100, 'Clase Económica'),
(15, 202, 100, 'Carga'),
(15, 203, 101, 'Primera Clase'),
(15, 204, 101, 'Clase Económica'),
(15, 207, 102, 'Clase Económica'),
(15, 209, 103, 'Primera Clase'),
(15, 210, 103, 'Clase Económica'),
(15, 211, 103, 'Carga'),
(15, 212, 104, 'Primera Clase'),
(15, 213, 104, 'Clase Económica'),
(15, 214, 104, 'Carga'),
(16, 200, 100, 'Primera Clase'),
(16, 201, 100, 'Clase Económica'),
(16, 202, 100, 'Carga'),
(16, 203, 101, 'Primera Clase'),
(16, 204, 101, 'Clase Económica'),
(16, 207, 102, 'Clase Económica'),
(16, 209, 103, 'Primera Clase'),
(16, 210, 103, 'Clase Económica'),
(16, 211, 103, 'Carga'),
(16, 212, 104, 'Primera Clase'),
(16, 213, 104, 'Clase Económica'),
(16, 214, 104, 'Carga'),
(17, 200, 100, 'Primera Clase'),
(17, 201, 100, 'Clase Económica'),
(17, 202, 100, 'Carga'),
(17, 203, 101, 'Primera Clase'),
(17, 204, 101, 'Clase Económica'),
(17, 207, 102, 'Clase Económica'),
(17, 209, 103, 'Primera Clase'),
(17, 210, 103, 'Clase Económica'),
(17, 211, 103, 'Carga'),
(17, 212, 104, 'Primera Clase'),
(17, 213, 104, 'Clase Económica'),
(17, 214, 104, 'Carga'),
(18, 200, 100, 'Primera Clase'),
(18, 201, 100, 'Clase Económica'),
(18, 202, 100, 'Carga'),
(18, 203, 101, 'Primera Clase'),
(18, 204, 101, 'Clase Económica'),
(18, 207, 102, 'Clase Económica'),
(18, 209, 103, 'Primera Clase'),
(18, 210, 103, 'Clase Económica'),
(18, 211, 103, 'Carga'),
(18, 212, 104, 'Primera Clase'),
(18, 213, 104, 'Clase Económica'),
(18, 214, 104, 'Carga'),
(19, 200, 100, 'Primera Clase'),
(19, 201, 100, 'Clase Económica'),
(19, 202, 100, 'Carga'),
(19, 203, 101, 'Primera Clase'),
(19, 204, 101, 'Clase Económica'),
(19, 207, 102, 'Clase Económica'),
(19, 209, 103, 'Primera Clase'),
(19, 210, 103, 'Clase Económica'),
(19, 212, 104, 'Primera Clase'),
(19, 213, 104, 'Clase Económica'),
(19, 214, 104, 'Carga'),
(20, 200, 100, 'Primera Clase'),
(20, 201, 100, 'Clase Económica'),
(20, 202, 100, 'Carga'),
(20, 203, 101, 'Primera Clase'),
(20, 204, 101, 'Clase Económica'),
(20, 207, 102, 'Clase Económica'),
(20, 209, 103, 'Primera Clase'),
(20, 210, 103, 'Clase Económica'),
(20, 212, 104, 'Primera Clase'),
(20, 213, 104, 'Clase Económica'),
(20, 214, 104, 'Carga'),
(21, 200, 100, 'Primera Clase'),
(21, 201, 100, 'Clase Económica'),
(21, 203, 101, 'Primera Clase'),
(21, 204, 101, 'Clase Económica'),
(21, 207, 102, 'Clase Económica'),
(21, 209, 103, 'Primera Clase'),
(21, 210, 103, 'Clase Económica'),
(21, 212, 104, 'Primera Clase'),
(21, 213, 104, 'Clase Económica'),
(21, 214, 104, 'Carga'),
(22, 200, 100, 'Primera Clase'),
(22, 201, 100, 'Clase Económica'),
(22, 203, 101, 'Primera Clase'),
(22, 204, 101, 'Clase Económica'),
(22, 207, 102, 'Clase Económica'),
(22, 209, 103, 'Primera Clase'),
(22, 210, 103, 'Clase Económica'),
(22, 212, 104, 'Primera Clase'),
(22, 213, 104, 'Clase Económica'),
(22, 214, 104, 'Carga'),
(23, 200, 100, 'Primera Clase'),
(23, 201, 100, 'Clase Económica'),
(23, 204, 101, 'Clase Económica'),
(23, 207, 102, 'Clase Económica'),
(23, 209, 103, 'Primera Clase'),
(23, 210, 103, 'Clase Económica'),
(23, 212, 104, 'Primera Clase'),
(23, 213, 104, 'Clase Económica'),
(23, 214, 104, 'Carga'),
(24, 200, 100, 'Primera Clase'),
(24, 201, 100, 'Clase Económica'),
(24, 204, 101, 'Clase Económica'),
(24, 207, 102, 'Clase Económica'),
(24, 209, 103, 'Primera Clase'),
(24, 210, 103, 'Clase Económica'),
(24, 212, 104, 'Primera Clase'),
(24, 213, 104, 'Clase Económica'),
(24, 214, 104, 'Carga'),
(25, 200, 100, 'Primera Clase'),
(25, 201, 100, 'Clase Económica'),
(25, 204, 101, 'Clase Económica'),
(25, 207, 102, 'Clase Económica'),
(25, 209, 103, 'Primera Clase'),
(25, 210, 103, 'Clase Económica'),
(25, 212, 104, 'Primera Clase'),
(25, 213, 104, 'Clase Económica'),
(25, 214, 104, 'Carga'),
(26, 200, 100, 'Primera Clase'),
(26, 201, 100, 'Clase Económica'),
(26, 204, 101, 'Clase Económica'),
(26, 207, 102, 'Clase Económica'),
(26, 209, 103, 'Primera Clase'),
(26, 210, 103, 'Clase Económica'),
(26, 212, 104, 'Primera Clase'),
(26, 213, 104, 'Clase Económica'),
(27, 200, 100, 'Primera Clase'),
(27, 201, 100, 'Clase Económica'),
(27, 204, 101, 'Clase Económica'),
(27, 207, 102, 'Clase Económica'),
(27, 209, 103, 'Primera Clase'),
(27, 210, 103, 'Clase Económica'),
(27, 212, 104, 'Primera Clase'),
(27, 213, 104, 'Clase Económica'),
(28, 200, 100, 'Primera Clase'),
(28, 201, 100, 'Clase Económica'),
(28, 204, 101, 'Clase Económica'),
(28, 207, 102, 'Clase Económica'),
(28, 209, 103, 'Primera Clase'),
(28, 210, 103, 'Clase Económica'),
(28, 212, 104, 'Primera Clase'),
(28, 213, 104, 'Clase Económica'),
(29, 200, 100, 'Primera Clase'),
(29, 201, 100, 'Clase Económica'),
(29, 204, 101, 'Clase Económica'),
(29, 207, 102, 'Clase Económica'),
(29, 209, 103, 'Primera Clase'),
(29, 210, 103, 'Clase Económica'),
(29, 212, 104, 'Primera Clase'),
(29, 213, 104, 'Clase Económica'),
(30, 200, 100, 'Primera Clase'),
(30, 201, 100, 'Clase Económica'),
(30, 204, 101, 'Clase Económica'),
(30, 207, 102, 'Clase Económica'),
(30, 209, 103, 'Primera Clase'),
(30, 210, 103, 'Clase Económica'),
(30, 212, 104, 'Primera Clase'),
(30, 213, 104, 'Clase Económica'),
(31, 200, 100, 'Primera Clase'),
(31, 201, 100, 'Clase Económica'),
(31, 204, 101, 'Clase Económica'),
(31, 207, 102, 'Clase Económica'),
(31, 209, 103, 'Primera Clase'),
(31, 210, 103, 'Clase Económica'),
(31, 212, 104, 'Primera Clase'),
(31, 213, 104, 'Clase Económica'),
(32, 200, 100, 'Primera Clase'),
(32, 201, 100, 'Clase Económica'),
(32, 204, 101, 'Clase Económica'),
(32, 207, 102, 'Clase Económica'),
(32, 209, 103, 'Primera Clase'),
(32, 210, 103, 'Clase Económica'),
(32, 212, 104, 'Primera Clase'),
(32, 213, 104, 'Clase Económica'),
(33, 200, 100, 'Primera Clase'),
(33, 201, 100, 'Clase Económica'),
(33, 204, 101, 'Clase Económica'),
(33, 207, 102, 'Clase Económica'),
(33, 210, 103, 'Clase Económica'),
(33, 212, 104, 'Primera Clase'),
(33, 213, 104, 'Clase Económica'),
(34, 200, 100, 'Primera Clase'),
(34, 201, 100, 'Clase Económica'),
(34, 204, 101, 'Clase Económica'),
(34, 207, 102, 'Clase Económica'),
(34, 210, 103, 'Clase Económica'),
(34, 212, 104, 'Primera Clase'),
(34, 213, 104, 'Clase Económica'),
(35, 200, 100, 'Primera Clase'),
(35, 201, 100, 'Clase Económica'),
(35, 204, 101, 'Clase Económica'),
(35, 207, 102, 'Clase Económica'),
(35, 210, 103, 'Clase Económica'),
(35, 212, 104, 'Primera Clase'),
(35, 213, 104, 'Clase Económica'),
(36, 200, 100, 'Primera Clase'),
(36, 201, 100, 'Clase Económica'),
(36, 204, 101, 'Clase Económica'),
(36, 207, 102, 'Clase Económica'),
(36, 210, 103, 'Clase Económica'),
(36, 212, 104, 'Primera Clase'),
(36, 213, 104, 'Clase Económica'),
(37, 200, 100, 'Primera Clase'),
(37, 201, 100, 'Clase Económica'),
(37, 204, 101, 'Clase Económica'),
(37, 207, 102, 'Clase Económica'),
(37, 210, 103, 'Clase Económica'),
(37, 212, 104, 'Primera Clase'),
(37, 213, 104, 'Clase Económica'),
(38, 200, 100, 'Primera Clase'),
(38, 201, 100, 'Clase Económica'),
(38, 204, 101, 'Clase Económica'),
(38, 207, 102, 'Clase Económica'),
(38, 210, 103, 'Clase Económica'),
(38, 212, 104, 'Primera Clase'),
(38, 213, 104, 'Clase Económica'),
(39, 200, 100, 'Primera Clase'),
(39, 201, 100, 'Clase Económica'),
(39, 204, 101, 'Clase Económica'),
(39, 207, 102, 'Clase Económica'),
(39, 210, 103, 'Clase Económica'),
(39, 212, 104, 'Primera Clase'),
(39, 213, 104, 'Clase Económica'),
(40, 200, 100, 'Primera Clase'),
(40, 201, 100, 'Clase Económica'),
(40, 204, 101, 'Clase Económica'),
(40, 207, 102, 'Clase Económica'),
(40, 210, 103, 'Clase Económica'),
(40, 212, 104, 'Primera Clase'),
(40, 213, 104, 'Clase Económica'),
(41, 201, 100, 'Clase Económica'),
(41, 204, 101, 'Clase Económica'),
(41, 207, 102, 'Clase Económica'),
(41, 210, 103, 'Clase Económica'),
(41, 212, 104, 'Primera Clase'),
(41, 213, 104, 'Clase Económica'),
(42, 201, 100, 'Clase Económica'),
(42, 204, 101, 'Clase Económica'),
(42, 207, 102, 'Clase Económica'),
(42, 210, 103, 'Clase Económica'),
(42, 212, 104, 'Primera Clase'),
(42, 213, 104, 'Clase Económica'),
(43, 201, 100, 'Clase Económica'),
(43, 204, 101, 'Clase Económica'),
(43, 210, 103, 'Clase Económica'),
(43, 212, 104, 'Primera Clase'),
(43, 213, 104, 'Clase Económica'),
(44, 201, 100, 'Clase Económica'),
(44, 204, 101, 'Clase Económica'),
(44, 210, 103, 'Clase Económica'),
(44, 212, 104, 'Primera Clase'),
(44, 213, 104, 'Clase Económica'),
(45, 201, 100, 'Clase Económica'),
(45, 204, 101, 'Clase Económica'),
(45, 210, 103, 'Clase Económica'),
(45, 212, 104, 'Primera Clase'),
(45, 213, 104, 'Clase Económica'),
(46, 201, 100, 'Clase Económica'),
(46, 204, 101, 'Clase Económica'),
(46, 210, 103, 'Clase Económica'),
(46, 212, 104, 'Primera Clase'),
(46, 213, 104, 'Clase Económica'),
(47, 201, 100, 'Clase Económica'),
(47, 204, 101, 'Clase Económica'),
(47, 210, 103, 'Clase Económica'),
(47, 212, 104, 'Primera Clase'),
(47, 213, 104, 'Clase Económica'),
(48, 201, 100, 'Clase Económica'),
(48, 204, 101, 'Clase Económica'),
(48, 210, 103, 'Clase Económica'),
(48, 212, 104, 'Primera Clase'),
(48, 213, 104, 'Clase Económica'),
(49, 201, 100, 'Clase Económica'),
(49, 204, 101, 'Clase Económica'),
(49, 210, 103, 'Clase Económica'),
(49, 212, 104, 'Primera Clase'),
(49, 213, 104, 'Clase Económica'),
(50, 201, 100, 'Clase Económica'),
(50, 204, 101, 'Clase Económica'),
(50, 210, 103, 'Clase Económica'),
(50, 212, 104, 'Primera Clase'),
(50, 213, 104, 'Clase Económica'),
(51, 201, 100, 'Clase Económica'),
(51, 204, 101, 'Clase Económica'),
(51, 210, 103, 'Clase Económica'),
(51, 212, 104, 'Primera Clase'),
(51, 213, 104, 'Clase Económica'),
(52, 201, 100, 'Clase Económica'),
(52, 204, 101, 'Clase Económica'),
(52, 210, 103, 'Clase Económica'),
(52, 212, 104, 'Primera Clase'),
(52, 213, 104, 'Clase Económica'),
(53, 201, 100, 'Clase Económica'),
(53, 204, 101, 'Clase Económica'),
(53, 210, 103, 'Clase Económica'),
(53, 212, 104, 'Primera Clase'),
(53, 213, 104, 'Clase Económica'),
(54, 201, 100, 'Clase Económica'),
(54, 204, 101, 'Clase Económica'),
(54, 210, 103, 'Clase Económica'),
(54, 212, 104, 'Primera Clase'),
(54, 213, 104, 'Clase Económica'),
(55, 201, 100, 'Clase Económica'),
(55, 204, 101, 'Clase Económica'),
(55, 210, 103, 'Clase Económica'),
(55, 212, 104, 'Primera Clase'),
(55, 213, 104, 'Clase Económica'),
(56, 201, 100, 'Clase Económica'),
(56, 204, 101, 'Clase Económica'),
(56, 210, 103, 'Clase Económica'),
(56, 212, 104, 'Primera Clase'),
(56, 213, 104, 'Clase Económica'),
(57, 201, 100, 'Clase Económica'),
(57, 204, 101, 'Clase Económica'),
(57, 210, 103, 'Clase Económica'),
(57, 212, 104, 'Primera Clase'),
(57, 213, 104, 'Clase Económica'),
(58, 201, 100, 'Clase Económica'),
(58, 204, 101, 'Clase Económica'),
(58, 210, 103, 'Clase Económica'),
(58, 212, 104, 'Primera Clase'),
(58, 213, 104, 'Clase Económica'),
(59, 201, 100, 'Clase Económica'),
(59, 204, 101, 'Clase Económica'),
(59, 210, 103, 'Clase Económica'),
(59, 212, 104, 'Primera Clase'),
(59, 213, 104, 'Clase Económica'),
(60, 201, 100, 'Clase Económica'),
(60, 204, 101, 'Clase Económica'),
(60, 210, 103, 'Clase Económica'),
(60, 212, 104, 'Primera Clase'),
(60, 213, 104, 'Clase Económica'),
(61, 201, 100, 'Clase Económica'),
(61, 204, 101, 'Clase Económica'),
(61, 210, 103, 'Clase Económica'),
(61, 212, 104, 'Primera Clase'),
(61, 213, 104, 'Clase Económica'),
(62, 201, 100, 'Clase Económica'),
(62, 204, 101, 'Clase Económica'),
(62, 210, 103, 'Clase Económica'),
(62, 212, 104, 'Primera Clase'),
(62, 213, 104, 'Clase Económica'),
(63, 201, 100, 'Clase Económica'),
(63, 204, 101, 'Clase Económica'),
(63, 210, 103, 'Clase Económica'),
(63, 213, 104, 'Clase Económica'),
(64, 201, 100, 'Clase Económica'),
(64, 204, 101, 'Clase Económica'),
(64, 210, 103, 'Clase Económica'),
(64, 213, 104, 'Clase Económica'),
(65, 201, 100, 'Clase Económica'),
(65, 204, 101, 'Clase Económica'),
(65, 210, 103, 'Clase Económica'),
(65, 213, 104, 'Clase Económica'),
(66, 201, 100, 'Clase Económica'),
(66, 204, 101, 'Clase Económica'),
(66, 210, 103, 'Clase Económica'),
(66, 213, 104, 'Clase Económica'),
(67, 201, 100, 'Clase Económica'),
(67, 204, 101, 'Clase Económica'),
(67, 210, 103, 'Clase Económica'),
(67, 213, 104, 'Clase Económica'),
(68, 201, 100, 'Clase Económica'),
(68, 204, 101, 'Clase Económica'),
(68, 210, 103, 'Clase Económica'),
(68, 213, 104, 'Clase Económica'),
(69, 201, 100, 'Clase Económica'),
(69, 204, 101, 'Clase Económica'),
(69, 210, 103, 'Clase Económica'),
(69, 213, 104, 'Clase Económica'),
(70, 201, 100, 'Clase Económica'),
(70, 204, 101, 'Clase Económica'),
(70, 210, 103, 'Clase Económica'),
(70, 213, 104, 'Clase Económica'),
(71, 201, 100, 'Clase Económica'),
(71, 204, 101, 'Clase Económica'),
(71, 210, 103, 'Clase Económica'),
(71, 213, 104, 'Clase Económica'),
(72, 201, 100, 'Clase Económica'),
(72, 204, 101, 'Clase Económica'),
(72, 210, 103, 'Clase Económica'),
(72, 213, 104, 'Clase Económica'),
(73, 201, 100, 'Clase Económica'),
(73, 204, 101, 'Clase Económica'),
(73, 210, 103, 'Clase Económica'),
(73, 213, 104, 'Clase Económica'),
(74, 201, 100, 'Clase Económica'),
(74, 204, 101, 'Clase Económica'),
(74, 210, 103, 'Clase Económica'),
(74, 213, 104, 'Clase Económica'),
(75, 201, 100, 'Clase Económica'),
(75, 204, 101, 'Clase Económica'),
(75, 210, 103, 'Clase Económica'),
(75, 213, 104, 'Clase Económica'),
(76, 201, 100, 'Clase Económica'),
(76, 204, 101, 'Clase Económica'),
(76, 210, 103, 'Clase Económica'),
(76, 213, 104, 'Clase Económica'),
(77, 201, 100, 'Clase Económica'),
(77, 204, 101, 'Clase Económica'),
(77, 210, 103, 'Clase Económica'),
(77, 213, 104, 'Clase Económica'),
(78, 201, 100, 'Clase Económica'),
(78, 204, 101, 'Clase Económica'),
(78, 210, 103, 'Clase Económica'),
(78, 213, 104, 'Clase Económica'),
(79, 201, 100, 'Clase Económica'),
(79, 204, 101, 'Clase Económica'),
(79, 210, 103, 'Clase Económica'),
(79, 213, 104, 'Clase Económica'),
(80, 201, 100, 'Clase Económica'),
(80, 204, 101, 'Clase Económica'),
(80, 210, 103, 'Clase Económica'),
(80, 213, 104, 'Clase Económica'),
(81, 201, 100, 'Clase Económica'),
(81, 204, 101, 'Clase Económica'),
(81, 210, 103, 'Clase Económica'),
(81, 213, 104, 'Clase Económica'),
(82, 201, 100, 'Clase Económica'),
(82, 204, 101, 'Clase Económica'),
(82, 210, 103, 'Clase Económica'),
(82, 213, 104, 'Clase Económica'),
(83, 201, 100, 'Clase Económica'),
(83, 204, 101, 'Clase Económica'),
(83, 210, 103, 'Clase Económica'),
(83, 213, 104, 'Clase Económica'),
(84, 201, 100, 'Clase Económica'),
(84, 204, 101, 'Clase Económica'),
(84, 210, 103, 'Clase Económica'),
(84, 213, 104, 'Clase Económica'),
(85, 201, 100, 'Clase Económica'),
(85, 204, 101, 'Clase Económica'),
(85, 210, 103, 'Clase Económica'),
(85, 213, 104, 'Clase Económica'),
(86, 201, 100, 'Clase Económica'),
(86, 204, 101, 'Clase Económica'),
(86, 210, 103, 'Clase Económica'),
(86, 213, 104, 'Clase Económica'),
(87, 201, 100, 'Clase Económica'),
(87, 204, 101, 'Clase Económica'),
(87, 210, 103, 'Clase Económica'),
(87, 213, 104, 'Clase Económica'),
(88, 201, 100, 'Clase Económica'),
(88, 204, 101, 'Clase Económica'),
(88, 210, 103, 'Clase Económica'),
(88, 213, 104, 'Clase Económica'),
(89, 201, 100, 'Clase Económica'),
(89, 204, 101, 'Clase Económica'),
(89, 210, 103, 'Clase Económica'),
(89, 213, 104, 'Clase Económica'),
(90, 201, 100, 'Clase Económica'),
(90, 204, 101, 'Clase Económica'),
(90, 210, 103, 'Clase Económica'),
(90, 213, 104, 'Clase Económica'),
(91, 201, 100, 'Clase Económica'),
(91, 204, 101, 'Clase Económica'),
(91, 210, 103, 'Clase Económica'),
(91, 213, 104, 'Clase Económica'),
(92, 201, 100, 'Clase Económica'),
(92, 204, 101, 'Clase Económica'),
(92, 210, 103, 'Clase Económica'),
(92, 213, 104, 'Clase Económica'),
(93, 201, 100, 'Clase Económica'),
(93, 204, 101, 'Clase Económica'),
(93, 210, 103, 'Clase Económica'),
(93, 213, 104, 'Clase Económica'),
(94, 201, 100, 'Clase Económica'),
(94, 204, 101, 'Clase Económica'),
(94, 210, 103, 'Clase Económica'),
(94, 213, 104, 'Clase Económica'),
(95, 201, 100, 'Clase Económica'),
(95, 204, 101, 'Clase Económica'),
(95, 210, 103, 'Clase Económica'),
(95, 213, 104, 'Clase Económica'),
(96, 201, 100, 'Clase Económica'),
(96, 204, 101, 'Clase Económica'),
(96, 210, 103, 'Clase Económica'),
(96, 213, 104, 'Clase Económica'),
(97, 201, 100, 'Clase Económica'),
(97, 204, 101, 'Clase Económica'),
(97, 210, 103, 'Clase Económica'),
(97, 213, 104, 'Clase Económica'),
(98, 201, 100, 'Clase Económica'),
(98, 204, 101, 'Clase Económica'),
(98, 210, 103, 'Clase Económica'),
(98, 213, 104, 'Clase Económica'),
(99, 201, 100, 'Clase Económica'),
(99, 204, 101, 'Clase Económica'),
(99, 210, 103, 'Clase Económica'),
(99, 213, 104, 'Clase Económica'),
(100, 201, 100, 'Clase Económica'),
(100, 204, 101, 'Clase Económica'),
(100, 210, 103, 'Clase Económica'),
(100, 213, 104, 'Clase Económica'),
(101, 201, 100, 'Clase Económica'),
(101, 204, 101, 'Clase Económica'),
(101, 210, 103, 'Clase Económica'),
(101, 213, 104, 'Clase Económica'),
(102, 201, 100, 'Clase Económica'),
(102, 204, 101, 'Clase Económica'),
(102, 210, 103, 'Clase Económica'),
(102, 213, 104, 'Clase Económica'),
(103, 201, 100, 'Clase Económica'),
(103, 204, 101, 'Clase Económica'),
(103, 210, 103, 'Clase Económica'),
(103, 213, 104, 'Clase Económica'),
(104, 201, 100, 'Clase Económica'),
(104, 204, 101, 'Clase Económica'),
(104, 210, 103, 'Clase Económica'),
(104, 213, 104, 'Clase Económica'),
(105, 201, 100, 'Clase Económica'),
(105, 204, 101, 'Clase Económica'),
(105, 210, 103, 'Clase Económica'),
(105, 213, 104, 'Clase Económica'),
(106, 201, 100, 'Clase Económica'),
(106, 204, 101, 'Clase Económica'),
(106, 210, 103, 'Clase Económica'),
(106, 213, 104, 'Clase Económica'),
(107, 201, 100, 'Clase Económica'),
(107, 204, 101, 'Clase Económica'),
(107, 210, 103, 'Clase Económica'),
(107, 213, 104, 'Clase Económica'),
(108, 201, 100, 'Clase Económica'),
(108, 204, 101, 'Clase Económica'),
(108, 210, 103, 'Clase Económica'),
(108, 213, 104, 'Clase Económica'),
(109, 201, 100, 'Clase Económica'),
(109, 204, 101, 'Clase Económica'),
(109, 210, 103, 'Clase Económica'),
(109, 213, 104, 'Clase Económica'),
(110, 201, 100, 'Clase Económica'),
(110, 204, 101, 'Clase Económica'),
(110, 210, 103, 'Clase Económica'),
(110, 213, 104, 'Clase Económica'),
(111, 201, 100, 'Clase Económica'),
(111, 204, 101, 'Clase Económica'),
(111, 210, 103, 'Clase Económica'),
(111, 213, 104, 'Clase Económica'),
(112, 201, 100, 'Clase Económica'),
(112, 204, 101, 'Clase Económica'),
(112, 210, 103, 'Clase Económica'),
(112, 213, 104, 'Clase Económica'),
(113, 201, 100, 'Clase Económica'),
(113, 204, 101, 'Clase Económica'),
(113, 210, 103, 'Clase Económica'),
(113, 213, 104, 'Clase Económica'),
(114, 201, 100, 'Clase Económica'),
(114, 204, 101, 'Clase Económica'),
(114, 210, 103, 'Clase Económica'),
(114, 213, 104, 'Clase Económica'),
(115, 201, 100, 'Clase Económica'),
(115, 204, 101, 'Clase Económica'),
(115, 210, 103, 'Clase Económica'),
(115, 213, 104, 'Clase Económica'),
(116, 201, 100, 'Clase Económica'),
(116, 204, 101, 'Clase Económica'),
(116, 210, 103, 'Clase Económica'),
(116, 213, 104, 'Clase Económica'),
(117, 201, 100, 'Clase Económica'),
(117, 204, 101, 'Clase Económica'),
(117, 210, 103, 'Clase Económica'),
(117, 213, 104, 'Clase Económica'),
(118, 201, 100, 'Clase Económica'),
(118, 204, 101, 'Clase Económica'),
(118, 210, 103, 'Clase Económica'),
(118, 213, 104, 'Clase Económica'),
(119, 201, 100, 'Clase Económica'),
(119, 204, 101, 'Clase Económica'),
(119, 210, 103, 'Clase Económica'),
(119, 213, 104, 'Clase Económica'),
(120, 201, 100, 'Clase Económica'),
(120, 204, 101, 'Clase Económica'),
(120, 210, 103, 'Clase Económica'),
(120, 213, 104, 'Clase Económica'),
(121, 201, 100, 'Clase Económica'),
(121, 210, 103, 'Clase Económica'),
(121, 213, 104, 'Clase Económica'),
(122, 201, 100, 'Clase Económica'),
(122, 210, 103, 'Clase Económica'),
(122, 213, 104, 'Clase Económica'),
(123, 201, 100, 'Clase Económica'),
(123, 210, 103, 'Clase Económica'),
(123, 213, 104, 'Clase Económica'),
(124, 201, 100, 'Clase Económica'),
(124, 210, 103, 'Clase Económica'),
(124, 213, 104, 'Clase Económica'),
(125, 201, 100, 'Clase Económica'),
(125, 210, 103, 'Clase Económica'),
(125, 213, 104, 'Clase Económica'),
(126, 201, 100, 'Clase Económica'),
(126, 210, 103, 'Clase Económica'),
(126, 213, 104, 'Clase Económica'),
(127, 201, 100, 'Clase Económica'),
(127, 210, 103, 'Clase Económica'),
(127, 213, 104, 'Clase Económica'),
(128, 201, 100, 'Clase Económica'),
(128, 210, 103, 'Clase Económica'),
(128, 213, 104, 'Clase Económica'),
(129, 201, 100, 'Clase Económica'),
(129, 210, 103, 'Clase Económica'),
(129, 213, 104, 'Clase Económica'),
(130, 201, 100, 'Clase Económica'),
(130, 213, 104, 'Clase Económica'),
(131, 201, 100, 'Clase Económica'),
(131, 213, 104, 'Clase Económica'),
(132, 201, 100, 'Clase Económica'),
(132, 213, 104, 'Clase Económica'),
(133, 201, 100, 'Clase Económica'),
(133, 213, 104, 'Clase Económica'),
(134, 201, 100, 'Clase Económica'),
(134, 213, 104, 'Clase Económica'),
(135, 201, 100, 'Clase Económica'),
(135, 213, 104, 'Clase Económica'),
(136, 201, 100, 'Clase Económica'),
(136, 213, 104, 'Clase Económica'),
(137, 201, 100, 'Clase Económica'),
(137, 213, 104, 'Clase Económica'),
(138, 201, 100, 'Clase Económica'),
(138, 213, 104, 'Clase Económica'),
(139, 201, 100, 'Clase Económica'),
(139, 213, 104, 'Clase Económica'),
(140, 201, 100, 'Clase Económica'),
(140, 213, 104, 'Clase Económica'),
(141, 213, 104, 'Clase Económica'),
(142, 213, 104, 'Clase Económica'),
(143, 213, 104, 'Clase Económica'),
(144, 213, 104, 'Clase Económica'),
(145, 213, 104, 'Clase Económica'),
(146, 213, 104, 'Clase Económica'),
(147, 213, 104, 'Clase Económica'),
(148, 213, 104, 'Clase Económica'),
(149, 213, 104, 'Clase Económica'),
(150, 213, 104, 'Clase Económica'),
(151, 213, 104, 'Clase Económica'),
(152, 213, 104, 'Clase Económica'),
(153, 213, 104, 'Clase Económica'),
(154, 213, 104, 'Clase Económica'),
(155, 213, 104, 'Clase Económica'),
(156, 213, 104, 'Clase Económica'),
(157, 213, 104, 'Clase Económica'),
(158, 213, 104, 'Clase Económica'),
(159, 213, 104, 'Clase Económica'),
(160, 213, 104, 'Clase Económica'),
(161, 213, 104, 'Clase Económica'),
(162, 213, 104, 'Clase Económica');

--
-- Disparadores `asientos`
--
DELIMITER $$
CREATE TRIGGER `asientos_tgg` AFTER INSERT ON `asientos` FOR EACH ROW BEGIN
    INSERT INTO historial (fecha, accion, tabla, cantidad) VALUES (NOW(), 'Inserción', 'asientos', 1);
END
$$
DELIMITER ;
DELIMITER $$
CREATE TRIGGER `asientos_tgg_delete` AFTER DELETE ON `asientos` FOR EACH ROW BEGIN
    INSERT INTO historial (fecha, accion, tabla, cantidad) VALUES (NOW(), 'Borrado', 'asientos', 1);
END
$$
DELIMITER ;
DELIMITER $$
CREATE TRIGGER `asientos_tgg_update` AFTER UPDATE ON `asientos` FOR EACH ROW BEGIN
    INSERT INTO historial (fecha, accion, tabla, cantidad) VALUES (NOW(), 'Modificación', 'asientos', 1);
END
$$
DELIMITER ;

-- --------------------------------------------------------

--
-- Estructura de tabla para la tabla `aviones`
--

CREATE TABLE `aviones` (
  `codigo` int(11) NOT NULL,
  `tipo_avion` varchar(50) DEFAULT NULL,
  `descripcion` varchar(200) DEFAULT NULL,
  `capacidad_pasajeros` int(11) DEFAULT NULL
) ENGINE=InnoDB DEFAULT CHARSET=utf8mb4 COLLATE=utf8mb4_general_ci;

--
-- Volcado de datos para la tabla `aviones`
--

INSERT INTO `aviones` (`codigo`, `tipo_avion`, `descripcion`, `capacidad_pasajeros`) VALUES
(100, '747', 'Avión de pasajeros grande', 200),
(101, 'Concorde', 'Avión supersónico', 150),
(102, 'Carga', 'Avión de carga', 50),
(103, 'Boeing 737', 'Avión comercial mediano', 180),
(104, 'Boeing 777', 'Avión comercial grande', 250);

--
-- Disparadores `aviones`
--
DELIMITER $$
CREATE TRIGGER `aviones_tgg` AFTER INSERT ON `aviones` FOR EACH ROW BEGIN
    INSERT INTO historial (fecha, accion, tabla, cantidad) VALUES (NOW(), 'Inserción', 'aviones', 1);
END
$$
DELIMITER ;
DELIMITER $$
CREATE TRIGGER `aviones_tgg_delete` AFTER DELETE ON `aviones` FOR EACH ROW BEGIN
    INSERT INTO historial (fecha, accion, tabla, cantidad) VALUES (NOW(), 'Borrado', 'aviones', 1);
END
$$
DELIMITER ;
DELIMITER $$
CREATE TRIGGER `aviones_tgg_update` AFTER UPDATE ON `aviones` FOR EACH ROW BEGIN
    INSERT INTO historial (fecha, accion, tabla, cantidad) VALUES (NOW(), 'Modificación', 'aviones', 1);
END
$$
DELIMITER ;

-- --------------------------------------------------------

--
-- Estructura de tabla para la tabla `clientes`
--

CREATE TABLE `clientes` (
  `cedula` varchar(20) NOT NULL,
  `nombre` varchar(100) DEFAULT NULL,
  `nacionalidad` varchar(50) DEFAULT NULL,
  `correo` varchar(100) DEFAULT NULL,
  `direccion` varchar(200) DEFAULT NULL,
  `tipo_cliente` varchar(50) DEFAULT NULL
) ENGINE=InnoDB DEFAULT CHARSET=utf8mb4 COLLATE=utf8mb4_general_ci;

--
-- Volcado de datos para la tabla `clientes`
--

INSERT INTO `clientes` (`cedula`, `nombre`, `nacionalidad`, `correo`, `direccion`, `tipo_cliente`) VALUES
('12345678', 'Cliente Prueba', 'Nacional', 'cliente@test.com', 'Calle Falsa 123', 'frecuente'),
('201', 'ramon', 'Costarricense', 'ramon@correo.com', 'San José', 'Nacional'),
('204', 'Juan Carlos Fernández', 'Costarricense', 'juan.cfernandez@mail.com', 'San José', 'Nacional'),
('205', 'María Elena Morales', 'Costarricense', 'maria.morales@mail.com', 'Heredia', 'Nacional'),
('206', 'José Manuel Vargas', 'Costarricense', 'jose.vargas@mail.com', 'Alajuela', 'Nacional'),
('208', 'Carlos Alberto Jiménez', 'Costarricense', 'carlos.jimenez@mail.com', 'Puntarenas', 'Nacional'),
('209', 'Laura Sofía Salazar', 'Costarricense', 'laura.salazar@mail.com', 'Limón', 'Nacional'),
('215', 'Gabriela Fernández Solano', 'Costarricense', 'gabriela.solano@mail.com', 'Limón', 'Nacional'),
('216', 'Luis Fernando Jiménez', 'Costarricense', 'luis.jimenez@mail.com', 'San José', 'Nacional'),
('217', 'María José Rivas', 'Costarricense', 'maria.rivas@mail.com', 'Heredia', 'Nacional'),
('219', 'Verónica Sánchez', 'Costarricense', 'veronica.sanchez@mail.com', 'Cartago', 'Nacional'),
('220', 'Jorge Luis Morales', 'Costarricense', 'jorge.morales@mail.com', 'Puntarenas', 'Nacional'),
('221', 'Carolina Pérez', 'Costarricense', 'carolina.perez@mail.com', 'Limón', 'Nacional'),
('222', 'Eduardo Arias', 'Costarricense', 'eduardo.arias@mail.com', 'San José', 'Nacional'),
('223', 'Sofía Méndez', 'Costarricense', 'sofia.mendez@mail.com', 'Heredia', 'Nacional'),
('224', 'Fernando Ramírez', 'Costarricense', 'fernando.ramirez@mail.com', 'Alajuela', 'Nacional'),
('225', 'Patricia Vargas', 'Costarricense', 'patricia.vargas@mail.com', 'Cartago', 'Nacional'),
('227', 'Daniela Salazar', 'Costarricense', 'daniela.salazar@mail.com', 'Limón', 'Nacional'),
('228', 'Alejandro Jiménez', 'Costarricense', 'alejandro.jimenez@mail.com', 'San José', 'Nacional'),
('230', 'Carlos Alberto Soto', 'Costarricense', 'carlos.soto@mail.com', 'Alajuela', 'Nacional'),
('231', 'Ana Gabriela Herrera', 'Costarricense', 'ana.herrera@mail.com', 'Cartago', 'Nacional'),
('232', 'Juan Pablo Ramírez', 'Costarricense', 'juan.ramirez@mail.com', 'Puntarenas', 'Nacional'),
('234', 'Oscar Andrés Vargas', 'Costarricense', 'oscar.vargas@mail.com', 'San José', 'Nacional'),
('235', 'Claudia Patricia Rojas', 'Costarricense', 'claudia.rojas@mail.com', 'Heredia', 'Nacional'),
('236', 'Francisco Javier Pérez', 'Costarricense', 'francisco.perez@mail.com', 'Alajuela', 'Nacional'),
('237', 'Paula Andrea Morales', 'Costarricense', 'paula.morales@mail.com', 'Cartago', 'Nacional'),
('238', 'Héctor Enrique Jiménez', 'Costarricense', 'hector.jimenez@mail.com', 'Puntarenas', 'Nacional'),
('239', 'Mariela Sánchez', 'Costarricense', 'mariela.sanchez@mail.com', 'Limón', 'Nacional'),
('240', 'Javier Antonio Gómez', 'Costarricense', 'javier.gomez@mail.com', 'San José', 'Nacional'),
('241', 'Lorena Vargas', 'Costarricense', 'lorena.vargas@mail.com', 'Heredia', 'Nacional'),
('243', 'Sandra Patricia Herrera', 'Costarricense', 'sandra.herrera@mail.com', 'Cartago', 'Nacional'),
('244', 'Manuel Alejandro Jiménez', 'Costarricense', 'manuel.jimenez@mail.com', 'Puntarenas', 'Nacional'),
('245', 'Adriana Gómez', 'Costarricense', 'adriana.gomez@mail.com', 'Limón', 'Nacional'),
('247', 'Verónica López', 'Costarricense', 'veronica.lopez@mail.com', 'Heredia', 'Nacional'),
('248', 'Roberto Hernández', 'Costarricense', 'roberto.hernandez@mail.com', 'Alajuela', 'Nacional'),
('249', 'Marcela Vargas', 'Costarricense', 'marcela.vargas@mail.com', 'Cartago', 'Nacional'),
('250', 'Gustavo Jiménez', 'Costarricense', 'gustavo.jimenez@mail.com', 'Puntarenas', 'Nacional'),
('251', 'Katherine Sánchez', 'Costarricense', 'katherine.sanchez@mail.com', 'Limón', 'Nacional'),
('252', 'José Alberto Ramírez', 'Costarricense', 'jose.ramirez@mail.com', 'San José', 'Nacional'),
('256', 'Felipe Vargas', 'Costarricense', 'felipe.vargas@mail.com', 'Puntarenas', 'Nacional'),
('257', 'Sandra Méndez', 'Costarricense', 'sandra.mendez@mail.com', 'Limón', 'Nacional'),
('258', 'Javier Ramírez', 'Costarricense', 'javier.ramirez@mail.com', 'San José', 'Nacional'),
('259', 'María Victoria Herrera', 'Costarricense', 'maria.victoria@mail.com', 'Heredia', 'Nacional'),
('260', 'Luis Alberto Sánchez', 'Costarricense', 'luis.sanchez@mail.com', 'Alajuela', 'Nacional'),
('261', 'Carolina Méndez', 'Costarricense', 'carolina.mendez@mail.com', 'Cartago', 'Nacional'),
('263', 'Natalia Ruiz', 'Costarricense', 'natalia.ruiz@mail.com', 'Limón', 'Nacional'),
('265', 'Paola Ramírez', 'Costarricense', 'paola.ramirez@mail.com', 'Heredia', 'Nacional'),
('267', 'Ana María Vargas', 'Costarricense', 'ana.vargas@mail.com', 'Cartago', 'Nacional'),
('268', 'Jorge Alberto Jiménez', 'Costarricense', 'jorge.jimenez@mail.com', 'Puntarenas', 'Nacional'),
('271', 'Gabriela Ramírez', 'Costarricense', 'gabriela.ramirez@mail.com', 'Heredia', 'Nacional'),
('272', 'Luis Fernando Sánchez', 'Costarricense', 'luis.sanchez@mail.com', 'Alajuela', 'Nacional'),
('273', 'Sandra Patricia Gómez', 'Costarricense', 'sandra.gomez@mail.com', 'Cartago', 'Nacional'),
('274', 'Mauricio Hernández', 'Costarricense', 'mauricio.hernandez@mail.com', 'Puntarenas', 'Nacional'),
('275', 'Paola Sánchez', 'Costarricense', 'paola.sanchez@mail.com', 'Limón', 'Nacional'),
('276', 'Ricardo Ramírez', 'Costarricense', 'ricardo.ramirez@mail.com', 'San José', 'Nacional'),
('278', 'Javier Gómez', 'Costarricense', 'javier.gomez@mail.com', 'Alajuela', 'Nacional'),
('280', 'Felipe Jiménez', 'Costarricense', 'felipe.jimenez@mail.com', 'Puntarenas', 'Nacional'),
('281', 'Sandra Vargas', 'Costarricense', 'sandra.vargas@mail.com', 'Limón', 'Nacional'),
('282', 'Jorge Sánchez', 'Costarricense', 'jorge.sanchez@mail.com', 'San José', 'Nacional'),
('283', 'María Gómez', 'Costarricense', 'maria.gomez@mail.com', 'Heredia', 'Nacional'),
('284', 'Carlos Ramírez', 'Costarricense', 'carlos.ramirez@mail.com', 'Alajuela', 'Nacional'),
('285', 'Ana Sánchez', 'Costarricense', 'ana.sanchez@mail.com', 'Cartago', 'Nacional'),
('286', 'Juan Gómez', 'Costarricense', 'juan.gomez@mail.com', 'Puntarenas', 'Nacional'),
('287', 'Paola Jiménez', 'Costarricense', 'paola.jimenez@mail.com', 'Limón', 'Nacional'),
('288', 'Oscar Sánchez', 'Costarricense', 'oscar.sanchez@mail.com', 'San José', 'Nacional'),
('289', 'Claudia Gómez', 'Costarricense', 'claudia.gomez@mail.com', 'Heredia', 'Nacional'),
('290', 'Francisco Ramírez', 'Costarricense', 'francisco.ramirez@mail.com', 'Alajuela', 'Nacional'),
('291', 'Paula Sánchez', 'Costarricense', 'paula.sanchez@mail.com', 'Cartago', 'Nacional'),
('292', 'Héctor Gómez', 'Costarricense', 'hector.gomez@mail.com', 'Puntarenas', 'Nacional'),
('293', 'Mariela Ramírez', 'Costarricense', 'mariela.ramirez@mail.com', 'Limón', 'Nacional'),
('294', 'Javier Sánchez', 'Costarricense', 'javier.sanchez@mail.com', 'San José', 'Nacional'),
('295', 'Lorena Gómez', 'Costarricense', 'lorena.gomez@mail.com', 'Heredia', 'Nacional'),
('296', 'Ricardo Sánchez', 'Costarricense', 'ricardo.sanchez@mail.com', 'Alajuela', 'Nacional'),
('297', 'Sandra Ramírez', 'Costarricense', 'sandra.ramirez@mail.com', 'Cartago', 'Nacional'),
('298', 'Manuel Sánchez', 'Costarricense', 'manuel.sanchez@mail.com', 'Puntarenas', 'Nacional'),
('299', 'Adriana Ramírez', 'Costarricense', 'adriana.ramirez@mail.com', 'Limón', 'Nacional'),
('99999999', 'Cliente Test', 'Nacional', 'test@correo.com', 'Pruebas', 'frecuente');

--
-- Disparadores `clientes`
--
DELIMITER $$
CREATE TRIGGER `clientes_tgg` AFTER INSERT ON `clientes` FOR EACH ROW BEGIN
    INSERT INTO historial (fecha, accion, tabla, cantidad) VALUES (NOW(), 'Inserción', 'clientes', 1);
END
$$
DELIMITER ;
DELIMITER $$
CREATE TRIGGER `clientes_tgg_delete` AFTER DELETE ON `clientes` FOR EACH ROW BEGIN
    INSERT INTO historial (fecha, accion, tabla, cantidad) VALUES (NOW(), 'Borrado', 'clientes', 1);
END
$$
DELIMITER ;
DELIMITER $$
CREATE TRIGGER `clientes_tgg_update` AFTER UPDATE ON `clientes` FOR EACH ROW BEGIN
    INSERT INTO historial (fecha, accion, tabla, cantidad) VALUES (NOW(), 'Modificación', 'clientes', 1);
END
$$
DELIMITER ;

-- --------------------------------------------------------

--
-- Estructura de tabla para la tabla `consecutivos`
--

CREATE TABLE `consecutivos` (
  `nombre_tabla` varchar(50) NOT NULL,
  `siguiente_codigo` int(11) DEFAULT NULL
) ENGINE=InnoDB DEFAULT CHARSET=utf8mb4 COLLATE=utf8mb4_general_ci;

--
-- Volcado de datos para la tabla `consecutivos`
--

INSERT INTO `consecutivos` (`nombre_tabla`, `siguiente_codigo`) VALUES
('asientos', 2),
('aviones', 106),
('reservaciones', 1000),
('secciones', 215),
('vuelos', 501);

-- --------------------------------------------------------

--
-- Estructura de tabla para la tabla `funcionarios`
--

CREATE TABLE `funcionarios` (
  `cedula` varchar(20) NOT NULL,
  `nombre` varchar(100) DEFAULT NULL,
  `estado_civil` varchar(20) DEFAULT NULL,
  `telefono` varchar(20) DEFAULT NULL,
  `correo` varchar(100) DEFAULT NULL,
  `puesto` varchar(50) DEFAULT NULL
) ENGINE=InnoDB DEFAULT CHARSET=utf8mb4 COLLATE=utf8mb4_general_ci;

--
-- Volcado de datos para la tabla `funcionarios`
--

INSERT INTO `funcionarios` (`cedula`, `nombre`, `estado_civil`, `telefono`, `correo`, `puesto`) VALUES
('101', 'Carlos Jimenez', 'Soltero', '88888888', 'carlos1@empresa.com', 'Piloto'),
('102', 'María Pérez', 'Casado', '88888889', 'maria2@empresa.com', 'Copiloto'),
('103', 'Luis Rodríguez', 'Soltero', '88888890', 'luis3@empresa.com', 'Aeromoza'),
('104', 'Ana Torres', 'Casado', '88888891', 'ana4@empresa.com', 'Aeromoza'),
('105', 'Javier Sánchez', 'Soltero', '88888892', 'javier5@empresa.com', 'Aeromoza'),
('106', 'Pedro López', 'Casado', '88888893', 'pedro6@empresa.com', 'Piloto'),
('107', 'Lucía Vargas', 'Soltero', '88888894', 'lucia7@empresa.com', 'Copiloto'),
('108', 'Mario Díaz', 'Casado', '88888895', 'mario8@empresa.com', 'Aeromoza'),
('109', 'Sofía Mena', 'Soltero', '88888896', 'sofia9@empresa.com', 'Aeromoza'),
('110', 'Andrés Mora', 'Casado', '88888897', 'andres10@empresa.com', 'Aeromoza'),
('111', 'Daniela Rojas', 'Soltero', '88888898', 'daniela11@empresa.com', 'Piloto'),
('112', 'Felipe Castro', 'Casado', '88888899', 'felipe12@empresa.com', 'Copiloto'),
('113', 'Valeria Navarro', 'Soltero', '88888900', 'valeria13@empresa.com', 'Aeromoza'),
('114', 'Esteban Vega', 'Casado', '88888901', 'esteban14@empresa.com', 'Aeromoza'),
('115', 'Gabriela Paniagua', 'Soltero', '88888902', 'gabriela15@empresa.com', 'Aeromoza'),
('116', 'Roberto Chaves', 'Casado', '88888903', 'roberto16@empresa.com', 'Piloto'),
('117', 'Karina Ramírez', 'Soltero', '88888904', 'karina17@empresa.com', 'Copiloto'),
('118', 'Fernando Arias', 'Casado', '88888905', 'fernando18@empresa.com', 'Aeromoza'),
('119', 'Isabel Salazar', 'Soltero', '88888906', 'isabel19@empresa.com', 'Aeromoza'),
('120', 'Ricardo Soto', 'Casado', '88888907', 'ricardo20@empresa.com', 'Aeromoza'),
('121', 'Natalia León', 'Soltero', '88888908', 'natalia21@empresa.com', 'Piloto'),
('122', 'José Herrera', 'Casado', '88888909', 'jose22@empresa.com', 'Copiloto'),
('123', 'Carolina Brenes', 'Soltero', '88888910', 'carolina23@empresa.com', 'Aeromoza'),
('124', 'Pablo Gutiérrez', 'Casado', '88888911', 'pablo24@empresa.com', 'Aeromoza'),
('125', 'Andrea Morales', 'Soltero', '88888912', 'andrea25@empresa.com', 'Aeromoza'),
('126', 'Miguel Valverde', 'Casado', '88888913', 'miguel26@empresa.com', 'Piloto'),
('127', 'Alejandra Ureña', 'Soltero', '88888914', 'alejandra27@empresa.com', 'Copiloto'),
('128', 'Cristian Solís', 'Casado', '88888915', 'cristian28@empresa.com', 'Aeromoza'),
('129', 'Paola Vargas', 'Soltero', '88888916', 'paola29@empresa.com', 'Aeromoza'),
('130', 'Mauricio González', 'Casado', '88888917', 'mauricio30@empresa.com', 'Aeromoza');

--
-- Disparadores `funcionarios`
--
DELIMITER $$
CREATE TRIGGER `funcionarios_tgg` AFTER INSERT ON `funcionarios` FOR EACH ROW BEGIN
    INSERT INTO historial (fecha, accion, tabla, cantidad) VALUES (NOW(), 'Inserción', 'funcionarios', 1);
END
$$
DELIMITER ;
DELIMITER $$
CREATE TRIGGER `funcionarios_tgg_delete` AFTER DELETE ON `funcionarios` FOR EACH ROW BEGIN
    INSERT INTO historial (fecha, accion, tabla, cantidad) VALUES (NOW(), 'Borrado', 'funcionarios', 1);
END
$$
DELIMITER ;
DELIMITER $$
CREATE TRIGGER `funcionarios_tgg_update` AFTER UPDATE ON `funcionarios` FOR EACH ROW BEGIN
    INSERT INTO historial (fecha, accion, tabla, cantidad) VALUES (NOW(), 'Modificación', 'funcionarios', 1);
END
$$
DELIMITER ;
DELIMITER $$
CREATE TRIGGER `trg_actualizar_historial_puestos` AFTER UPDATE ON `funcionarios` FOR EACH ROW BEGIN
    -- Solo si el puesto cambió
    IF OLD.puesto <> NEW.puesto THEN
        -- Cerrar el puesto anterior poniendo fecha_fin al día antes de hoy
        UPDATE historial_puestos
        SET fecha_fin = DATE_SUB(CURDATE(), INTERVAL 1 DAY)
        WHERE cedula = NEW.cedula AND fecha_fin IS NULL;

        -- Insertar nuevo registro con el nuevo puesto y fecha_inicio hoy
        INSERT INTO historial_puestos (cedula, puesto, fecha_inicio, fecha_fin)
        VALUES (NEW.cedula, NEW.puesto, CURDATE(), NULL);
    END IF;
END
$$
DELIMITER ;

-- --------------------------------------------------------

--
-- Estructura de tabla para la tabla `historial`
--

CREATE TABLE `historial` (
  `fecha` datetime DEFAULT NULL,
  `accion` varchar(50) DEFAULT NULL,
  `tabla` varchar(50) DEFAULT NULL,
  `cantidad` int(11) DEFAULT NULL
) ENGINE=InnoDB DEFAULT CHARSET=utf8mb4 COLLATE=utf8mb4_general_ci;

--
-- Volcado de datos para la tabla `historial`
--

INSERT INTO `historial` (`fecha`, `accion`, `tabla`, `cantidad`) VALUES
('2025-07-11 16:48:21', 'Inserción', 'funcionarios', 1),
('2025-07-11 16:48:21', 'Inserción', 'funcionarios', 1),
('2025-07-11 16:48:21', 'Inserción', 'funcionarios', 1),
('2025-07-11 16:48:21', 'Inserción', 'funcionarios', 1),
('2025-07-11 16:48:21', 'Inserción', 'funcionarios', 1),
('2025-07-11 16:48:21', 'Inserción', 'funcionarios', 1),
('2025-07-11 16:48:21', 'Inserción', 'funcionarios', 1),
('2025-07-11 16:48:21', 'Inserción', 'funcionarios', 1),
('2025-07-11 16:48:21', 'Inserción', 'funcionarios', 1),
('2025-07-11 16:48:21', 'Inserción', 'funcionarios', 1),
('2025-07-11 16:48:21', 'Inserción', 'funcionarios', 1),
('2025-07-11 16:48:21', 'Inserción', 'funcionarios', 1),
('2025-07-11 16:48:21', 'Inserción', 'funcionarios', 1),
('2025-07-11 16:48:21', 'Inserción', 'funcionarios', 1),
('2025-07-11 16:48:21', 'Inserción', 'funcionarios', 1),
('2025-07-11 16:48:21', 'Inserción', 'funcionarios', 1),
('2025-07-11 16:48:21', 'Inserción', 'funcionarios', 1),
('2025-07-11 16:48:21', 'Inserción', 'funcionarios', 1),
('2025-07-11 16:48:21', 'Inserción', 'funcionarios', 1),
('2025-07-11 16:48:21', 'Inserción', 'funcionarios', 1),
('2025-07-11 16:48:21', 'Inserción', 'funcionarios', 1),
('2025-07-11 16:48:21', 'Inserción', 'funcionarios', 1),
('2025-07-11 16:48:21', 'Inserción', 'funcionarios', 1),
('2025-07-11 16:48:21', 'Inserción', 'funcionarios', 1),
('2025-07-11 16:48:21', 'Inserción', 'funcionarios', 1),
('2025-07-11 16:48:21', 'Inserción', 'funcionarios', 1),
('2025-07-11 16:48:21', 'Inserción', 'funcionarios', 1),
('2025-07-11 16:48:21', 'Inserción', 'funcionarios', 1),
('2025-07-11 16:48:21', 'Inserción', 'funcionarios', 1),
('2025-07-11 16:48:21', 'Inserción', 'funcionarios', 1),
('2025-07-11 16:48:21', 'Inserción', 'aviones', 1),
('2025-07-11 16:48:21', 'Inserción', 'aviones', 1),
('2025-07-11 16:48:21', 'Inserción', 'aviones', 1),
('2025-07-11 16:48:21', 'Inserción', 'aviones', 1),
('2025-07-11 16:48:21', 'Inserción', 'aviones', 1),
('2025-07-11 16:48:21', 'Inserción', 'clientes', 1),
('2025-07-11 16:48:21', 'Inserción', 'clientes', 1),
('2025-07-11 16:48:21', 'Inserción', 'clientes', 1),
('2025-07-11 16:50:14', 'Inserción', 'secciones', 1),
('2025-07-11 16:50:14', 'Inserción', 'secciones', 1),
('2025-07-11 16:50:14', 'Inserción', 'secciones', 1),
('2025-07-11 16:50:14', 'Inserción', 'secciones', 1),
('2025-07-11 16:50:14', 'Inserción', 'secciones', 1),
('2025-07-11 16:50:14', 'Inserción', 'secciones', 1),
('2025-07-11 16:50:14', 'Inserción', 'secciones', 1),
('2025-07-11 16:50:14', 'Inserción', 'secciones', 1),
('2025-07-11 16:50:14', 'Inserción', 'secciones', 1),
('2025-07-11 16:50:14', 'Inserción', 'secciones', 1),
('2025-07-11 16:50:14', 'Inserción', 'secciones', 1),
('2025-07-11 16:50:14', 'Inserción', 'secciones', 1),
('2025-07-11 16:50:14', 'Inserción', 'secciones', 1),
('2025-07-11 16:50:14', 'Inserción', 'secciones', 1),
('2025-07-11 16:50:14', 'Inserción', 'secciones', 1),
('2025-07-11 16:56:52', 'Inserción', 'asientos', 1),
('2025-07-11 16:56:52', 'Inserción', 'asientos', 1),
('2025-07-11 16:56:52', 'Inserción', 'asientos', 1),
('2025-07-11 16:56:52', 'Inserción', 'asientos', 1),
('2025-07-11 16:56:52', 'Inserción', 'asientos', 1),
('2025-07-11 16:56:52', 'Inserción', 'asientos', 1),
('2025-07-11 16:56:52', 'Inserción', 'asientos', 1),
('2025-07-11 16:56:52', 'Inserción', 'asientos', 1),
('2025-07-11 16:56:52', 'Inserción', 'asientos', 1),
('2025-07-11 16:56:52', 'Inserción', 'asientos', 1),
('2025-07-11 16:56:52', 'Inserción', 'asientos', 1),
('2025-07-11 16:56:52', 'Inserción', 'asientos', 1),
('2025-07-11 16:56:52', 'Inserción', 'asientos', 1),
('2025-07-11 16:56:52', 'Inserción', 'asientos', 1),
('2025-07-11 16:56:52', 'Inserción', 'asientos', 1),
('2025-07-11 16:56:52', 'Inserción', 'asientos', 1),
('2025-07-11 16:56:52', 'Inserción', 'asientos', 1),
('2025-07-11 16:56:52', 'Inserción', 'asientos', 1),
('2025-07-11 16:56:52', 'Inserción', 'asientos', 1),
('2025-07-11 16:56:52', 'Inserción', 'asientos', 1),
('2025-07-11 16:56:52', 'Inserción', 'asientos', 1),
('2025-07-11 16:56:52', 'Inserción', 'asientos', 1),
('2025-07-11 16:56:52', 'Inserción', 'asientos', 1),
('2025-07-11 16:56:52', 'Inserción', 'asientos', 1),
('2025-07-11 16:56:52', 'Inserción', 'asientos', 1),
('2025-07-11 16:56:52', 'Inserción', 'asientos', 1),
('2025-07-11 16:56:52', 'Inserción', 'asientos', 1),
('2025-07-11 16:56:52', 'Inserción', 'asientos', 1),
('2025-07-11 16:56:52', 'Inserción', 'asientos', 1),
('2025-07-11 16:56:52', 'Inserción', 'asientos', 1),
('2025-07-11 16:56:52', 'Inserción', 'asientos', 1),
('2025-07-11 16:56:52', 'Inserción', 'asientos', 1),
('2025-07-11 16:56:52', 'Inserción', 'asientos', 1),
('2025-07-11 16:56:52', 'Inserción', 'asientos', 1),
('2025-07-11 16:56:52', 'Inserción', 'asientos', 1),
('2025-07-11 16:56:52', 'Inserción', 'asientos', 1),
('2025-07-11 16:56:52', 'Inserción', 'asientos', 1),
('2025-07-11 16:56:52', 'Inserción', 'asientos', 1),
('2025-07-11 16:56:52', 'Inserción', 'asientos', 1),
('2025-07-11 16:56:52', 'Inserción', 'asientos', 1),
('2025-07-11 16:56:52', 'Inserción', 'asientos', 1),
('2025-07-11 16:56:52', 'Inserción', 'asientos', 1),
('2025-07-11 16:56:52', 'Inserción', 'asientos', 1),
('2025-07-11 16:56:52', 'Inserción', 'asientos', 1),
('2025-07-11 16:56:52', 'Inserción', 'asientos', 1),
('2025-07-11 16:56:52', 'Inserción', 'asientos', 1),
('2025-07-11 16:56:52', 'Inserción', 'asientos', 1),
('2025-07-11 16:56:52', 'Inserción', 'asientos', 1),
('2025-07-11 16:56:52', 'Inserción', 'asientos', 1),
('2025-07-11 16:56:52', 'Inserción', 'asientos', 1),
('2025-07-11 16:56:52', 'Inserción', 'asientos', 1),
('2025-07-11 16:56:52', 'Inserción', 'asientos', 1),
('2025-07-11 16:56:52', 'Inserción', 'asientos', 1),
('2025-07-11 16:56:52', 'Inserción', 'asientos', 1),
('2025-07-11 16:56:52', 'Inserción', 'asientos', 1),
('2025-07-11 16:56:52', 'Inserción', 'asientos', 1),
('2025-07-11 16:56:52', 'Inserción', 'asientos', 1),
('2025-07-11 16:56:52', 'Inserción', 'asientos', 1),
('2025-07-11 16:56:52', 'Inserción', 'asientos', 1),
('2025-07-11 16:56:52', 'Inserción', 'asientos', 1),
('2025-07-11 16:56:52', 'Inserción', 'asientos', 1),
('2025-07-11 16:56:52', 'Inserción', 'asientos', 1),
('2025-07-11 16:56:52', 'Inserción', 'asientos', 1),
('2025-07-11 16:56:52', 'Inserción', 'asientos', 1),
('2025-07-11 16:56:52', 'Inserción', 'asientos', 1),
('2025-07-11 16:56:52', 'Inserción', 'asientos', 1),
('2025-07-11 16:56:52', 'Inserción', 'asientos', 1),
('2025-07-11 16:56:52', 'Inserción', 'asientos', 1),
('2025-07-11 16:56:52', 'Inserción', 'asientos', 1),
('2025-07-11 16:56:52', 'Inserción', 'asientos', 1),
('2025-07-11 16:56:52', 'Inserción', 'asientos', 1),
('2025-07-11 16:56:52', 'Inserción', 'asientos', 1),
('2025-07-11 16:56:53', 'Inserción', 'asientos', 1),
('2025-07-11 16:56:53', 'Inserción', 'asientos', 1),
('2025-07-11 16:56:53', 'Inserción', 'asientos', 1),
('2025-07-11 16:56:53', 'Inserción', 'asientos', 1),
('2025-07-11 16:56:53', 'Inserción', 'asientos', 1),
('2025-07-11 16:56:53', 'Inserción', 'asientos', 1),
('2025-07-11 16:56:53', 'Inserción', 'asientos', 1),
('2025-07-11 16:56:53', 'Inserción', 'asientos', 1),
('2025-07-11 16:56:53', 'Inserción', 'asientos', 1),
('2025-07-11 16:56:53', 'Inserción', 'asientos', 1),
('2025-07-11 16:56:53', 'Inserción', 'asientos', 1),
('2025-07-11 16:56:53', 'Inserción', 'asientos', 1),
('2025-07-11 16:56:53', 'Inserción', 'asientos', 1),
('2025-07-11 16:56:53', 'Inserción', 'asientos', 1),
('2025-07-11 16:56:53', 'Inserción', 'asientos', 1),
('2025-07-11 16:56:53', 'Inserción', 'asientos', 1),
('2025-07-11 16:56:53', 'Inserción', 'asientos', 1),
('2025-07-11 16:56:53', 'Inserción', 'asientos', 1),
('2025-07-11 16:56:53', 'Inserción', 'asientos', 1),
('2025-07-11 16:56:53', 'Inserción', 'asientos', 1),
('2025-07-11 16:56:53', 'Inserción', 'asientos', 1),
('2025-07-11 16:56:53', 'Inserción', 'asientos', 1),
('2025-07-11 16:56:53', 'Inserción', 'asientos', 1),
('2025-07-11 16:56:53', 'Inserción', 'asientos', 1),
('2025-07-11 16:56:53', 'Inserción', 'asientos', 1),
('2025-07-11 16:56:53', 'Inserción', 'asientos', 1),
('2025-07-11 16:56:53', 'Inserción', 'asientos', 1),
('2025-07-11 16:56:53', 'Inserción', 'asientos', 1),
('2025-07-11 16:56:53', 'Inserción', 'asientos', 1),
('2025-07-11 16:56:53', 'Inserción', 'asientos', 1),
('2025-07-11 16:56:53', 'Inserción', 'asientos', 1),
('2025-07-11 16:56:53', 'Inserción', 'asientos', 1),
('2025-07-11 16:56:53', 'Inserción', 'asientos', 1),
('2025-07-11 16:56:53', 'Inserción', 'asientos', 1),
('2025-07-11 16:56:53', 'Inserción', 'asientos', 1),
('2025-07-11 16:56:53', 'Inserción', 'asientos', 1),
('2025-07-11 16:56:53', 'Inserción', 'asientos', 1),
('2025-07-11 16:56:53', 'Inserción', 'asientos', 1),
('2025-07-11 16:56:53', 'Inserción', 'asientos', 1),
('2025-07-11 16:56:53', 'Inserción', 'asientos', 1),
('2025-07-11 16:56:53', 'Inserción', 'asientos', 1),
('2025-07-11 16:56:53', 'Inserción', 'asientos', 1),
('2025-07-11 16:56:53', 'Inserción', 'asientos', 1),
('2025-07-11 16:56:53', 'Inserción', 'asientos', 1),
('2025-07-11 16:56:53', 'Inserción', 'asientos', 1),
('2025-07-11 16:56:53', 'Inserción', 'asientos', 1),
('2025-07-11 16:56:53', 'Inserción', 'asientos', 1),
('2025-07-11 16:56:53', 'Inserción', 'asientos', 1),
('2025-07-11 16:56:53', 'Inserción', 'asientos', 1),
('2025-07-11 16:56:53', 'Inserción', 'asientos', 1),
('2025-07-11 16:56:53', 'Inserción', 'asientos', 1),
('2025-07-11 16:56:53', 'Inserción', 'asientos', 1),
('2025-07-11 16:56:53', 'Inserción', 'asientos', 1),
('2025-07-11 16:56:53', 'Inserción', 'asientos', 1),
('2025-07-11 16:56:53', 'Inserción', 'asientos', 1),
('2025-07-11 16:56:53', 'Inserción', 'asientos', 1),
('2025-07-11 16:56:53', 'Inserción', 'asientos', 1),
('2025-07-11 16:56:53', 'Inserción', 'asientos', 1),
('2025-07-11 16:56:53', 'Inserción', 'asientos', 1),
('2025-07-11 16:56:53', 'Inserción', 'asientos', 1),
('2025-07-11 16:56:53', 'Inserción', 'asientos', 1),
('2025-07-11 16:56:53', 'Inserción', 'asientos', 1),
('2025-07-11 16:56:53', 'Inserción', 'asientos', 1),
('2025-07-11 16:56:53', 'Inserción', 'asientos', 1),
('2025-07-11 16:56:53', 'Inserción', 'asientos', 1),
('2025-07-11 16:56:53', 'Inserción', 'asientos', 1),
('2025-07-11 16:56:53', 'Inserción', 'asientos', 1),
('2025-07-11 16:56:53', 'Inserción', 'asientos', 1),
('2025-07-11 16:56:53', 'Inserción', 'asientos', 1),
('2025-07-11 16:56:53', 'Inserción', 'asientos', 1),
('2025-07-11 16:56:53', 'Inserción', 'asientos', 1),
('2025-07-11 16:56:53', 'Inserción', 'asientos', 1),
('2025-07-11 16:56:53', 'Inserción', 'asientos', 1),
('2025-07-11 16:56:53', 'Inserción', 'asientos', 1),
('2025-07-11 16:56:53', 'Inserción', 'asientos', 1),
('2025-07-11 16:56:53', 'Inserción', 'asientos', 1),
('2025-07-11 16:56:53', 'Inserción', 'asientos', 1),
('2025-07-11 16:56:53', 'Inserción', 'asientos', 1),
('2025-07-11 16:56:53', 'Inserción', 'asientos', 1),
('2025-07-11 16:56:53', 'Inserción', 'asientos', 1),
('2025-07-11 16:56:53', 'Inserción', 'asientos', 1),
('2025-07-11 16:56:53', 'Inserción', 'asientos', 1),
('2025-07-11 16:56:53', 'Inserción', 'asientos', 1),
('2025-07-11 16:56:53', 'Inserción', 'asientos', 1),
('2025-07-11 16:56:53', 'Inserción', 'asientos', 1),
('2025-07-11 16:56:53', 'Inserción', 'asientos', 1),
('2025-07-11 16:56:53', 'Inserción', 'asientos', 1),
('2025-07-11 16:56:53', 'Inserción', 'asientos', 1),
('2025-07-11 16:56:53', 'Inserción', 'asientos', 1),
('2025-07-11 16:56:53', 'Inserción', 'asientos', 1),
('2025-07-11 16:56:53', 'Inserción', 'asientos', 1),
('2025-07-11 16:56:53', 'Inserción', 'asientos', 1),
('2025-07-11 16:56:53', 'Inserción', 'asientos', 1),
('2025-07-11 16:56:53', 'Inserción', 'asientos', 1),
('2025-07-11 16:56:53', 'Inserción', 'asientos', 1),
('2025-07-11 16:56:53', 'Inserción', 'asientos', 1),
('2025-07-11 16:56:53', 'Inserción', 'asientos', 1),
('2025-07-11 16:56:53', 'Inserción', 'asientos', 1),
('2025-07-11 16:56:53', 'Inserción', 'asientos', 1),
('2025-07-11 16:56:53', 'Inserción', 'asientos', 1),
('2025-07-11 16:56:53', 'Inserción', 'asientos', 1),
('2025-07-11 16:56:53', 'Inserción', 'asientos', 1),
('2025-07-11 16:56:53', 'Inserción', 'asientos', 1),
('2025-07-11 16:56:53', 'Inserción', 'asientos', 1),
('2025-07-11 16:56:53', 'Inserción', 'asientos', 1),
('2025-07-11 16:56:53', 'Inserción', 'asientos', 1),
('2025-07-11 16:56:53', 'Inserción', 'asientos', 1),
('2025-07-11 16:56:53', 'Inserción', 'asientos', 1),
('2025-07-11 16:56:53', 'Inserción', 'asientos', 1),
('2025-07-11 16:56:53', 'Inserción', 'asientos', 1),
('2025-07-11 16:56:53', 'Inserción', 'asientos', 1),
('2025-07-11 16:56:53', 'Inserción', 'asientos', 1),
('2025-07-11 16:56:53', 'Inserción', 'asientos', 1),
('2025-07-11 16:56:53', 'Inserción', 'asientos', 1),
('2025-07-11 16:56:53', 'Inserción', 'asientos', 1),
('2025-07-11 16:56:53', 'Inserción', 'asientos', 1),
('2025-07-11 16:56:53', 'Inserción', 'asientos', 1),
('2025-07-11 16:56:53', 'Inserción', 'asientos', 1),
('2025-07-11 16:56:53', 'Inserción', 'asientos', 1),
('2025-07-11 16:56:53', 'Inserción', 'asientos', 1),
('2025-07-11 16:56:53', 'Inserción', 'asientos', 1),
('2025-07-11 16:56:53', 'Inserción', 'asientos', 1),
('2025-07-11 16:56:53', 'Inserción', 'asientos', 1),
('2025-07-11 16:56:53', 'Inserción', 'asientos', 1),
('2025-07-11 16:56:53', 'Inserción', 'asientos', 1),
('2025-07-11 16:56:53', 'Inserción', 'asientos', 1),
('2025-07-11 16:56:53', 'Inserción', 'asientos', 1),
('2025-07-11 16:56:53', 'Inserción', 'asientos', 1),
('2025-07-11 17:01:07', 'Borrado', 'asientos', 1),
('2025-07-11 17:01:07', 'Borrado', 'asientos', 1),
('2025-07-11 17:01:07', 'Borrado', 'asientos', 1),
('2025-07-11 17:01:07', 'Borrado', 'asientos', 1),
('2025-07-11 17:01:07', 'Borrado', 'asientos', 1),
('2025-07-11 17:01:07', 'Borrado', 'asientos', 1),
('2025-07-11 17:01:07', 'Borrado', 'asientos', 1),
('2025-07-11 17:01:07', 'Borrado', 'asientos', 1),
('2025-07-11 17:01:07', 'Borrado', 'asientos', 1),
('2025-07-11 17:01:07', 'Borrado', 'asientos', 1),
('2025-07-11 17:01:07', 'Borrado', 'asientos', 1),
('2025-07-11 17:01:07', 'Borrado', 'asientos', 1),
('2025-07-11 17:01:07', 'Borrado', 'asientos', 1),
('2025-07-11 17:01:07', 'Borrado', 'asientos', 1),
('2025-07-11 17:01:07', 'Borrado', 'asientos', 1),
('2025-07-11 17:01:07', 'Borrado', 'asientos', 1),
('2025-07-11 17:01:07', 'Borrado', 'asientos', 1),
('2025-07-11 17:01:07', 'Borrado', 'asientos', 1),
('2025-07-11 17:01:07', 'Borrado', 'asientos', 1),
('2025-07-11 17:01:07', 'Borrado', 'asientos', 1),
('2025-07-11 17:01:07', 'Borrado', 'asientos', 1),
('2025-07-11 17:01:07', 'Borrado', 'asientos', 1),
('2025-07-11 17:01:07', 'Borrado', 'asientos', 1),
('2025-07-11 17:01:07', 'Borrado', 'asientos', 1),
('2025-07-11 17:01:07', 'Borrado', 'asientos', 1),
('2025-07-11 17:01:07', 'Borrado', 'asientos', 1),
('2025-07-11 17:01:07', 'Borrado', 'asientos', 1),
('2025-07-11 17:01:07', 'Borrado', 'asientos', 1),
('2025-07-11 17:01:07', 'Borrado', 'asientos', 1),
('2025-07-11 17:01:07', 'Borrado', 'asientos', 1),
('2025-07-11 17:01:07', 'Borrado', 'asientos', 1),
('2025-07-11 17:01:07', 'Borrado', 'asientos', 1),
('2025-07-11 17:01:07', 'Borrado', 'asientos', 1),
('2025-07-11 17:01:07', 'Borrado', 'asientos', 1),
('2025-07-11 17:01:07', 'Borrado', 'asientos', 1),
('2025-07-11 17:01:07', 'Borrado', 'asientos', 1),
('2025-07-11 17:01:07', 'Borrado', 'asientos', 1),
('2025-07-11 17:01:07', 'Borrado', 'asientos', 1),
('2025-07-11 17:01:07', 'Borrado', 'asientos', 1),
('2025-07-11 17:01:07', 'Borrado', 'asientos', 1),
('2025-07-11 17:01:07', 'Borrado', 'asientos', 1),
('2025-07-11 17:01:07', 'Borrado', 'asientos', 1),
('2025-07-11 17:01:07', 'Borrado', 'asientos', 1),
('2025-07-11 17:01:07', 'Borrado', 'asientos', 1),
('2025-07-11 17:01:07', 'Borrado', 'asientos', 1),
('2025-07-11 17:01:07', 'Borrado', 'asientos', 1),
('2025-07-11 17:01:07', 'Borrado', 'asientos', 1),
('2025-07-11 17:01:07', 'Borrado', 'asientos', 1),
('2025-07-11 17:01:07', 'Borrado', 'asientos', 1),
('2025-07-11 17:01:07', 'Borrado', 'asientos', 1),
('2025-07-11 17:01:07', 'Borrado', 'asientos', 1),
('2025-07-11 17:01:07', 'Borrado', 'asientos', 1),
('2025-07-11 17:01:07', 'Borrado', 'asientos', 1),
('2025-07-11 17:01:07', 'Borrado', 'asientos', 1),
('2025-07-11 17:01:07', 'Borrado', 'asientos', 1),
('2025-07-11 17:01:07', 'Borrado', 'asientos', 1),
('2025-07-11 17:01:07', 'Borrado', 'asientos', 1),
('2025-07-11 17:01:07', 'Borrado', 'asientos', 1),
('2025-07-11 17:01:07', 'Borrado', 'asientos', 1),
('2025-07-11 17:01:07', 'Borrado', 'asientos', 1),
('2025-07-11 17:01:07', 'Borrado', 'asientos', 1),
('2025-07-11 17:01:07', 'Borrado', 'asientos', 1),
('2025-07-11 17:01:07', 'Borrado', 'asientos', 1),
('2025-07-11 17:01:07', 'Borrado', 'asientos', 1),
('2025-07-11 17:01:07', 'Borrado', 'asientos', 1),
('2025-07-11 17:01:07', 'Borrado', 'asientos', 1),
('2025-07-11 17:01:07', 'Borrado', 'asientos', 1),
('2025-07-11 17:01:07', 'Borrado', 'asientos', 1),
('2025-07-11 17:01:07', 'Borrado', 'asientos', 1),
('2025-07-11 17:01:07', 'Borrado', 'asientos', 1),
('2025-07-11 17:01:07', 'Borrado', 'asientos', 1),
('2025-07-11 17:01:07', 'Borrado', 'asientos', 1),
('2025-07-11 17:01:07', 'Borrado', 'asientos', 1),
('2025-07-11 17:01:07', 'Borrado', 'asientos', 1),
('2025-07-11 17:01:07', 'Borrado', 'asientos', 1),
('2025-07-11 17:01:07', 'Borrado', 'asientos', 1),
('2025-07-11 17:01:07', 'Borrado', 'asientos', 1),
('2025-07-11 17:01:07', 'Borrado', 'asientos', 1),
('2025-07-11 17:01:07', 'Borrado', 'asientos', 1),
('2025-07-11 17:01:07', 'Borrado', 'asientos', 1),
('2025-07-11 17:01:07', 'Borrado', 'asientos', 1),
('2025-07-11 17:01:07', 'Borrado', 'asientos', 1),
('2025-07-11 17:01:07', 'Borrado', 'asientos', 1),
('2025-07-11 17:01:07', 'Borrado', 'asientos', 1),
('2025-07-11 17:01:07', 'Borrado', 'asientos', 1),
('2025-07-11 17:01:07', 'Borrado', 'asientos', 1),
('2025-07-11 17:01:07', 'Borrado', 'asientos', 1),
('2025-07-11 17:01:07', 'Borrado', 'asientos', 1),
('2025-07-11 17:01:07', 'Borrado', 'asientos', 1),
('2025-07-11 17:01:07', 'Borrado', 'asientos', 1),
('2025-07-11 17:01:07', 'Borrado', 'asientos', 1),
('2025-07-11 17:01:07', 'Borrado', 'asientos', 1),
('2025-07-11 17:01:07', 'Borrado', 'asientos', 1),
('2025-07-11 17:01:07', 'Borrado', 'asientos', 1),
('2025-07-11 17:01:07', 'Borrado', 'asientos', 1),
('2025-07-11 17:01:07', 'Borrado', 'asientos', 1),
('2025-07-11 17:01:07', 'Borrado', 'asientos', 1),
('2025-07-11 17:01:07', 'Borrado', 'asientos', 1),
('2025-07-11 17:01:07', 'Borrado', 'asientos', 1),
('2025-07-11 17:01:07', 'Borrado', 'asientos', 1),
('2025-07-11 17:01:07', 'Borrado', 'asientos', 1),
('2025-07-11 17:01:07', 'Borrado', 'asientos', 1),
('2025-07-11 17:01:07', 'Borrado', 'asientos', 1),
('2025-07-11 17:01:07', 'Borrado', 'asientos', 1),
('2025-07-11 17:01:07', 'Borrado', 'asientos', 1),
('2025-07-11 17:01:07', 'Borrado', 'asientos', 1),
('2025-07-11 17:01:07', 'Borrado', 'asientos', 1),
('2025-07-11 17:01:07', 'Borrado', 'asientos', 1),
('2025-07-11 17:01:07', 'Borrado', 'asientos', 1),
('2025-07-11 17:01:07', 'Borrado', 'asientos', 1),
('2025-07-11 17:01:07', 'Borrado', 'asientos', 1),
('2025-07-11 17:01:07', 'Borrado', 'asientos', 1),
('2025-07-11 17:01:07', 'Borrado', 'asientos', 1),
('2025-07-11 17:01:07', 'Borrado', 'asientos', 1),
('2025-07-11 17:01:07', 'Borrado', 'asientos', 1),
('2025-07-11 17:01:07', 'Borrado', 'asientos', 1),
('2025-07-11 17:01:07', 'Borrado', 'asientos', 1),
('2025-07-11 17:01:07', 'Borrado', 'asientos', 1),
('2025-07-11 17:01:07', 'Borrado', 'asientos', 1),
('2025-07-11 17:01:07', 'Borrado', 'asientos', 1),
('2025-07-11 17:01:07', 'Borrado', 'asientos', 1),
('2025-07-11 17:01:07', 'Borrado', 'asientos', 1),
('2025-07-11 17:01:07', 'Borrado', 'asientos', 1),
('2025-07-11 17:01:07', 'Borrado', 'asientos', 1),
('2025-07-11 17:01:07', 'Borrado', 'asientos', 1),
('2025-07-11 17:01:07', 'Borrado', 'asientos', 1),
('2025-07-11 17:01:07', 'Borrado', 'asientos', 1),
('2025-07-11 17:01:07', 'Borrado', 'asientos', 1),
('2025-07-11 17:01:07', 'Borrado', 'asientos', 1),
('2025-07-11 17:01:07', 'Borrado', 'asientos', 1),
('2025-07-11 17:01:07', 'Borrado', 'asientos', 1),
('2025-07-11 17:01:07', 'Borrado', 'asientos', 1),
('2025-07-11 17:01:07', 'Borrado', 'asientos', 1),
('2025-07-11 17:01:07', 'Borrado', 'asientos', 1),
('2025-07-11 17:01:07', 'Borrado', 'asientos', 1),
('2025-07-11 17:01:07', 'Borrado', 'asientos', 1),
('2025-07-11 17:01:07', 'Borrado', 'asientos', 1),
('2025-07-11 17:01:07', 'Borrado', 'asientos', 1),
('2025-07-11 17:01:07', 'Borrado', 'asientos', 1),
('2025-07-11 17:01:07', 'Borrado', 'asientos', 1),
('2025-07-11 17:01:07', 'Borrado', 'asientos', 1),
('2025-07-11 17:01:07', 'Borrado', 'asientos', 1),
('2025-07-11 17:01:07', 'Borrado', 'asientos', 1),
('2025-07-11 17:01:07', 'Borrado', 'asientos', 1),
('2025-07-11 17:01:07', 'Borrado', 'asientos', 1),
('2025-07-11 17:01:07', 'Borrado', 'asientos', 1),
('2025-07-11 17:01:07', 'Borrado', 'asientos', 1),
('2025-07-11 17:01:07', 'Borrado', 'asientos', 1),
('2025-07-11 17:01:07', 'Borrado', 'asientos', 1),
('2025-07-11 17:01:07', 'Borrado', 'asientos', 1),
('2025-07-11 17:01:07', 'Borrado', 'asientos', 1),
('2025-07-11 17:01:07', 'Borrado', 'asientos', 1),
('2025-07-11 17:01:07', 'Borrado', 'asientos', 1),
('2025-07-11 17:01:07', 'Borrado', 'asientos', 1),
('2025-07-11 17:01:07', 'Borrado', 'asientos', 1),
('2025-07-11 17:01:07', 'Borrado', 'asientos', 1),
('2025-07-11 17:01:07', 'Borrado', 'asientos', 1),
('2025-07-11 17:01:07', 'Borrado', 'asientos', 1),
('2025-07-11 17:01:07', 'Borrado', 'asientos', 1),
('2025-07-11 17:01:07', 'Borrado', 'asientos', 1),
('2025-07-11 17:01:07', 'Borrado', 'asientos', 1),
('2025-07-11 17:01:07', 'Borrado', 'asientos', 1),
('2025-07-11 17:01:07', 'Borrado', 'asientos', 1),
('2025-07-11 17:01:07', 'Borrado', 'asientos', 1),
('2025-07-11 17:01:07', 'Borrado', 'asientos', 1),
('2025-07-11 17:01:07', 'Borrado', 'asientos', 1),
('2025-07-11 17:01:07', 'Borrado', 'asientos', 1),
('2025-07-11 17:01:07', 'Borrado', 'asientos', 1),
('2025-07-11 17:01:07', 'Borrado', 'asientos', 1),
('2025-07-11 17:01:07', 'Borrado', 'asientos', 1),
('2025-07-11 17:01:07', 'Borrado', 'asientos', 1),
('2025-07-11 17:01:07', 'Borrado', 'asientos', 1),
('2025-07-11 17:01:07', 'Borrado', 'asientos', 1),
('2025-07-11 17:01:07', 'Borrado', 'asientos', 1),
('2025-07-11 17:01:07', 'Borrado', 'asientos', 1),
('2025-07-11 17:01:07', 'Borrado', 'asientos', 1),
('2025-07-11 17:01:07', 'Borrado', 'asientos', 1),
('2025-07-11 17:01:07', 'Borrado', 'asientos', 1),
('2025-07-11 17:01:07', 'Borrado', 'asientos', 1),
('2025-07-11 17:01:07', 'Borrado', 'asientos', 1),
('2025-07-11 17:01:07', 'Borrado', 'asientos', 1),
('2025-07-11 17:01:07', 'Borrado', 'asientos', 1),
('2025-07-11 17:01:07', 'Borrado', 'asientos', 1),
('2025-07-11 17:01:07', 'Borrado', 'asientos', 1),
('2025-07-11 17:01:07', 'Borrado', 'asientos', 1),
('2025-07-11 17:01:07', 'Borrado', 'asientos', 1),
('2025-07-11 17:01:07', 'Borrado', 'asientos', 1),
('2025-07-11 17:01:07', 'Borrado', 'asientos', 1),
('2025-07-11 17:01:07', 'Borrado', 'asientos', 1),
('2025-07-11 17:01:07', 'Borrado', 'asientos', 1),
('2025-07-11 17:01:07', 'Borrado', 'asientos', 1),
('2025-07-11 17:01:07', 'Borrado', 'asientos', 1),
('2025-07-11 17:01:07', 'Borrado', 'asientos', 1),
('2025-07-11 17:01:07', 'Borrado', 'asientos', 1),
('2025-07-11 17:01:07', 'Borrado', 'asientos', 1),
('2025-07-11 17:01:07', 'Borrado', 'asientos', 1),
('2025-07-11 17:01:07', 'Borrado', 'asientos', 1),
('2025-07-11 17:01:07', 'Borrado', 'asientos', 1),
('2025-07-11 17:01:07', 'Borrado', 'asientos', 1),
('2025-07-11 17:01:07', 'Borrado', 'asientos', 1),
('2025-07-11 17:01:07', 'Inserción', 'asientos', 1),
('2025-07-11 17:01:07', 'Inserción', 'asientos', 1),
('2025-07-11 17:01:07', 'Inserción', 'asientos', 1),
('2025-07-11 17:01:07', 'Inserción', 'asientos', 1),
('2025-07-11 17:01:07', 'Inserción', 'asientos', 1),
('2025-07-11 17:01:07', 'Inserción', 'asientos', 1),
('2025-07-11 17:01:07', 'Inserción', 'asientos', 1),
('2025-07-11 17:01:07', 'Inserción', 'asientos', 1),
('2025-07-11 17:01:07', 'Inserción', 'asientos', 1),
('2025-07-11 17:01:07', 'Inserción', 'asientos', 1),
('2025-07-11 17:01:07', 'Inserción', 'asientos', 1),
('2025-07-11 17:01:07', 'Inserción', 'asientos', 1),
('2025-07-11 17:01:07', 'Inserción', 'asientos', 1),
('2025-07-11 17:01:07', 'Inserción', 'asientos', 1),
('2025-07-11 17:01:07', 'Inserción', 'asientos', 1),
('2025-07-11 17:01:07', 'Inserción', 'asientos', 1),
('2025-07-11 17:01:07', 'Inserción', 'asientos', 1),
('2025-07-11 17:01:07', 'Inserción', 'asientos', 1),
('2025-07-11 17:01:07', 'Inserción', 'asientos', 1),
('2025-07-11 17:01:07', 'Inserción', 'asientos', 1),
('2025-07-11 17:01:07', 'Inserción', 'asientos', 1),
('2025-07-11 17:01:07', 'Inserción', 'asientos', 1),
('2025-07-11 17:01:07', 'Inserción', 'asientos', 1),
('2025-07-11 17:01:07', 'Inserción', 'asientos', 1),
('2025-07-11 17:01:07', 'Inserción', 'asientos', 1),
('2025-07-11 17:01:07', 'Inserción', 'asientos', 1),
('2025-07-11 17:01:07', 'Inserción', 'asientos', 1),
('2025-07-11 17:01:07', 'Inserción', 'asientos', 1),
('2025-07-11 17:01:07', 'Inserción', 'asientos', 1),
('2025-07-11 17:01:07', 'Inserción', 'asientos', 1),
('2025-07-11 17:01:07', 'Inserción', 'asientos', 1),
('2025-07-11 17:01:07', 'Inserción', 'asientos', 1),
('2025-07-11 17:01:07', 'Inserción', 'asientos', 1),
('2025-07-11 17:01:07', 'Inserción', 'asientos', 1),
('2025-07-11 17:01:07', 'Inserción', 'asientos', 1),
('2025-07-11 17:01:07', 'Inserción', 'asientos', 1),
('2025-07-11 17:01:07', 'Inserción', 'asientos', 1),
('2025-07-11 17:01:07', 'Inserción', 'asientos', 1),
('2025-07-11 17:01:07', 'Inserción', 'asientos', 1),
('2025-07-11 17:01:07', 'Inserción', 'asientos', 1),
('2025-07-11 17:01:07', 'Inserción', 'asientos', 1),
('2025-07-11 17:01:07', 'Inserción', 'asientos', 1),
('2025-07-11 17:01:07', 'Inserción', 'asientos', 1),
('2025-07-11 17:01:07', 'Inserción', 'asientos', 1),
('2025-07-11 17:01:07', 'Inserción', 'asientos', 1),
('2025-07-11 17:01:07', 'Inserción', 'asientos', 1),
('2025-07-11 17:01:07', 'Inserción', 'asientos', 1),
('2025-07-11 17:01:07', 'Inserción', 'asientos', 1),
('2025-07-11 17:01:07', 'Inserción', 'asientos', 1),
('2025-07-11 17:01:07', 'Inserción', 'asientos', 1),
('2025-07-11 17:01:07', 'Inserción', 'asientos', 1),
('2025-07-11 17:01:07', 'Inserción', 'asientos', 1),
('2025-07-11 17:01:07', 'Inserción', 'asientos', 1),
('2025-07-11 17:01:07', 'Inserción', 'asientos', 1),
('2025-07-11 17:01:07', 'Inserción', 'asientos', 1),
('2025-07-11 17:01:07', 'Inserción', 'asientos', 1),
('2025-07-11 17:01:07', 'Inserción', 'asientos', 1),
('2025-07-11 17:01:07', 'Inserción', 'asientos', 1),
('2025-07-11 17:01:07', 'Inserción', 'asientos', 1),
('2025-07-11 17:01:07', 'Inserción', 'asientos', 1),
('2025-07-11 17:01:07', 'Inserción', 'asientos', 1),
('2025-07-11 17:01:07', 'Inserción', 'asientos', 1),
('2025-07-11 17:01:07', 'Inserción', 'asientos', 1),
('2025-07-11 17:01:07', 'Inserción', 'asientos', 1),
('2025-07-11 17:01:07', 'Inserción', 'asientos', 1),
('2025-07-11 17:01:07', 'Inserción', 'asientos', 1),
('2025-07-11 17:01:07', 'Inserción', 'asientos', 1),
('2025-07-11 17:01:07', 'Inserción', 'asientos', 1),
('2025-07-11 17:01:07', 'Inserción', 'asientos', 1),
('2025-07-11 17:01:07', 'Inserción', 'asientos', 1),
('2025-07-11 17:01:07', 'Inserción', 'asientos', 1),
('2025-07-11 17:01:07', 'Inserción', 'asientos', 1),
('2025-07-11 17:01:07', 'Inserción', 'asientos', 1),
('2025-07-11 17:01:07', 'Inserción', 'asientos', 1),
('2025-07-11 17:01:07', 'Inserción', 'asientos', 1),
('2025-07-11 17:01:07', 'Inserción', 'asientos', 1),
('2025-07-11 17:01:07', 'Inserción', 'asientos', 1),
('2025-07-11 17:01:07', 'Inserción', 'asientos', 1),
('2025-07-11 17:01:07', 'Inserción', 'asientos', 1),
('2025-07-11 17:01:07', 'Inserción', 'asientos', 1),
('2025-07-11 17:01:07', 'Inserción', 'asientos', 1),
('2025-07-11 17:01:07', 'Inserción', 'asientos', 1),
('2025-07-11 17:01:07', 'Inserción', 'asientos', 1),
('2025-07-11 17:01:07', 'Inserción', 'asientos', 1),
('2025-07-11 17:01:07', 'Inserción', 'asientos', 1),
('2025-07-11 17:01:07', 'Inserción', 'asientos', 1),
('2025-07-11 17:01:07', 'Inserción', 'asientos', 1),
('2025-07-11 17:01:07', 'Inserción', 'asientos', 1),
('2025-07-11 17:01:07', 'Inserción', 'asientos', 1),
('2025-07-11 17:01:07', 'Inserción', 'asientos', 1),
('2025-07-11 17:01:07', 'Inserción', 'asientos', 1),
('2025-07-11 17:01:07', 'Inserción', 'asientos', 1),
('2025-07-11 17:01:07', 'Inserción', 'asientos', 1),
('2025-07-11 17:01:07', 'Inserción', 'asientos', 1),
('2025-07-11 17:01:07', 'Inserción', 'asientos', 1),
('2025-07-11 17:01:07', 'Inserción', 'asientos', 1),
('2025-07-11 17:01:07', 'Inserción', 'asientos', 1),
('2025-07-11 17:01:07', 'Inserción', 'asientos', 1),
('2025-07-11 17:01:07', 'Inserción', 'asientos', 1),
('2025-07-11 17:01:07', 'Inserción', 'asientos', 1),
('2025-07-11 17:01:07', 'Inserción', 'asientos', 1),
('2025-07-11 17:01:07', 'Inserción', 'asientos', 1),
('2025-07-11 17:01:07', 'Inserción', 'asientos', 1),
('2025-07-11 17:01:07', 'Inserción', 'asientos', 1),
('2025-07-11 17:01:07', 'Inserción', 'asientos', 1),
('2025-07-11 17:01:07', 'Inserción', 'asientos', 1),
('2025-07-11 17:01:07', 'Inserción', 'asientos', 1),
('2025-07-11 17:01:07', 'Inserción', 'asientos', 1),
('2025-07-11 17:01:07', 'Inserción', 'asientos', 1),
('2025-07-11 17:01:07', 'Inserción', 'asientos', 1),
('2025-07-11 17:01:07', 'Inserción', 'asientos', 1),
('2025-07-11 17:01:07', 'Inserción', 'asientos', 1),
('2025-07-11 17:01:07', 'Inserción', 'asientos', 1),
('2025-07-11 17:01:07', 'Inserción', 'asientos', 1),
('2025-07-11 17:01:07', 'Inserción', 'asientos', 1),
('2025-07-11 17:01:07', 'Inserción', 'asientos', 1),
('2025-07-11 17:01:07', 'Inserción', 'asientos', 1),
('2025-07-11 17:01:07', 'Inserción', 'asientos', 1),
('2025-07-11 17:01:07', 'Inserción', 'asientos', 1),
('2025-07-11 17:01:07', 'Inserción', 'asientos', 1),
('2025-07-11 17:01:07', 'Inserción', 'asientos', 1),
('2025-07-11 17:01:07', 'Inserción', 'asientos', 1),
('2025-07-11 17:01:07', 'Inserción', 'asientos', 1),
('2025-07-11 17:01:07', 'Inserción', 'asientos', 1),
('2025-07-11 17:01:07', 'Inserción', 'asientos', 1),
('2025-07-11 17:01:07', 'Inserción', 'asientos', 1),
('2025-07-11 17:01:07', 'Inserción', 'asientos', 1),
('2025-07-11 17:01:07', 'Inserción', 'asientos', 1),
('2025-07-11 17:01:07', 'Inserción', 'asientos', 1),
('2025-07-11 17:01:07', 'Inserción', 'asientos', 1),
('2025-07-11 17:01:07', 'Inserción', 'asientos', 1),
('2025-07-11 17:01:07', 'Inserción', 'asientos', 1),
('2025-07-11 17:01:07', 'Inserción', 'asientos', 1),
('2025-07-11 17:01:07', 'Inserción', 'asientos', 1),
('2025-07-11 17:01:07', 'Inserción', 'asientos', 1),
('2025-07-11 17:01:07', 'Inserción', 'asientos', 1),
('2025-07-11 17:01:07', 'Inserción', 'asientos', 1),
('2025-07-11 17:01:07', 'Inserción', 'asientos', 1),
('2025-07-11 17:01:07', 'Inserción', 'asientos', 1),
('2025-07-11 17:01:07', 'Inserción', 'asientos', 1),
('2025-07-11 17:01:07', 'Inserción', 'asientos', 1),
('2025-07-11 17:01:07', 'Inserción', 'asientos', 1),
('2025-07-11 17:01:07', 'Inserción', 'asientos', 1),
('2025-07-11 17:01:07', 'Inserción', 'asientos', 1),
('2025-07-11 17:01:07', 'Inserción', 'asientos', 1),
('2025-07-11 17:01:07', 'Inserción', 'asientos', 1),
('2025-07-11 17:01:07', 'Inserción', 'asientos', 1),
('2025-07-11 17:01:07', 'Inserción', 'asientos', 1),
('2025-07-11 17:01:07', 'Inserción', 'asientos', 1),
('2025-07-11 17:01:07', 'Inserción', 'asientos', 1),
('2025-07-11 17:01:07', 'Inserción', 'asientos', 1),
('2025-07-11 17:01:07', 'Inserción', 'asientos', 1),
('2025-07-11 17:01:07', 'Inserción', 'asientos', 1),
('2025-07-11 17:01:07', 'Inserción', 'asientos', 1),
('2025-07-11 17:01:07', 'Inserción', 'asientos', 1),
('2025-07-11 17:01:07', 'Inserción', 'asientos', 1),
('2025-07-11 17:01:07', 'Inserción', 'asientos', 1),
('2025-07-11 17:01:07', 'Inserción', 'asientos', 1),
('2025-07-11 17:01:07', 'Inserción', 'asientos', 1),
('2025-07-11 17:01:07', 'Inserción', 'asientos', 1),
('2025-07-11 17:01:07', 'Inserción', 'asientos', 1),
('2025-07-11 17:01:07', 'Inserción', 'asientos', 1),
('2025-07-11 17:01:07', 'Inserción', 'asientos', 1),
('2025-07-11 17:01:07', 'Inserción', 'asientos', 1),
('2025-07-11 17:01:07', 'Inserción', 'asientos', 1),
('2025-07-11 17:01:07', 'Inserción', 'asientos', 1),
('2025-07-11 17:01:07', 'Inserción', 'asientos', 1),
('2025-07-11 17:01:07', 'Inserción', 'asientos', 1),
('2025-07-11 17:01:07', 'Inserción', 'asientos', 1),
('2025-07-11 17:01:07', 'Inserción', 'asientos', 1),
('2025-07-11 17:01:07', 'Inserción', 'asientos', 1),
('2025-07-11 17:01:07', 'Inserción', 'asientos', 1),
('2025-07-11 17:01:07', 'Inserción', 'asientos', 1),
('2025-07-11 17:01:07', 'Inserción', 'asientos', 1),
('2025-07-11 17:01:07', 'Inserción', 'asientos', 1),
('2025-07-11 17:01:07', 'Inserción', 'asientos', 1),
('2025-07-11 17:01:07', 'Inserción', 'asientos', 1),
('2025-07-11 17:01:07', 'Inserción', 'asientos', 1),
('2025-07-11 17:01:07', 'Inserción', 'asientos', 1),
('2025-07-11 17:01:07', 'Inserción', 'asientos', 1),
('2025-07-11 17:01:07', 'Inserción', 'asientos', 1),
('2025-07-11 17:01:07', 'Inserción', 'asientos', 1),
('2025-07-11 17:01:07', 'Inserción', 'asientos', 1),
('2025-07-11 17:01:07', 'Inserción', 'asientos', 1),
('2025-07-11 17:01:07', 'Inserción', 'asientos', 1),
('2025-07-11 17:01:07', 'Inserción', 'asientos', 1),
('2025-07-11 17:01:07', 'Inserción', 'asientos', 1),
('2025-07-11 17:01:07', 'Inserción', 'asientos', 1),
('2025-07-11 17:01:07', 'Inserción', 'asientos', 1),
('2025-07-11 17:01:07', 'Inserción', 'asientos', 1),
('2025-07-11 17:01:07', 'Inserción', 'asientos', 1),
('2025-07-11 17:01:07', 'Inserción', 'asientos', 1),
('2025-07-11 17:01:07', 'Inserción', 'asientos', 1),
('2025-07-11 17:01:07', 'Inserción', 'asientos', 1),
('2025-07-11 17:01:07', 'Inserción', 'asientos', 1),
('2025-07-11 17:01:07', 'Inserción', 'asientos', 1),
('2025-07-11 17:01:07', 'Inserción', 'asientos', 1),
('2025-07-11 17:01:07', 'Inserción', 'asientos', 1),
('2025-07-11 17:01:07', 'Inserción', 'asientos', 1),
('2025-07-11 17:01:07', 'Inserción', 'asientos', 1),
('2025-07-11 17:01:33', 'Inserción', 'asientos', 1),
('2025-07-11 17:01:33', 'Inserción', 'asientos', 1),
('2025-07-11 17:01:33', 'Inserción', 'asientos', 1),
('2025-07-11 17:01:33', 'Inserción', 'asientos', 1),
('2025-07-11 17:01:33', 'Inserción', 'asientos', 1),
('2025-07-11 17:01:33', 'Inserción', 'asientos', 1),
('2025-07-11 17:01:33', 'Inserción', 'asientos', 1),
('2025-07-11 17:01:33', 'Inserción', 'asientos', 1),
('2025-07-11 17:01:33', 'Inserción', 'asientos', 1),
('2025-07-11 17:01:33', 'Inserción', 'asientos', 1),
('2025-07-11 17:01:33', 'Inserción', 'asientos', 1),
('2025-07-11 17:01:33', 'Inserción', 'asientos', 1),
('2025-07-11 17:01:33', 'Inserción', 'asientos', 1),
('2025-07-11 17:01:33', 'Inserción', 'asientos', 1),
('2025-07-11 17:01:33', 'Inserción', 'asientos', 1),
('2025-07-11 17:01:33', 'Inserción', 'asientos', 1),
('2025-07-11 17:01:33', 'Inserción', 'asientos', 1),
('2025-07-11 17:01:33', 'Inserción', 'asientos', 1),
('2025-07-11 17:01:33', 'Inserción', 'asientos', 1),
('2025-07-11 17:01:33', 'Inserción', 'asientos', 1),
('2025-07-11 17:01:33', 'Inserción', 'asientos', 1),
('2025-07-11 17:01:33', 'Inserción', 'asientos', 1),
('2025-07-11 17:01:33', 'Inserción', 'asientos', 1),
('2025-07-11 17:01:33', 'Inserción', 'asientos', 1),
('2025-07-11 17:01:33', 'Inserción', 'asientos', 1),
('2025-07-11 17:01:33', 'Inserción', 'asientos', 1),
('2025-07-11 17:01:33', 'Inserción', 'asientos', 1),
('2025-07-11 17:01:33', 'Inserción', 'asientos', 1),
('2025-07-11 17:01:33', 'Inserción', 'asientos', 1),
('2025-07-11 17:01:33', 'Inserción', 'asientos', 1),
('2025-07-11 17:01:33', 'Inserción', 'asientos', 1),
('2025-07-11 17:01:33', 'Inserción', 'asientos', 1),
('2025-07-11 17:01:33', 'Inserción', 'asientos', 1),
('2025-07-11 17:01:33', 'Inserción', 'asientos', 1),
('2025-07-11 17:01:33', 'Inserción', 'asientos', 1),
('2025-07-11 17:01:33', 'Inserción', 'asientos', 1),
('2025-07-11 17:01:33', 'Inserción', 'asientos', 1),
('2025-07-11 17:01:33', 'Inserción', 'asientos', 1),
('2025-07-11 17:01:33', 'Inserción', 'asientos', 1),
('2025-07-11 17:01:33', 'Inserción', 'asientos', 1),
('2025-07-11 17:01:33', 'Inserción', 'asientos', 1),
('2025-07-11 17:01:33', 'Inserción', 'asientos', 1),
('2025-07-11 17:01:33', 'Inserción', 'asientos', 1),
('2025-07-11 17:01:33', 'Inserción', 'asientos', 1),
('2025-07-11 17:01:33', 'Inserción', 'asientos', 1),
('2025-07-11 17:01:33', 'Inserción', 'asientos', 1),
('2025-07-11 17:01:33', 'Inserción', 'asientos', 1),
('2025-07-11 17:01:33', 'Inserción', 'asientos', 1),
('2025-07-11 17:01:33', 'Inserción', 'asientos', 1),
('2025-07-11 17:01:33', 'Inserción', 'asientos', 1),
('2025-07-11 17:01:33', 'Inserción', 'asientos', 1),
('2025-07-11 17:01:33', 'Inserción', 'asientos', 1),
('2025-07-11 17:01:33', 'Inserción', 'asientos', 1),
('2025-07-11 17:01:33', 'Inserción', 'asientos', 1),
('2025-07-11 17:01:33', 'Inserción', 'asientos', 1),
('2025-07-11 17:01:33', 'Inserción', 'asientos', 1),
('2025-07-11 17:01:33', 'Inserción', 'asientos', 1),
('2025-07-11 17:01:33', 'Inserción', 'asientos', 1),
('2025-07-11 17:01:33', 'Inserción', 'asientos', 1),
('2025-07-11 17:01:33', 'Inserción', 'asientos', 1),
('2025-07-11 17:01:33', 'Inserción', 'asientos', 1),
('2025-07-11 17:01:33', 'Inserción', 'asientos', 1),
('2025-07-11 17:01:33', 'Inserción', 'asientos', 1),
('2025-07-11 17:01:33', 'Inserción', 'asientos', 1),
('2025-07-11 17:01:33', 'Inserción', 'asientos', 1),
('2025-07-11 17:01:33', 'Inserción', 'asientos', 1),
('2025-07-11 17:01:33', 'Inserción', 'asientos', 1),
('2025-07-11 17:01:33', 'Inserción', 'asientos', 1),
('2025-07-11 17:01:33', 'Inserción', 'asientos', 1),
('2025-07-11 17:01:33', 'Inserción', 'asientos', 1),
('2025-07-11 17:01:33', 'Inserción', 'asientos', 1),
('2025-07-11 17:01:33', 'Inserción', 'asientos', 1),
('2025-07-11 17:01:33', 'Inserción', 'asientos', 1),
('2025-07-11 17:01:33', 'Inserción', 'asientos', 1),
('2025-07-11 17:01:33', 'Inserción', 'asientos', 1),
('2025-07-11 17:01:33', 'Inserción', 'asientos', 1),
('2025-07-11 17:01:33', 'Inserción', 'asientos', 1),
('2025-07-11 17:01:33', 'Inserción', 'asientos', 1),
('2025-07-11 17:01:33', 'Inserción', 'asientos', 1),
('2025-07-11 17:01:33', 'Inserción', 'asientos', 1),
('2025-07-11 17:01:33', 'Inserción', 'asientos', 1),
('2025-07-11 17:01:33', 'Inserción', 'asientos', 1),
('2025-07-11 17:01:33', 'Inserción', 'asientos', 1),
('2025-07-11 17:01:33', 'Inserción', 'asientos', 1),
('2025-07-11 17:01:33', 'Inserción', 'asientos', 1),
('2025-07-11 17:01:33', 'Inserción', 'asientos', 1),
('2025-07-11 17:01:33', 'Inserción', 'asientos', 1),
('2025-07-11 17:01:33', 'Inserción', 'asientos', 1),
('2025-07-11 17:01:33', 'Inserción', 'asientos', 1),
('2025-07-11 17:01:33', 'Inserción', 'asientos', 1),
('2025-07-11 17:01:33', 'Inserción', 'asientos', 1),
('2025-07-11 17:01:33', 'Inserción', 'asientos', 1),
('2025-07-11 17:01:33', 'Inserción', 'asientos', 1),
('2025-07-11 17:01:33', 'Inserción', 'asientos', 1),
('2025-07-11 17:01:33', 'Inserción', 'asientos', 1),
('2025-07-11 17:01:33', 'Inserción', 'asientos', 1),
('2025-07-11 17:01:33', 'Inserción', 'asientos', 1),
('2025-07-11 17:01:33', 'Inserción', 'asientos', 1),
('2025-07-11 17:01:33', 'Inserción', 'asientos', 1),
('2025-07-11 17:01:33', 'Inserción', 'asientos', 1),
('2025-07-11 17:01:33', 'Inserción', 'asientos', 1),
('2025-07-11 17:01:33', 'Inserción', 'asientos', 1),
('2025-07-11 17:01:33', 'Inserción', 'asientos', 1),
('2025-07-11 17:01:33', 'Inserción', 'asientos', 1),
('2025-07-11 17:01:33', 'Inserción', 'asientos', 1),
('2025-07-11 17:01:33', 'Inserción', 'asientos', 1),
('2025-07-11 17:01:33', 'Inserción', 'asientos', 1),
('2025-07-11 17:01:33', 'Inserción', 'asientos', 1),
('2025-07-11 17:01:33', 'Inserción', 'asientos', 1),
('2025-07-11 17:01:33', 'Inserción', 'asientos', 1),
('2025-07-11 17:01:33', 'Inserción', 'asientos', 1),
('2025-07-11 17:01:33', 'Inserción', 'asientos', 1),
('2025-07-11 17:01:33', 'Inserción', 'asientos', 1),
('2025-07-11 17:01:33', 'Inserción', 'asientos', 1),
('2025-07-11 17:01:33', 'Inserción', 'asientos', 1),
('2025-07-11 17:01:33', 'Inserción', 'asientos', 1),
('2025-07-11 17:01:33', 'Inserción', 'asientos', 1),
('2025-07-11 17:01:33', 'Inserción', 'asientos', 1),
('2025-07-11 17:01:33', 'Inserción', 'asientos', 1),
('2025-07-11 17:01:33', 'Inserción', 'asientos', 1),
('2025-07-11 17:01:33', 'Inserción', 'asientos', 1),
('2025-07-11 17:01:33', 'Inserción', 'asientos', 1),
('2025-07-11 17:01:33', 'Inserción', 'asientos', 1),
('2025-07-11 17:01:33', 'Inserción', 'asientos', 1),
('2025-07-11 17:01:33', 'Inserción', 'asientos', 1),
('2025-07-11 17:01:33', 'Inserción', 'asientos', 1),
('2025-07-11 17:01:33', 'Inserción', 'asientos', 1),
('2025-07-11 17:01:33', 'Inserción', 'asientos', 1),
('2025-07-11 17:01:33', 'Inserción', 'asientos', 1),
('2025-07-11 17:01:33', 'Inserción', 'asientos', 1),
('2025-07-11 17:01:33', 'Inserción', 'asientos', 1),
('2025-07-11 17:01:33', 'Inserción', 'asientos', 1),
('2025-07-11 17:01:33', 'Inserción', 'asientos', 1),
('2025-07-11 17:01:33', 'Inserción', 'asientos', 1),
('2025-07-11 17:01:33', 'Inserción', 'asientos', 1),
('2025-07-11 17:01:33', 'Inserción', 'asientos', 1),
('2025-07-11 17:01:33', 'Inserción', 'asientos', 1),
('2025-07-11 17:01:33', 'Inserción', 'asientos', 1),
('2025-07-11 17:01:33', 'Inserción', 'asientos', 1),
('2025-07-11 17:01:33', 'Inserción', 'asientos', 1),
('2025-07-11 17:01:33', 'Inserción', 'asientos', 1),
('2025-07-11 17:01:33', 'Inserción', 'asientos', 1),
('2025-07-11 17:01:33', 'Inserción', 'asientos', 1),
('2025-07-11 17:01:33', 'Inserción', 'asientos', 1),
('2025-07-11 17:01:33', 'Inserción', 'asientos', 1),
('2025-07-11 17:01:33', 'Inserción', 'asientos', 1),
('2025-07-11 17:01:33', 'Inserción', 'asientos', 1),
('2025-07-11 17:01:33', 'Inserción', 'asientos', 1),
('2025-07-11 17:01:33', 'Inserción', 'asientos', 1),
('2025-07-11 17:02:32', 'Borrado', 'asientos', 1),
('2025-07-11 17:02:32', 'Borrado', 'asientos', 1),
('2025-07-11 17:02:32', 'Borrado', 'asientos', 1),
('2025-07-11 17:02:32', 'Borrado', 'asientos', 1),
('2025-07-11 17:02:32', 'Borrado', 'asientos', 1),
('2025-07-11 17:02:32', 'Borrado', 'asientos', 1),
('2025-07-11 17:02:32', 'Borrado', 'asientos', 1),
('2025-07-11 17:02:32', 'Borrado', 'asientos', 1),
('2025-07-11 17:02:32', 'Borrado', 'asientos', 1),
('2025-07-11 17:02:32', 'Borrado', 'asientos', 1),
('2025-07-11 17:02:32', 'Borrado', 'asientos', 1),
('2025-07-11 17:02:32', 'Borrado', 'asientos', 1),
('2025-07-11 17:02:32', 'Borrado', 'asientos', 1),
('2025-07-11 17:02:32', 'Borrado', 'asientos', 1),
('2025-07-11 17:02:32', 'Borrado', 'asientos', 1),
('2025-07-11 17:02:32', 'Borrado', 'asientos', 1),
('2025-07-11 17:02:32', 'Borrado', 'asientos', 1),
('2025-07-11 17:02:32', 'Borrado', 'asientos', 1),
('2025-07-11 17:02:32', 'Borrado', 'asientos', 1),
('2025-07-11 17:02:32', 'Borrado', 'asientos', 1),
('2025-07-11 17:02:32', 'Borrado', 'asientos', 1),
('2025-07-11 17:02:32', 'Borrado', 'asientos', 1),
('2025-07-11 17:02:32', 'Borrado', 'asientos', 1),
('2025-07-11 17:02:32', 'Borrado', 'asientos', 1),
('2025-07-11 17:02:32', 'Borrado', 'asientos', 1),
('2025-07-11 17:02:32', 'Borrado', 'asientos', 1),
('2025-07-11 17:02:32', 'Borrado', 'asientos', 1),
('2025-07-11 17:02:32', 'Borrado', 'asientos', 1),
('2025-07-11 17:02:32', 'Borrado', 'asientos', 1),
('2025-07-11 17:02:32', 'Borrado', 'asientos', 1),
('2025-07-11 17:02:32', 'Borrado', 'asientos', 1),
('2025-07-11 17:02:32', 'Borrado', 'asientos', 1),
('2025-07-11 17:02:32', 'Borrado', 'asientos', 1),
('2025-07-11 17:02:32', 'Borrado', 'asientos', 1),
('2025-07-11 17:02:32', 'Borrado', 'asientos', 1),
('2025-07-11 17:02:32', 'Borrado', 'asientos', 1),
('2025-07-11 17:02:32', 'Borrado', 'asientos', 1),
('2025-07-11 17:02:32', 'Borrado', 'asientos', 1),
('2025-07-11 17:02:32', 'Borrado', 'asientos', 1),
('2025-07-11 17:02:32', 'Borrado', 'asientos', 1),
('2025-07-11 17:02:32', 'Borrado', 'asientos', 1),
('2025-07-11 17:02:32', 'Borrado', 'asientos', 1),
('2025-07-11 17:02:32', 'Borrado', 'asientos', 1),
('2025-07-11 17:02:32', 'Borrado', 'asientos', 1),
('2025-07-11 17:02:32', 'Borrado', 'asientos', 1),
('2025-07-11 17:02:32', 'Borrado', 'asientos', 1),
('2025-07-11 17:02:32', 'Borrado', 'asientos', 1),
('2025-07-11 17:02:32', 'Borrado', 'asientos', 1),
('2025-07-11 17:02:32', 'Borrado', 'asientos', 1),
('2025-07-11 17:02:32', 'Borrado', 'asientos', 1),
('2025-07-11 17:02:32', 'Borrado', 'asientos', 1),
('2025-07-11 17:02:32', 'Borrado', 'asientos', 1),
('2025-07-11 17:02:32', 'Borrado', 'asientos', 1),
('2025-07-11 17:02:32', 'Borrado', 'asientos', 1),
('2025-07-11 17:02:32', 'Borrado', 'asientos', 1),
('2025-07-11 17:02:32', 'Borrado', 'asientos', 1),
('2025-07-11 17:02:32', 'Borrado', 'asientos', 1),
('2025-07-11 17:02:32', 'Borrado', 'asientos', 1),
('2025-07-11 17:02:32', 'Borrado', 'asientos', 1),
('2025-07-11 17:02:32', 'Borrado', 'asientos', 1),
('2025-07-11 17:02:32', 'Borrado', 'asientos', 1),
('2025-07-11 17:02:32', 'Borrado', 'asientos', 1),
('2025-07-11 17:02:32', 'Borrado', 'asientos', 1),
('2025-07-11 17:02:32', 'Borrado', 'asientos', 1),
('2025-07-11 17:02:32', 'Borrado', 'asientos', 1),
('2025-07-11 17:02:32', 'Borrado', 'asientos', 1),
('2025-07-11 17:02:32', 'Borrado', 'asientos', 1),
('2025-07-11 17:02:32', 'Borrado', 'asientos', 1),
('2025-07-11 17:02:32', 'Borrado', 'asientos', 1),
('2025-07-11 17:02:32', 'Borrado', 'asientos', 1),
('2025-07-11 17:02:32', 'Borrado', 'asientos', 1),
('2025-07-11 17:02:32', 'Borrado', 'asientos', 1),
('2025-07-11 17:02:32', 'Borrado', 'asientos', 1),
('2025-07-11 17:02:32', 'Borrado', 'asientos', 1),
('2025-07-11 17:02:32', 'Borrado', 'asientos', 1),
('2025-07-11 17:02:32', 'Borrado', 'asientos', 1),
('2025-07-11 17:02:32', 'Borrado', 'asientos', 1),
('2025-07-11 17:02:32', 'Borrado', 'asientos', 1),
('2025-07-11 17:02:32', 'Borrado', 'asientos', 1),
('2025-07-11 17:02:32', 'Borrado', 'asientos', 1),
('2025-07-11 17:02:32', 'Borrado', 'asientos', 1),
('2025-07-11 17:02:32', 'Borrado', 'asientos', 1),
('2025-07-11 17:02:32', 'Borrado', 'asientos', 1),
('2025-07-11 17:02:32', 'Borrado', 'asientos', 1),
('2025-07-11 17:02:32', 'Borrado', 'asientos', 1),
('2025-07-11 17:02:32', 'Borrado', 'asientos', 1),
('2025-07-11 17:02:32', 'Borrado', 'asientos', 1),
('2025-07-11 17:02:32', 'Borrado', 'asientos', 1),
('2025-07-11 17:02:32', 'Borrado', 'asientos', 1),
('2025-07-11 17:02:32', 'Borrado', 'asientos', 1),
('2025-07-11 17:02:32', 'Borrado', 'asientos', 1),
('2025-07-11 17:02:32', 'Borrado', 'asientos', 1),
('2025-07-11 17:02:32', 'Borrado', 'asientos', 1),
('2025-07-11 17:02:32', 'Borrado', 'asientos', 1),
('2025-07-11 17:02:32', 'Borrado', 'asientos', 1),
('2025-07-11 17:02:32', 'Borrado', 'asientos', 1),
('2025-07-11 17:02:32', 'Borrado', 'asientos', 1),
('2025-07-11 17:02:32', 'Borrado', 'asientos', 1),
('2025-07-11 17:02:32', 'Borrado', 'asientos', 1),
('2025-07-11 17:02:32', 'Borrado', 'asientos', 1),
('2025-07-11 17:02:32', 'Borrado', 'asientos', 1),
('2025-07-11 17:02:32', 'Borrado', 'asientos', 1),
('2025-07-11 17:02:32', 'Borrado', 'asientos', 1),
('2025-07-11 17:02:32', 'Borrado', 'asientos', 1),
('2025-07-11 17:02:32', 'Borrado', 'asientos', 1),
('2025-07-11 17:02:32', 'Borrado', 'asientos', 1),
('2025-07-11 17:02:32', 'Borrado', 'asientos', 1),
('2025-07-11 17:02:32', 'Borrado', 'asientos', 1),
('2025-07-11 17:02:32', 'Borrado', 'asientos', 1),
('2025-07-11 17:02:32', 'Borrado', 'asientos', 1),
('2025-07-11 17:02:32', 'Borrado', 'asientos', 1),
('2025-07-11 17:02:32', 'Borrado', 'asientos', 1),
('2025-07-11 17:02:32', 'Borrado', 'asientos', 1),
('2025-07-11 17:02:32', 'Borrado', 'asientos', 1),
('2025-07-11 17:02:32', 'Borrado', 'asientos', 1),
('2025-07-11 17:02:32', 'Borrado', 'asientos', 1),
('2025-07-11 17:02:32', 'Borrado', 'asientos', 1),
('2025-07-11 17:02:32', 'Borrado', 'asientos', 1),
('2025-07-11 17:02:32', 'Borrado', 'asientos', 1),
('2025-07-11 17:02:32', 'Borrado', 'asientos', 1),
('2025-07-11 17:02:32', 'Borrado', 'asientos', 1),
('2025-07-11 17:02:32', 'Borrado', 'asientos', 1),
('2025-07-11 17:02:32', 'Borrado', 'asientos', 1),
('2025-07-11 17:02:32', 'Borrado', 'asientos', 1),
('2025-07-11 17:02:32', 'Borrado', 'asientos', 1),
('2025-07-11 17:02:32', 'Borrado', 'asientos', 1),
('2025-07-11 17:02:32', 'Borrado', 'asientos', 1),
('2025-07-11 17:02:32', 'Borrado', 'asientos', 1),
('2025-07-11 17:02:32', 'Borrado', 'asientos', 1),
('2025-07-11 17:02:32', 'Borrado', 'asientos', 1),
('2025-07-11 17:02:32', 'Borrado', 'asientos', 1),
('2025-07-11 17:02:32', 'Borrado', 'asientos', 1),
('2025-07-11 17:02:32', 'Borrado', 'asientos', 1),
('2025-07-11 17:02:32', 'Borrado', 'asientos', 1),
('2025-07-11 17:02:32', 'Borrado', 'asientos', 1),
('2025-07-11 17:02:32', 'Borrado', 'asientos', 1),
('2025-07-11 17:02:32', 'Borrado', 'asientos', 1),
('2025-07-11 17:02:32', 'Borrado', 'asientos', 1),
('2025-07-11 17:02:32', 'Borrado', 'asientos', 1),
('2025-07-11 17:02:32', 'Borrado', 'asientos', 1),
('2025-07-11 17:02:32', 'Borrado', 'asientos', 1),
('2025-07-11 17:02:32', 'Borrado', 'asientos', 1),
('2025-07-11 17:02:32', 'Borrado', 'asientos', 1),
('2025-07-11 17:02:32', 'Borrado', 'asientos', 1),
('2025-07-11 17:02:32', 'Borrado', 'asientos', 1),
('2025-07-11 17:02:32', 'Borrado', 'asientos', 1),
('2025-07-11 17:02:32', 'Borrado', 'asientos', 1),
('2025-07-11 17:02:32', 'Borrado', 'asientos', 1),
('2025-07-11 17:02:32', 'Borrado', 'asientos', 1),
('2025-07-11 17:02:32', 'Borrado', 'asientos', 1),
('2025-07-11 17:02:32', 'Borrado', 'asientos', 1),
('2025-07-11 17:02:32', 'Borrado', 'asientos', 1),
('2025-07-11 17:02:32', 'Borrado', 'asientos', 1),
('2025-07-11 17:02:32', 'Borrado', 'asientos', 1),
('2025-07-11 17:02:32', 'Borrado', 'asientos', 1),
('2025-07-11 17:02:32', 'Borrado', 'asientos', 1),
('2025-07-11 17:02:32', 'Borrado', 'asientos', 1),
('2025-07-11 17:02:32', 'Borrado', 'asientos', 1),
('2025-07-11 17:02:32', 'Borrado', 'asientos', 1),
('2025-07-11 17:02:32', 'Borrado', 'asientos', 1),
('2025-07-11 17:02:32', 'Borrado', 'asientos', 1),
('2025-07-11 17:02:32', 'Borrado', 'asientos', 1),
('2025-07-11 17:02:32', 'Borrado', 'asientos', 1),
('2025-07-11 17:02:32', 'Borrado', 'asientos', 1),
('2025-07-11 17:02:32', 'Borrado', 'asientos', 1),
('2025-07-11 17:02:32', 'Borrado', 'asientos', 1),
('2025-07-11 17:02:32', 'Borrado', 'asientos', 1),
('2025-07-11 17:02:32', 'Borrado', 'asientos', 1),
('2025-07-11 17:02:32', 'Borrado', 'asientos', 1),
('2025-07-11 17:02:32', 'Borrado', 'asientos', 1),
('2025-07-11 17:02:32', 'Borrado', 'asientos', 1),
('2025-07-11 17:02:32', 'Borrado', 'asientos', 1),
('2025-07-11 17:02:32', 'Borrado', 'asientos', 1),
('2025-07-11 17:02:32', 'Borrado', 'asientos', 1),
('2025-07-11 17:02:32', 'Borrado', 'asientos', 1),
('2025-07-11 17:02:32', 'Borrado', 'asientos', 1),
('2025-07-11 17:02:32', 'Borrado', 'asientos', 1),
('2025-07-11 17:02:32', 'Borrado', 'asientos', 1),
('2025-07-11 17:02:32', 'Borrado', 'asientos', 1),
('2025-07-11 17:02:32', 'Borrado', 'asientos', 1),
('2025-07-11 17:02:32', 'Borrado', 'asientos', 1),
('2025-07-11 17:02:32', 'Borrado', 'asientos', 1),
('2025-07-11 17:02:32', 'Borrado', 'asientos', 1),
('2025-07-11 17:02:32', 'Borrado', 'asientos', 1),
('2025-07-11 17:02:32', 'Borrado', 'asientos', 1),
('2025-07-11 17:02:32', 'Borrado', 'asientos', 1),
('2025-07-11 17:02:32', 'Borrado', 'asientos', 1),
('2025-07-11 17:02:32', 'Borrado', 'asientos', 1),
('2025-07-11 17:02:32', 'Borrado', 'asientos', 1);
INSERT INTO `historial` (`fecha`, `accion`, `tabla`, `cantidad`) VALUES
('2025-07-11 17:02:32', 'Borrado', 'asientos', 1),
('2025-07-11 17:02:32', 'Borrado', 'asientos', 1),
('2025-07-11 17:02:32', 'Borrado', 'asientos', 1),
('2025-07-11 17:02:32', 'Borrado', 'asientos', 1),
('2025-07-11 17:02:32', 'Borrado', 'asientos', 1),
('2025-07-11 17:02:32', 'Borrado', 'asientos', 1),
('2025-07-11 17:02:32', 'Borrado', 'asientos', 1),
('2025-07-11 17:02:32', 'Borrado', 'asientos', 1),
('2025-07-11 17:02:32', 'Borrado', 'asientos', 1),
('2025-07-11 17:02:32', 'Borrado', 'asientos', 1),
('2025-07-11 17:02:32', 'Borrado', 'asientos', 1),
('2025-07-11 17:02:32', 'Inserción', 'asientos', 1),
('2025-07-11 17:02:32', 'Inserción', 'asientos', 1),
('2025-07-11 17:02:32', 'Inserción', 'asientos', 1),
('2025-07-11 17:02:32', 'Inserción', 'asientos', 1),
('2025-07-11 17:02:32', 'Inserción', 'asientos', 1),
('2025-07-11 17:02:32', 'Inserción', 'asientos', 1),
('2025-07-11 17:02:32', 'Inserción', 'asientos', 1),
('2025-07-11 17:02:32', 'Inserción', 'asientos', 1),
('2025-07-11 17:02:32', 'Inserción', 'asientos', 1),
('2025-07-11 17:02:32', 'Inserción', 'asientos', 1),
('2025-07-11 17:02:32', 'Inserción', 'asientos', 1),
('2025-07-11 17:02:32', 'Inserción', 'asientos', 1),
('2025-07-11 17:02:32', 'Inserción', 'asientos', 1),
('2025-07-11 17:02:32', 'Inserción', 'asientos', 1),
('2025-07-11 17:02:32', 'Inserción', 'asientos', 1),
('2025-07-11 17:02:32', 'Inserción', 'asientos', 1),
('2025-07-11 17:02:32', 'Inserción', 'asientos', 1),
('2025-07-11 17:02:32', 'Inserción', 'asientos', 1),
('2025-07-11 17:02:32', 'Inserción', 'asientos', 1),
('2025-07-11 17:02:32', 'Inserción', 'asientos', 1),
('2025-07-11 17:02:32', 'Inserción', 'asientos', 1),
('2025-07-11 17:02:32', 'Inserción', 'asientos', 1),
('2025-07-11 17:02:32', 'Inserción', 'asientos', 1),
('2025-07-11 17:02:32', 'Inserción', 'asientos', 1),
('2025-07-11 17:02:32', 'Inserción', 'asientos', 1),
('2025-07-11 17:02:32', 'Inserción', 'asientos', 1),
('2025-07-11 17:02:32', 'Inserción', 'asientos', 1),
('2025-07-11 17:02:32', 'Inserción', 'asientos', 1),
('2025-07-11 17:02:32', 'Inserción', 'asientos', 1),
('2025-07-11 17:02:32', 'Inserción', 'asientos', 1),
('2025-07-11 17:02:32', 'Inserción', 'asientos', 1),
('2025-07-11 17:02:32', 'Inserción', 'asientos', 1),
('2025-07-11 17:02:32', 'Inserción', 'asientos', 1),
('2025-07-11 17:02:32', 'Inserción', 'asientos', 1),
('2025-07-11 17:02:32', 'Inserción', 'asientos', 1),
('2025-07-11 17:02:32', 'Inserción', 'asientos', 1),
('2025-07-11 17:02:32', 'Inserción', 'asientos', 1),
('2025-07-11 17:02:32', 'Inserción', 'asientos', 1),
('2025-07-11 17:02:32', 'Inserción', 'asientos', 1),
('2025-07-11 17:02:32', 'Inserción', 'asientos', 1),
('2025-07-11 17:02:32', 'Inserción', 'asientos', 1),
('2025-07-11 17:02:32', 'Inserción', 'asientos', 1),
('2025-07-11 17:02:32', 'Inserción', 'asientos', 1),
('2025-07-11 17:02:32', 'Inserción', 'asientos', 1),
('2025-07-11 17:02:32', 'Inserción', 'asientos', 1),
('2025-07-11 17:02:32', 'Inserción', 'asientos', 1),
('2025-07-11 17:02:32', 'Inserción', 'asientos', 1),
('2025-07-11 17:02:32', 'Inserción', 'asientos', 1),
('2025-07-11 17:02:32', 'Inserción', 'asientos', 1),
('2025-07-11 17:02:32', 'Inserción', 'asientos', 1),
('2025-07-11 17:02:32', 'Inserción', 'asientos', 1),
('2025-07-11 17:02:32', 'Inserción', 'asientos', 1),
('2025-07-11 17:02:32', 'Inserción', 'asientos', 1),
('2025-07-11 17:02:32', 'Inserción', 'asientos', 1),
('2025-07-11 17:02:32', 'Inserción', 'asientos', 1),
('2025-07-11 17:02:32', 'Inserción', 'asientos', 1),
('2025-07-11 17:02:32', 'Inserción', 'asientos', 1),
('2025-07-11 17:02:32', 'Inserción', 'asientos', 1),
('2025-07-11 17:02:32', 'Inserción', 'asientos', 1),
('2025-07-11 17:02:32', 'Inserción', 'asientos', 1),
('2025-07-11 17:02:32', 'Inserción', 'asientos', 1),
('2025-07-11 17:02:32', 'Inserción', 'asientos', 1),
('2025-07-11 17:02:32', 'Inserción', 'asientos', 1),
('2025-07-11 17:02:32', 'Inserción', 'asientos', 1),
('2025-07-11 17:02:32', 'Inserción', 'asientos', 1),
('2025-07-11 17:02:32', 'Inserción', 'asientos', 1),
('2025-07-11 17:02:32', 'Inserción', 'asientos', 1),
('2025-07-11 17:02:32', 'Inserción', 'asientos', 1),
('2025-07-11 17:02:32', 'Inserción', 'asientos', 1),
('2025-07-11 17:02:32', 'Inserción', 'asientos', 1),
('2025-07-11 17:02:32', 'Inserción', 'asientos', 1),
('2025-07-11 17:02:32', 'Inserción', 'asientos', 1),
('2025-07-11 17:02:32', 'Inserción', 'asientos', 1),
('2025-07-11 17:02:32', 'Inserción', 'asientos', 1),
('2025-07-11 17:02:32', 'Inserción', 'asientos', 1),
('2025-07-11 17:02:32', 'Inserción', 'asientos', 1),
('2025-07-11 17:02:32', 'Inserción', 'asientos', 1),
('2025-07-11 17:02:32', 'Inserción', 'asientos', 1),
('2025-07-11 17:02:32', 'Inserción', 'asientos', 1),
('2025-07-11 17:02:32', 'Inserción', 'asientos', 1),
('2025-07-11 17:02:32', 'Inserción', 'asientos', 1),
('2025-07-11 17:02:32', 'Inserción', 'asientos', 1),
('2025-07-11 17:02:32', 'Inserción', 'asientos', 1),
('2025-07-11 17:02:32', 'Inserción', 'asientos', 1),
('2025-07-11 17:02:32', 'Inserción', 'asientos', 1),
('2025-07-11 17:02:32', 'Inserción', 'asientos', 1),
('2025-07-11 17:02:32', 'Inserción', 'asientos', 1),
('2025-07-11 17:02:32', 'Inserción', 'asientos', 1),
('2025-07-11 17:02:32', 'Inserción', 'asientos', 1),
('2025-07-11 17:02:32', 'Inserción', 'asientos', 1),
('2025-07-11 17:02:32', 'Inserción', 'asientos', 1),
('2025-07-11 17:02:32', 'Inserción', 'asientos', 1),
('2025-07-11 17:02:32', 'Inserción', 'asientos', 1),
('2025-07-11 17:02:32', 'Inserción', 'asientos', 1),
('2025-07-11 17:02:32', 'Inserción', 'asientos', 1),
('2025-07-11 17:02:32', 'Inserción', 'asientos', 1),
('2025-07-11 17:02:32', 'Inserción', 'asientos', 1),
('2025-07-11 17:02:32', 'Inserción', 'asientos', 1),
('2025-07-11 17:02:32', 'Inserción', 'asientos', 1),
('2025-07-11 17:02:32', 'Inserción', 'asientos', 1),
('2025-07-11 17:02:32', 'Inserción', 'asientos', 1),
('2025-07-11 17:02:32', 'Inserción', 'asientos', 1),
('2025-07-11 17:02:32', 'Inserción', 'asientos', 1),
('2025-07-11 17:02:32', 'Inserción', 'asientos', 1),
('2025-07-11 17:02:32', 'Inserción', 'asientos', 1),
('2025-07-11 17:02:32', 'Inserción', 'asientos', 1),
('2025-07-11 17:02:32', 'Inserción', 'asientos', 1),
('2025-07-11 17:02:32', 'Inserción', 'asientos', 1),
('2025-07-11 17:02:32', 'Inserción', 'asientos', 1),
('2025-07-11 17:02:32', 'Inserción', 'asientos', 1),
('2025-07-11 17:02:32', 'Inserción', 'asientos', 1),
('2025-07-11 17:02:32', 'Inserción', 'asientos', 1),
('2025-07-11 17:02:32', 'Inserción', 'asientos', 1),
('2025-07-11 17:02:32', 'Inserción', 'asientos', 1),
('2025-07-11 17:02:32', 'Inserción', 'asientos', 1),
('2025-07-11 17:02:32', 'Inserción', 'asientos', 1),
('2025-07-11 17:02:32', 'Inserción', 'asientos', 1),
('2025-07-11 17:02:32', 'Inserción', 'asientos', 1),
('2025-07-11 17:02:32', 'Inserción', 'asientos', 1),
('2025-07-11 17:02:32', 'Inserción', 'asientos', 1),
('2025-07-11 17:02:32', 'Inserción', 'asientos', 1),
('2025-07-11 17:02:32', 'Inserción', 'asientos', 1),
('2025-07-11 17:02:32', 'Inserción', 'asientos', 1),
('2025-07-11 17:02:32', 'Inserción', 'asientos', 1),
('2025-07-11 17:02:32', 'Inserción', 'asientos', 1),
('2025-07-11 17:02:32', 'Inserción', 'asientos', 1),
('2025-07-11 17:02:32', 'Inserción', 'asientos', 1),
('2025-07-11 17:02:32', 'Inserción', 'asientos', 1),
('2025-07-11 17:02:32', 'Inserción', 'asientos', 1),
('2025-07-11 17:02:32', 'Inserción', 'asientos', 1),
('2025-07-11 17:02:32', 'Inserción', 'asientos', 1),
('2025-07-11 17:02:32', 'Inserción', 'asientos', 1),
('2025-07-11 17:02:32', 'Inserción', 'asientos', 1),
('2025-07-11 17:02:32', 'Inserción', 'asientos', 1),
('2025-07-11 17:02:32', 'Inserción', 'asientos', 1),
('2025-07-11 17:02:32', 'Inserción', 'asientos', 1),
('2025-07-11 17:02:32', 'Inserción', 'asientos', 1),
('2025-07-11 17:02:32', 'Inserción', 'asientos', 1),
('2025-07-11 17:02:32', 'Inserción', 'asientos', 1),
('2025-07-11 17:02:32', 'Inserción', 'asientos', 1),
('2025-07-11 17:02:32', 'Inserción', 'asientos', 1),
('2025-07-11 17:02:32', 'Inserción', 'asientos', 1),
('2025-07-11 17:02:32', 'Inserción', 'asientos', 1),
('2025-07-11 17:02:32', 'Inserción', 'asientos', 1),
('2025-07-11 17:02:32', 'Inserción', 'asientos', 1),
('2025-07-11 17:02:32', 'Inserción', 'asientos', 1),
('2025-07-11 17:02:32', 'Inserción', 'asientos', 1),
('2025-07-11 17:02:32', 'Inserción', 'asientos', 1),
('2025-07-11 17:02:32', 'Inserción', 'asientos', 1),
('2025-07-11 17:02:32', 'Inserción', 'asientos', 1),
('2025-07-11 17:02:32', 'Inserción', 'asientos', 1),
('2025-07-11 17:02:32', 'Inserción', 'asientos', 1),
('2025-07-11 17:02:32', 'Inserción', 'asientos', 1),
('2025-07-11 17:02:32', 'Inserción', 'asientos', 1),
('2025-07-11 17:02:32', 'Inserción', 'asientos', 1),
('2025-07-11 17:02:32', 'Inserción', 'asientos', 1),
('2025-07-11 17:02:32', 'Inserción', 'asientos', 1),
('2025-07-11 17:02:32', 'Inserción', 'asientos', 1),
('2025-07-11 17:02:32', 'Inserción', 'asientos', 1),
('2025-07-11 17:02:32', 'Inserción', 'asientos', 1),
('2025-07-11 17:02:32', 'Inserción', 'asientos', 1),
('2025-07-11 17:02:32', 'Inserción', 'asientos', 1),
('2025-07-11 17:02:32', 'Inserción', 'asientos', 1),
('2025-07-11 17:02:32', 'Inserción', 'asientos', 1),
('2025-07-11 17:02:32', 'Inserción', 'asientos', 1),
('2025-07-11 17:02:32', 'Inserción', 'asientos', 1),
('2025-07-11 17:02:32', 'Inserción', 'asientos', 1),
('2025-07-11 17:02:32', 'Inserción', 'asientos', 1),
('2025-07-11 17:02:32', 'Inserción', 'asientos', 1),
('2025-07-11 17:02:32', 'Inserción', 'asientos', 1),
('2025-07-11 17:02:32', 'Inserción', 'asientos', 1),
('2025-07-11 17:02:32', 'Inserción', 'asientos', 1),
('2025-07-11 17:02:32', 'Inserción', 'asientos', 1),
('2025-07-11 17:02:32', 'Inserción', 'asientos', 1),
('2025-07-11 17:02:32', 'Inserción', 'asientos', 1),
('2025-07-11 17:02:32', 'Inserción', 'asientos', 1),
('2025-07-11 17:02:32', 'Inserción', 'asientos', 1),
('2025-07-11 17:02:32', 'Inserción', 'asientos', 1),
('2025-07-11 17:02:32', 'Inserción', 'asientos', 1),
('2025-07-11 17:02:32', 'Inserción', 'asientos', 1),
('2025-07-11 17:02:32', 'Inserción', 'asientos', 1),
('2025-07-11 17:02:32', 'Inserción', 'asientos', 1),
('2025-07-11 17:02:32', 'Inserción', 'asientos', 1),
('2025-07-11 17:02:32', 'Inserción', 'asientos', 1),
('2025-07-11 17:02:32', 'Inserción', 'asientos', 1),
('2025-07-11 17:02:32', 'Inserción', 'asientos', 1),
('2025-07-11 17:02:32', 'Inserción', 'asientos', 1),
('2025-07-11 17:02:32', 'Inserción', 'asientos', 1),
('2025-07-11 17:02:32', 'Inserción', 'asientos', 1),
('2025-07-11 17:02:32', 'Inserción', 'asientos', 1),
('2025-07-11 17:02:32', 'Inserción', 'asientos', 1),
('2025-07-11 17:02:32', 'Inserción', 'asientos', 1),
('2025-07-11 17:02:32', 'Inserción', 'asientos', 1),
('2025-07-11 17:02:32', 'Inserción', 'asientos', 1),
('2025-07-11 17:02:32', 'Inserción', 'asientos', 1),
('2025-07-11 17:02:32', 'Inserción', 'asientos', 1),
('2025-07-11 17:02:32', 'Inserción', 'asientos', 1),
('2025-07-11 17:02:32', 'Inserción', 'asientos', 1),
('2025-07-11 17:02:32', 'Inserción', 'asientos', 1),
('2025-07-11 17:02:32', 'Inserción', 'asientos', 1),
('2025-07-11 17:02:32', 'Borrado', 'asientos', 1),
('2025-07-11 17:02:32', 'Borrado', 'asientos', 1),
('2025-07-11 17:02:32', 'Borrado', 'asientos', 1),
('2025-07-11 17:02:32', 'Borrado', 'asientos', 1),
('2025-07-11 17:02:32', 'Borrado', 'asientos', 1),
('2025-07-11 17:02:32', 'Borrado', 'asientos', 1),
('2025-07-11 17:02:32', 'Borrado', 'asientos', 1),
('2025-07-11 17:02:32', 'Borrado', 'asientos', 1),
('2025-07-11 17:02:32', 'Borrado', 'asientos', 1),
('2025-07-11 17:02:32', 'Borrado', 'asientos', 1),
('2025-07-11 17:02:32', 'Borrado', 'asientos', 1),
('2025-07-11 17:02:32', 'Borrado', 'asientos', 1),
('2025-07-11 17:02:32', 'Borrado', 'asientos', 1),
('2025-07-11 17:02:32', 'Borrado', 'asientos', 1),
('2025-07-11 17:02:32', 'Borrado', 'asientos', 1),
('2025-07-11 17:02:32', 'Borrado', 'asientos', 1),
('2025-07-11 17:02:32', 'Borrado', 'asientos', 1),
('2025-07-11 17:02:32', 'Borrado', 'asientos', 1),
('2025-07-11 17:02:32', 'Borrado', 'asientos', 1),
('2025-07-11 17:02:32', 'Borrado', 'asientos', 1),
('2025-07-11 17:02:32', 'Borrado', 'asientos', 1),
('2025-07-11 17:02:32', 'Borrado', 'asientos', 1),
('2025-07-11 17:02:32', 'Borrado', 'asientos', 1),
('2025-07-11 17:02:32', 'Borrado', 'asientos', 1),
('2025-07-11 17:02:32', 'Borrado', 'asientos', 1),
('2025-07-11 17:02:32', 'Borrado', 'asientos', 1),
('2025-07-11 17:02:32', 'Borrado', 'asientos', 1),
('2025-07-11 17:02:32', 'Borrado', 'asientos', 1),
('2025-07-11 17:02:32', 'Borrado', 'asientos', 1),
('2025-07-11 17:02:32', 'Borrado', 'asientos', 1),
('2025-07-11 17:02:32', 'Borrado', 'asientos', 1),
('2025-07-11 17:02:32', 'Borrado', 'asientos', 1),
('2025-07-11 17:02:32', 'Borrado', 'asientos', 1),
('2025-07-11 17:02:32', 'Borrado', 'asientos', 1),
('2025-07-11 17:02:32', 'Borrado', 'asientos', 1),
('2025-07-11 17:02:32', 'Borrado', 'asientos', 1),
('2025-07-11 17:02:32', 'Borrado', 'asientos', 1),
('2025-07-11 17:02:32', 'Borrado', 'asientos', 1),
('2025-07-11 17:02:32', 'Borrado', 'asientos', 1),
('2025-07-11 17:02:32', 'Borrado', 'asientos', 1),
('2025-07-11 17:02:32', 'Borrado', 'asientos', 1),
('2025-07-11 17:02:32', 'Borrado', 'asientos', 1),
('2025-07-11 17:02:32', 'Borrado', 'asientos', 1),
('2025-07-11 17:02:32', 'Borrado', 'asientos', 1),
('2025-07-11 17:02:32', 'Borrado', 'asientos', 1),
('2025-07-11 17:02:32', 'Borrado', 'asientos', 1),
('2025-07-11 17:02:32', 'Borrado', 'asientos', 1),
('2025-07-11 17:02:32', 'Borrado', 'asientos', 1),
('2025-07-11 17:02:32', 'Borrado', 'asientos', 1),
('2025-07-11 17:02:32', 'Borrado', 'asientos', 1),
('2025-07-11 17:02:32', 'Borrado', 'asientos', 1),
('2025-07-11 17:02:32', 'Borrado', 'asientos', 1),
('2025-07-11 17:02:32', 'Borrado', 'asientos', 1),
('2025-07-11 17:02:32', 'Borrado', 'asientos', 1),
('2025-07-11 17:02:32', 'Borrado', 'asientos', 1),
('2025-07-11 17:02:32', 'Borrado', 'asientos', 1),
('2025-07-11 17:02:32', 'Borrado', 'asientos', 1),
('2025-07-11 17:02:32', 'Borrado', 'asientos', 1),
('2025-07-11 17:02:32', 'Borrado', 'asientos', 1),
('2025-07-11 17:02:32', 'Borrado', 'asientos', 1),
('2025-07-11 17:02:32', 'Borrado', 'asientos', 1),
('2025-07-11 17:02:32', 'Borrado', 'asientos', 1),
('2025-07-11 17:02:32', 'Borrado', 'asientos', 1),
('2025-07-11 17:02:32', 'Borrado', 'asientos', 1),
('2025-07-11 17:02:32', 'Borrado', 'asientos', 1),
('2025-07-11 17:02:32', 'Borrado', 'asientos', 1),
('2025-07-11 17:02:32', 'Borrado', 'asientos', 1),
('2025-07-11 17:02:32', 'Borrado', 'asientos', 1),
('2025-07-11 17:02:32', 'Borrado', 'asientos', 1),
('2025-07-11 17:02:32', 'Borrado', 'asientos', 1),
('2025-07-11 17:02:32', 'Borrado', 'asientos', 1),
('2025-07-11 17:02:32', 'Borrado', 'asientos', 1),
('2025-07-11 17:02:32', 'Borrado', 'asientos', 1),
('2025-07-11 17:02:32', 'Borrado', 'asientos', 1),
('2025-07-11 17:02:32', 'Borrado', 'asientos', 1),
('2025-07-11 17:02:32', 'Borrado', 'asientos', 1),
('2025-07-11 17:02:32', 'Borrado', 'asientos', 1),
('2025-07-11 17:02:32', 'Borrado', 'asientos', 1),
('2025-07-11 17:02:32', 'Borrado', 'asientos', 1),
('2025-07-11 17:02:32', 'Borrado', 'asientos', 1),
('2025-07-11 17:02:32', 'Borrado', 'asientos', 1),
('2025-07-11 17:02:32', 'Borrado', 'asientos', 1),
('2025-07-11 17:02:32', 'Borrado', 'asientos', 1),
('2025-07-11 17:02:32', 'Borrado', 'asientos', 1),
('2025-07-11 17:02:32', 'Borrado', 'asientos', 1),
('2025-07-11 17:02:32', 'Borrado', 'asientos', 1),
('2025-07-11 17:02:32', 'Borrado', 'asientos', 1),
('2025-07-11 17:02:32', 'Borrado', 'asientos', 1),
('2025-07-11 17:02:32', 'Borrado', 'asientos', 1),
('2025-07-11 17:02:32', 'Borrado', 'asientos', 1),
('2025-07-11 17:02:32', 'Borrado', 'asientos', 1),
('2025-07-11 17:02:32', 'Borrado', 'asientos', 1),
('2025-07-11 17:02:32', 'Borrado', 'asientos', 1),
('2025-07-11 17:02:32', 'Borrado', 'asientos', 1),
('2025-07-11 17:02:32', 'Borrado', 'asientos', 1),
('2025-07-11 17:02:32', 'Borrado', 'asientos', 1),
('2025-07-11 17:02:32', 'Borrado', 'asientos', 1),
('2025-07-11 17:02:32', 'Borrado', 'asientos', 1),
('2025-07-11 17:02:32', 'Borrado', 'asientos', 1),
('2025-07-11 17:02:32', 'Borrado', 'asientos', 1),
('2025-07-11 17:02:32', 'Borrado', 'asientos', 1),
('2025-07-11 17:02:32', 'Borrado', 'asientos', 1),
('2025-07-11 17:02:32', 'Borrado', 'asientos', 1),
('2025-07-11 17:02:32', 'Borrado', 'asientos', 1),
('2025-07-11 17:02:32', 'Borrado', 'asientos', 1),
('2025-07-11 17:02:32', 'Borrado', 'asientos', 1),
('2025-07-11 17:02:32', 'Borrado', 'asientos', 1),
('2025-07-11 17:02:32', 'Borrado', 'asientos', 1),
('2025-07-11 17:02:32', 'Borrado', 'asientos', 1),
('2025-07-11 17:02:32', 'Borrado', 'asientos', 1),
('2025-07-11 17:02:32', 'Borrado', 'asientos', 1),
('2025-07-11 17:02:32', 'Borrado', 'asientos', 1),
('2025-07-11 17:02:32', 'Borrado', 'asientos', 1),
('2025-07-11 17:02:32', 'Borrado', 'asientos', 1),
('2025-07-11 17:02:32', 'Borrado', 'asientos', 1),
('2025-07-11 17:02:32', 'Borrado', 'asientos', 1),
('2025-07-11 17:02:32', 'Borrado', 'asientos', 1),
('2025-07-11 17:02:32', 'Borrado', 'asientos', 1),
('2025-07-11 17:02:32', 'Borrado', 'asientos', 1),
('2025-07-11 17:02:32', 'Borrado', 'asientos', 1),
('2025-07-11 17:02:32', 'Borrado', 'asientos', 1),
('2025-07-11 17:02:32', 'Borrado', 'asientos', 1),
('2025-07-11 17:02:32', 'Borrado', 'asientos', 1),
('2025-07-11 17:02:32', 'Borrado', 'asientos', 1),
('2025-07-11 17:02:32', 'Borrado', 'asientos', 1),
('2025-07-11 17:02:32', 'Borrado', 'asientos', 1),
('2025-07-11 17:02:32', 'Borrado', 'asientos', 1),
('2025-07-11 17:02:32', 'Borrado', 'asientos', 1),
('2025-07-11 17:02:32', 'Borrado', 'asientos', 1),
('2025-07-11 17:02:32', 'Borrado', 'asientos', 1),
('2025-07-11 17:02:32', 'Borrado', 'asientos', 1),
('2025-07-11 17:02:32', 'Borrado', 'asientos', 1),
('2025-07-11 17:02:32', 'Borrado', 'asientos', 1),
('2025-07-11 17:02:32', 'Borrado', 'asientos', 1),
('2025-07-11 17:02:32', 'Borrado', 'asientos', 1),
('2025-07-11 17:02:32', 'Borrado', 'asientos', 1),
('2025-07-11 17:02:32', 'Borrado', 'asientos', 1),
('2025-07-11 17:02:32', 'Borrado', 'asientos', 1),
('2025-07-11 17:02:32', 'Borrado', 'asientos', 1),
('2025-07-11 17:02:32', 'Borrado', 'asientos', 1),
('2025-07-11 17:02:32', 'Borrado', 'asientos', 1),
('2025-07-11 17:02:32', 'Borrado', 'asientos', 1),
('2025-07-11 17:02:32', 'Borrado', 'asientos', 1),
('2025-07-11 17:02:32', 'Borrado', 'asientos', 1),
('2025-07-11 17:02:32', 'Borrado', 'asientos', 1),
('2025-07-11 17:02:32', 'Borrado', 'asientos', 1),
('2025-07-11 17:02:32', 'Borrado', 'asientos', 1),
('2025-07-11 17:02:32', 'Borrado', 'asientos', 1),
('2025-07-11 17:02:32', 'Borrado', 'asientos', 1),
('2025-07-11 17:02:32', 'Inserción', 'asientos', 1),
('2025-07-11 17:02:32', 'Inserción', 'asientos', 1),
('2025-07-11 17:02:32', 'Inserción', 'asientos', 1),
('2025-07-11 17:02:32', 'Inserción', 'asientos', 1),
('2025-07-11 17:02:32', 'Inserción', 'asientos', 1),
('2025-07-11 17:02:32', 'Inserción', 'asientos', 1),
('2025-07-11 17:02:32', 'Inserción', 'asientos', 1),
('2025-07-11 17:02:32', 'Inserción', 'asientos', 1),
('2025-07-11 17:02:32', 'Inserción', 'asientos', 1),
('2025-07-11 17:02:32', 'Inserción', 'asientos', 1),
('2025-07-11 17:02:32', 'Inserción', 'asientos', 1),
('2025-07-11 17:02:32', 'Inserción', 'asientos', 1),
('2025-07-11 17:02:32', 'Inserción', 'asientos', 1),
('2025-07-11 17:02:32', 'Inserción', 'asientos', 1),
('2025-07-11 17:02:32', 'Inserción', 'asientos', 1),
('2025-07-11 17:02:32', 'Inserción', 'asientos', 1),
('2025-07-11 17:02:32', 'Inserción', 'asientos', 1),
('2025-07-11 17:02:32', 'Inserción', 'asientos', 1),
('2025-07-11 17:02:32', 'Inserción', 'asientos', 1),
('2025-07-11 17:02:32', 'Inserción', 'asientos', 1),
('2025-07-11 17:02:32', 'Inserción', 'asientos', 1),
('2025-07-11 17:02:32', 'Inserción', 'asientos', 1),
('2025-07-11 17:02:32', 'Inserción', 'asientos', 1),
('2025-07-11 17:02:32', 'Inserción', 'asientos', 1),
('2025-07-11 17:02:32', 'Inserción', 'asientos', 1),
('2025-07-11 17:02:32', 'Inserción', 'asientos', 1),
('2025-07-11 17:02:32', 'Inserción', 'asientos', 1),
('2025-07-11 17:02:32', 'Inserción', 'asientos', 1),
('2025-07-11 17:02:32', 'Inserción', 'asientos', 1),
('2025-07-11 17:02:32', 'Inserción', 'asientos', 1),
('2025-07-11 17:02:32', 'Inserción', 'asientos', 1),
('2025-07-11 17:02:32', 'Inserción', 'asientos', 1),
('2025-07-11 17:02:32', 'Inserción', 'asientos', 1),
('2025-07-11 17:02:32', 'Inserción', 'asientos', 1),
('2025-07-11 17:02:32', 'Inserción', 'asientos', 1),
('2025-07-11 17:02:32', 'Inserción', 'asientos', 1),
('2025-07-11 17:02:32', 'Inserción', 'asientos', 1),
('2025-07-11 17:02:32', 'Inserción', 'asientos', 1),
('2025-07-11 17:02:32', 'Inserción', 'asientos', 1),
('2025-07-11 17:02:32', 'Inserción', 'asientos', 1),
('2025-07-11 17:02:32', 'Inserción', 'asientos', 1),
('2025-07-11 17:02:32', 'Inserción', 'asientos', 1),
('2025-07-11 17:02:32', 'Inserción', 'asientos', 1),
('2025-07-11 17:02:32', 'Inserción', 'asientos', 1),
('2025-07-11 17:02:32', 'Inserción', 'asientos', 1),
('2025-07-11 17:02:32', 'Inserción', 'asientos', 1),
('2025-07-11 17:02:32', 'Inserción', 'asientos', 1),
('2025-07-11 17:02:32', 'Inserción', 'asientos', 1),
('2025-07-11 17:02:32', 'Inserción', 'asientos', 1),
('2025-07-11 17:02:32', 'Inserción', 'asientos', 1),
('2025-07-11 17:02:32', 'Inserción', 'asientos', 1),
('2025-07-11 17:02:32', 'Inserción', 'asientos', 1),
('2025-07-11 17:02:32', 'Inserción', 'asientos', 1),
('2025-07-11 17:02:32', 'Inserción', 'asientos', 1),
('2025-07-11 17:02:32', 'Inserción', 'asientos', 1),
('2025-07-11 17:02:32', 'Inserción', 'asientos', 1),
('2025-07-11 17:02:32', 'Inserción', 'asientos', 1),
('2025-07-11 17:02:32', 'Inserción', 'asientos', 1),
('2025-07-11 17:02:32', 'Inserción', 'asientos', 1),
('2025-07-11 17:02:32', 'Inserción', 'asientos', 1),
('2025-07-11 17:02:32', 'Inserción', 'asientos', 1),
('2025-07-11 17:02:32', 'Inserción', 'asientos', 1),
('2025-07-11 17:02:32', 'Inserción', 'asientos', 1),
('2025-07-11 17:02:32', 'Inserción', 'asientos', 1),
('2025-07-11 17:02:32', 'Inserción', 'asientos', 1),
('2025-07-11 17:02:32', 'Inserción', 'asientos', 1),
('2025-07-11 17:02:32', 'Inserción', 'asientos', 1),
('2025-07-11 17:02:32', 'Inserción', 'asientos', 1),
('2025-07-11 17:02:32', 'Inserción', 'asientos', 1),
('2025-07-11 17:02:32', 'Inserción', 'asientos', 1),
('2025-07-11 17:02:32', 'Inserción', 'asientos', 1),
('2025-07-11 17:02:32', 'Inserción', 'asientos', 1),
('2025-07-11 17:02:32', 'Inserción', 'asientos', 1),
('2025-07-11 17:02:32', 'Inserción', 'asientos', 1),
('2025-07-11 17:02:32', 'Inserción', 'asientos', 1),
('2025-07-11 17:02:32', 'Inserción', 'asientos', 1),
('2025-07-11 17:02:32', 'Inserción', 'asientos', 1),
('2025-07-11 17:02:32', 'Inserción', 'asientos', 1),
('2025-07-11 17:02:32', 'Inserción', 'asientos', 1),
('2025-07-11 17:02:32', 'Inserción', 'asientos', 1),
('2025-07-11 17:02:32', 'Inserción', 'asientos', 1),
('2025-07-11 17:02:32', 'Inserción', 'asientos', 1),
('2025-07-11 17:02:32', 'Inserción', 'asientos', 1),
('2025-07-11 17:02:32', 'Inserción', 'asientos', 1),
('2025-07-11 17:02:32', 'Inserción', 'asientos', 1),
('2025-07-11 17:02:32', 'Inserción', 'asientos', 1),
('2025-07-11 17:02:32', 'Inserción', 'asientos', 1),
('2025-07-11 17:02:32', 'Inserción', 'asientos', 1),
('2025-07-11 17:02:32', 'Inserción', 'asientos', 1),
('2025-07-11 17:02:32', 'Inserción', 'asientos', 1),
('2025-07-11 17:02:32', 'Inserción', 'asientos', 1),
('2025-07-11 17:02:32', 'Inserción', 'asientos', 1),
('2025-07-11 17:02:32', 'Inserción', 'asientos', 1),
('2025-07-11 17:02:32', 'Inserción', 'asientos', 1),
('2025-07-11 17:02:32', 'Inserción', 'asientos', 1),
('2025-07-11 17:02:32', 'Inserción', 'asientos', 1),
('2025-07-11 17:02:32', 'Inserción', 'asientos', 1),
('2025-07-11 17:02:32', 'Inserción', 'asientos', 1),
('2025-07-11 17:02:32', 'Inserción', 'asientos', 1),
('2025-07-11 17:02:32', 'Inserción', 'asientos', 1),
('2025-07-11 17:02:32', 'Inserción', 'asientos', 1),
('2025-07-11 17:02:32', 'Inserción', 'asientos', 1),
('2025-07-11 17:02:32', 'Inserción', 'asientos', 1),
('2025-07-11 17:02:32', 'Inserción', 'asientos', 1),
('2025-07-11 17:02:32', 'Inserción', 'asientos', 1),
('2025-07-11 17:02:32', 'Inserción', 'asientos', 1),
('2025-07-11 17:02:32', 'Inserción', 'asientos', 1),
('2025-07-11 17:02:32', 'Inserción', 'asientos', 1),
('2025-07-11 17:02:32', 'Inserción', 'asientos', 1),
('2025-07-11 17:02:32', 'Inserción', 'asientos', 1),
('2025-07-11 17:02:32', 'Inserción', 'asientos', 1),
('2025-07-11 17:02:32', 'Inserción', 'asientos', 1),
('2025-07-11 17:02:32', 'Inserción', 'asientos', 1),
('2025-07-11 17:02:32', 'Inserción', 'asientos', 1),
('2025-07-11 17:02:32', 'Inserción', 'asientos', 1),
('2025-07-11 17:02:32', 'Inserción', 'asientos', 1),
('2025-07-11 17:02:32', 'Inserción', 'asientos', 1),
('2025-07-11 17:02:32', 'Inserción', 'asientos', 1),
('2025-07-11 17:02:32', 'Inserción', 'asientos', 1),
('2025-07-11 17:02:32', 'Inserción', 'asientos', 1),
('2025-07-11 17:02:32', 'Inserción', 'asientos', 1),
('2025-07-11 17:02:32', 'Inserción', 'asientos', 1),
('2025-07-11 17:02:32', 'Inserción', 'asientos', 1),
('2025-07-11 17:02:32', 'Inserción', 'asientos', 1),
('2025-07-11 17:02:32', 'Inserción', 'asientos', 1),
('2025-07-11 17:02:32', 'Inserción', 'asientos', 1),
('2025-07-11 17:02:32', 'Inserción', 'asientos', 1),
('2025-07-11 17:02:32', 'Inserción', 'asientos', 1),
('2025-07-11 17:02:32', 'Inserción', 'asientos', 1),
('2025-07-11 17:02:32', 'Inserción', 'asientos', 1),
('2025-07-11 17:02:32', 'Inserción', 'asientos', 1),
('2025-07-11 17:02:32', 'Inserción', 'asientos', 1),
('2025-07-11 17:02:32', 'Inserción', 'asientos', 1),
('2025-07-11 17:02:32', 'Inserción', 'asientos', 1),
('2025-07-11 17:02:32', 'Inserción', 'asientos', 1),
('2025-07-11 17:02:32', 'Inserción', 'asientos', 1),
('2025-07-11 17:02:32', 'Inserción', 'asientos', 1),
('2025-07-11 17:02:32', 'Inserción', 'asientos', 1),
('2025-07-11 17:02:32', 'Inserción', 'asientos', 1),
('2025-07-11 17:02:32', 'Inserción', 'asientos', 1),
('2025-07-11 17:02:32', 'Inserción', 'asientos', 1),
('2025-07-11 17:02:32', 'Inserción', 'asientos', 1),
('2025-07-11 17:02:32', 'Inserción', 'asientos', 1),
('2025-07-11 17:02:32', 'Inserción', 'asientos', 1),
('2025-07-11 17:02:32', 'Inserción', 'asientos', 1),
('2025-07-11 17:02:32', 'Inserción', 'asientos', 1),
('2025-07-11 17:02:32', 'Inserción', 'asientos', 1),
('2025-07-11 17:02:32', 'Inserción', 'asientos', 1),
('2025-07-11 17:02:32', 'Inserción', 'asientos', 1),
('2025-07-11 17:02:32', 'Inserción', 'asientos', 1),
('2025-07-11 17:02:32', 'Inserción', 'asientos', 1),
('2025-07-11 17:02:32', 'Inserción', 'asientos', 1),
('2025-07-11 17:02:32', 'Inserción', 'asientos', 1),
('2025-07-11 17:02:32', 'Inserción', 'asientos', 1),
('2025-07-11 17:02:32', 'Inserción', 'asientos', 1),
('2025-07-11 17:02:32', 'Inserción', 'asientos', 1),
('2025-07-11 17:02:32', 'Inserción', 'asientos', 1),
('2025-07-11 17:02:32', 'Inserción', 'asientos', 1),
('2025-07-11 17:02:32', 'Inserción', 'asientos', 1),
('2025-07-11 17:02:32', 'Inserción', 'asientos', 1),
('2025-07-11 17:02:32', 'Inserción', 'asientos', 1),
('2025-07-11 17:02:32', 'Inserción', 'asientos', 1),
('2025-07-11 17:02:32', 'Inserción', 'asientos', 1),
('2025-07-11 17:02:32', 'Inserción', 'asientos', 1),
('2025-07-11 17:02:32', 'Inserción', 'asientos', 1),
('2025-07-11 17:02:32', 'Inserción', 'asientos', 1),
('2025-07-11 17:02:32', 'Inserción', 'asientos', 1),
('2025-07-11 17:02:32', 'Inserción', 'asientos', 1),
('2025-07-11 17:02:32', 'Inserción', 'asientos', 1),
('2025-07-11 17:02:32', 'Inserción', 'asientos', 1),
('2025-07-11 17:02:32', 'Inserción', 'asientos', 1),
('2025-07-11 17:02:32', 'Inserción', 'asientos', 1),
('2025-07-11 17:02:32', 'Inserción', 'asientos', 1),
('2025-07-11 17:02:32', 'Inserción', 'asientos', 1),
('2025-07-11 17:02:32', 'Inserción', 'asientos', 1),
('2025-07-11 17:02:32', 'Inserción', 'asientos', 1),
('2025-07-11 17:02:32', 'Inserción', 'asientos', 1),
('2025-07-11 17:02:32', 'Inserción', 'asientos', 1),
('2025-07-11 17:02:32', 'Inserción', 'asientos', 1),
('2025-07-11 17:02:32', 'Inserción', 'asientos', 1),
('2025-07-11 17:02:32', 'Inserción', 'asientos', 1),
('2025-07-11 17:02:32', 'Inserción', 'asientos', 1),
('2025-07-11 17:02:32', 'Inserción', 'asientos', 1),
('2025-07-11 17:02:32', 'Inserción', 'asientos', 1),
('2025-07-11 17:02:32', 'Inserción', 'asientos', 1),
('2025-07-11 17:02:32', 'Inserción', 'asientos', 1),
('2025-07-11 17:02:32', 'Inserción', 'asientos', 1),
('2025-07-11 17:02:32', 'Inserción', 'asientos', 1),
('2025-07-11 17:02:32', 'Inserción', 'asientos', 1),
('2025-07-11 17:02:32', 'Inserción', 'asientos', 1),
('2025-07-11 17:02:32', 'Inserción', 'asientos', 1),
('2025-07-11 17:02:32', 'Inserción', 'asientos', 1),
('2025-07-11 17:02:32', 'Inserción', 'asientos', 1),
('2025-07-11 17:02:32', 'Inserción', 'asientos', 1),
('2025-07-11 17:02:32', 'Inserción', 'asientos', 1),
('2025-07-11 17:02:32', 'Inserción', 'asientos', 1),
('2025-07-11 17:02:32', 'Inserción', 'asientos', 1),
('2025-07-11 17:02:32', 'Inserción', 'asientos', 1),
('2025-07-11 17:02:32', 'Inserción', 'asientos', 1),
('2025-07-11 17:02:32', 'Inserción', 'asientos', 1),
('2025-07-11 17:02:32', 'Inserción', 'asientos', 1),
('2025-07-11 17:02:32', 'Inserción', 'asientos', 1),
('2025-07-11 17:02:32', 'Inserción', 'asientos', 1),
('2025-07-11 17:02:32', 'Inserción', 'asientos', 1),
('2025-07-11 17:02:32', 'Inserción', 'asientos', 1),
('2025-07-11 17:02:32', 'Inserción', 'asientos', 1),
('2025-07-11 17:02:32', 'Inserción', 'asientos', 1),
('2025-07-11 17:02:33', 'Inserción', 'asientos', 1),
('2025-07-11 17:02:33', 'Inserción', 'asientos', 1),
('2025-07-11 17:02:33', 'Inserción', 'asientos', 1),
('2025-07-11 17:02:33', 'Inserción', 'asientos', 1),
('2025-07-11 17:02:33', 'Inserción', 'asientos', 1),
('2025-07-11 17:02:33', 'Inserción', 'asientos', 1),
('2025-07-11 17:02:33', 'Inserción', 'asientos', 1),
('2025-07-11 17:02:33', 'Inserción', 'asientos', 1),
('2025-07-11 17:02:33', 'Inserción', 'asientos', 1),
('2025-07-11 17:02:33', 'Inserción', 'asientos', 1),
('2025-07-11 17:02:33', 'Inserción', 'asientos', 1),
('2025-07-11 17:02:33', 'Inserción', 'asientos', 1),
('2025-07-11 17:02:33', 'Inserción', 'asientos', 1),
('2025-07-11 17:02:33', 'Inserción', 'asientos', 1),
('2025-07-11 17:02:33', 'Inserción', 'asientos', 1),
('2025-07-11 17:02:33', 'Inserción', 'asientos', 1),
('2025-07-11 17:02:33', 'Inserción', 'asientos', 1),
('2025-07-11 17:02:33', 'Inserción', 'asientos', 1),
('2025-07-11 17:02:33', 'Inserción', 'asientos', 1),
('2025-07-11 17:02:33', 'Inserción', 'asientos', 1),
('2025-07-11 17:02:33', 'Inserción', 'asientos', 1),
('2025-07-11 17:02:33', 'Inserción', 'asientos', 1),
('2025-07-11 17:02:33', 'Inserción', 'asientos', 1),
('2025-07-11 17:02:33', 'Inserción', 'asientos', 1),
('2025-07-11 17:02:33', 'Inserción', 'asientos', 1),
('2025-07-11 17:02:33', 'Inserción', 'asientos', 1),
('2025-07-11 17:02:33', 'Inserción', 'asientos', 1),
('2025-07-11 17:02:33', 'Inserción', 'asientos', 1),
('2025-07-11 17:02:33', 'Inserción', 'asientos', 1),
('2025-07-11 17:02:33', 'Inserción', 'asientos', 1),
('2025-07-11 17:02:33', 'Inserción', 'asientos', 1),
('2025-07-11 17:02:33', 'Inserción', 'asientos', 1),
('2025-07-11 17:02:33', 'Inserción', 'asientos', 1),
('2025-07-11 17:02:33', 'Inserción', 'asientos', 1),
('2025-07-11 17:02:33', 'Inserción', 'asientos', 1),
('2025-07-11 17:02:33', 'Inserción', 'asientos', 1),
('2025-07-11 17:02:33', 'Inserción', 'asientos', 1),
('2025-07-11 17:02:33', 'Inserción', 'asientos', 1),
('2025-07-11 17:02:33', 'Inserción', 'asientos', 1),
('2025-07-11 17:02:33', 'Inserción', 'asientos', 1),
('2025-07-11 17:02:33', 'Inserción', 'asientos', 1),
('2025-07-11 17:02:33', 'Inserción', 'asientos', 1),
('2025-07-11 17:02:33', 'Inserción', 'asientos', 1),
('2025-07-11 17:02:33', 'Inserción', 'asientos', 1),
('2025-07-11 17:02:33', 'Inserción', 'asientos', 1),
('2025-07-11 17:02:33', 'Inserción', 'asientos', 1),
('2025-07-11 17:02:33', 'Inserción', 'asientos', 1),
('2025-07-11 17:02:33', 'Inserción', 'asientos', 1),
('2025-07-11 17:02:33', 'Inserción', 'asientos', 1),
('2025-07-11 17:02:33', 'Inserción', 'asientos', 1),
('2025-07-11 17:02:33', 'Inserción', 'asientos', 1),
('2025-07-11 17:02:33', 'Inserción', 'asientos', 1),
('2025-07-11 17:02:33', 'Inserción', 'asientos', 1),
('2025-07-11 17:02:33', 'Inserción', 'asientos', 1),
('2025-07-11 17:02:33', 'Inserción', 'asientos', 1),
('2025-07-11 17:02:33', 'Inserción', 'asientos', 1),
('2025-07-11 17:02:33', 'Inserción', 'asientos', 1),
('2025-07-11 17:02:33', 'Inserción', 'asientos', 1),
('2025-07-11 17:02:33', 'Inserción', 'asientos', 1),
('2025-07-11 17:02:33', 'Inserción', 'asientos', 1),
('2025-07-11 17:02:33', 'Inserción', 'asientos', 1),
('2025-07-11 17:02:33', 'Inserción', 'asientos', 1),
('2025-07-11 17:02:33', 'Inserción', 'asientos', 1),
('2025-07-11 17:02:33', 'Inserción', 'asientos', 1),
('2025-07-11 17:02:33', 'Inserción', 'asientos', 1),
('2025-07-11 17:02:33', 'Inserción', 'asientos', 1),
('2025-07-11 17:02:33', 'Inserción', 'asientos', 1),
('2025-07-11 17:02:33', 'Inserción', 'asientos', 1),
('2025-07-11 17:02:33', 'Inserción', 'asientos', 1),
('2025-07-11 17:02:33', 'Inserción', 'asientos', 1),
('2025-07-11 17:02:33', 'Inserción', 'asientos', 1),
('2025-07-11 17:02:33', 'Inserción', 'asientos', 1),
('2025-07-11 17:02:33', 'Inserción', 'asientos', 1),
('2025-07-11 17:02:33', 'Inserción', 'asientos', 1),
('2025-07-11 17:02:33', 'Inserción', 'asientos', 1),
('2025-07-11 17:02:33', 'Inserción', 'asientos', 1),
('2025-07-11 17:02:33', 'Inserción', 'asientos', 1),
('2025-07-11 17:02:33', 'Inserción', 'asientos', 1),
('2025-07-11 17:02:33', 'Inserción', 'asientos', 1),
('2025-07-11 17:02:33', 'Inserción', 'asientos', 1),
('2025-07-11 17:02:33', 'Inserción', 'asientos', 1),
('2025-07-11 17:02:33', 'Inserción', 'asientos', 1),
('2025-07-11 17:02:33', 'Inserción', 'asientos', 1),
('2025-07-11 17:02:33', 'Inserción', 'asientos', 1),
('2025-07-11 17:02:33', 'Inserción', 'asientos', 1),
('2025-07-11 17:02:33', 'Inserción', 'asientos', 1),
('2025-07-11 17:02:33', 'Inserción', 'asientos', 1),
('2025-07-11 17:02:33', 'Inserción', 'asientos', 1),
('2025-07-11 17:02:33', 'Inserción', 'asientos', 1),
('2025-07-11 17:02:33', 'Inserción', 'asientos', 1),
('2025-07-11 17:02:33', 'Inserción', 'asientos', 1),
('2025-07-11 17:02:33', 'Inserción', 'asientos', 1),
('2025-07-11 17:02:33', 'Inserción', 'asientos', 1),
('2025-07-11 17:02:33', 'Inserción', 'asientos', 1),
('2025-07-11 17:02:33', 'Inserción', 'asientos', 1),
('2025-07-11 17:02:33', 'Inserción', 'asientos', 1),
('2025-07-11 17:02:33', 'Inserción', 'asientos', 1),
('2025-07-11 17:02:33', 'Inserción', 'asientos', 1),
('2025-07-11 17:02:33', 'Inserción', 'asientos', 1),
('2025-07-11 17:02:33', 'Inserción', 'asientos', 1),
('2025-07-11 17:02:33', 'Inserción', 'asientos', 1),
('2025-07-11 17:02:33', 'Inserción', 'asientos', 1),
('2025-07-11 17:02:33', 'Inserción', 'asientos', 1),
('2025-07-11 17:02:33', 'Inserción', 'asientos', 1),
('2025-07-11 17:02:33', 'Inserción', 'asientos', 1),
('2025-07-11 17:02:33', 'Inserción', 'asientos', 1),
('2025-07-11 17:02:33', 'Inserción', 'asientos', 1),
('2025-07-11 17:02:33', 'Inserción', 'asientos', 1),
('2025-07-11 17:02:33', 'Inserción', 'asientos', 1),
('2025-07-11 17:02:33', 'Inserción', 'asientos', 1),
('2025-07-11 17:02:33', 'Inserción', 'asientos', 1),
('2025-07-11 17:02:33', 'Inserción', 'asientos', 1),
('2025-07-11 17:02:33', 'Inserción', 'asientos', 1),
('2025-07-11 17:02:33', 'Inserción', 'asientos', 1),
('2025-07-11 17:02:33', 'Inserción', 'asientos', 1),
('2025-07-11 17:02:33', 'Inserción', 'asientos', 1),
('2025-07-11 17:02:33', 'Inserción', 'asientos', 1),
('2025-07-11 17:02:33', 'Inserción', 'asientos', 1),
('2025-07-11 17:02:33', 'Inserción', 'asientos', 1),
('2025-07-11 17:02:33', 'Inserción', 'asientos', 1),
('2025-07-11 17:02:33', 'Inserción', 'asientos', 1),
('2025-07-11 17:02:33', 'Inserción', 'asientos', 1),
('2025-07-11 17:02:33', 'Inserción', 'asientos', 1),
('2025-07-11 17:02:33', 'Inserción', 'asientos', 1),
('2025-07-11 17:02:33', 'Inserción', 'asientos', 1),
('2025-07-11 17:02:33', 'Inserción', 'asientos', 1),
('2025-07-11 17:02:33', 'Inserción', 'asientos', 1),
('2025-07-11 17:02:33', 'Inserción', 'asientos', 1),
('2025-07-11 17:02:33', 'Inserción', 'asientos', 1),
('2025-07-11 17:02:33', 'Inserción', 'asientos', 1),
('2025-07-11 17:02:33', 'Inserción', 'asientos', 1),
('2025-07-11 17:02:33', 'Inserción', 'asientos', 1),
('2025-07-11 17:02:33', 'Inserción', 'asientos', 1),
('2025-07-11 17:02:33', 'Inserción', 'asientos', 1),
('2025-07-11 17:02:33', 'Inserción', 'asientos', 1),
('2025-07-11 17:02:33', 'Inserción', 'asientos', 1),
('2025-07-11 17:02:33', 'Inserción', 'asientos', 1),
('2025-07-11 17:02:33', 'Inserción', 'asientos', 1),
('2025-07-11 17:02:33', 'Inserción', 'asientos', 1),
('2025-07-11 17:02:33', 'Inserción', 'asientos', 1),
('2025-07-11 17:02:33', 'Inserción', 'asientos', 1),
('2025-07-11 17:02:33', 'Inserción', 'asientos', 1),
('2025-07-11 17:02:33', 'Inserción', 'asientos', 1),
('2025-07-11 17:02:33', 'Inserción', 'asientos', 1),
('2025-07-11 17:02:33', 'Inserción', 'asientos', 1),
('2025-07-11 17:02:33', 'Inserción', 'asientos', 1),
('2025-07-11 17:02:33', 'Inserción', 'asientos', 1),
('2025-07-11 17:02:33', 'Inserción', 'asientos', 1),
('2025-07-11 17:02:33', 'Inserción', 'asientos', 1),
('2025-07-11 17:02:33', 'Inserción', 'asientos', 1),
('2025-07-11 17:02:33', 'Inserción', 'asientos', 1),
('2025-07-11 17:02:33', 'Inserción', 'asientos', 1),
('2025-07-11 17:02:33', 'Inserción', 'asientos', 1),
('2025-07-11 17:02:33', 'Inserción', 'asientos', 1),
('2025-07-11 17:02:33', 'Inserción', 'asientos', 1),
('2025-07-11 17:02:33', 'Inserción', 'asientos', 1),
('2025-07-11 17:02:33', 'Inserción', 'asientos', 1),
('2025-07-11 17:02:33', 'Inserción', 'asientos', 1),
('2025-07-11 17:02:33', 'Inserción', 'asientos', 1),
('2025-07-11 17:02:33', 'Inserción', 'asientos', 1),
('2025-07-11 17:02:33', 'Inserción', 'asientos', 1),
('2025-07-11 17:02:33', 'Inserción', 'asientos', 1),
('2025-07-11 17:02:33', 'Inserción', 'asientos', 1),
('2025-07-11 17:02:33', 'Inserción', 'asientos', 1),
('2025-07-11 17:02:33', 'Inserción', 'asientos', 1),
('2025-07-11 17:02:33', 'Inserción', 'asientos', 1),
('2025-07-11 17:02:33', 'Inserción', 'asientos', 1),
('2025-07-11 17:02:33', 'Inserción', 'asientos', 1),
('2025-07-11 17:02:33', 'Inserción', 'asientos', 1),
('2025-07-11 17:02:33', 'Inserción', 'asientos', 1),
('2025-07-11 17:02:33', 'Inserción', 'asientos', 1),
('2025-07-11 17:02:33', 'Inserción', 'asientos', 1),
('2025-07-11 17:02:33', 'Inserción', 'asientos', 1),
('2025-07-11 17:02:33', 'Inserción', 'asientos', 1),
('2025-07-11 17:02:33', 'Inserción', 'asientos', 1),
('2025-07-11 17:02:33', 'Inserción', 'asientos', 1),
('2025-07-11 17:02:33', 'Inserción', 'asientos', 1),
('2025-07-11 17:02:33', 'Inserción', 'asientos', 1),
('2025-07-11 17:02:33', 'Inserción', 'asientos', 1),
('2025-07-11 17:02:33', 'Inserción', 'asientos', 1),
('2025-07-11 17:02:33', 'Inserción', 'asientos', 1),
('2025-07-11 17:02:33', 'Inserción', 'asientos', 1),
('2025-07-11 17:02:33', 'Inserción', 'asientos', 1),
('2025-07-11 17:02:33', 'Inserción', 'asientos', 1),
('2025-07-11 17:02:33', 'Inserción', 'asientos', 1),
('2025-07-11 17:02:33', 'Inserción', 'asientos', 1),
('2025-07-11 17:02:33', 'Inserción', 'asientos', 1),
('2025-07-11 17:02:33', 'Inserción', 'asientos', 1),
('2025-07-11 17:02:33', 'Inserción', 'asientos', 1),
('2025-07-11 17:02:33', 'Inserción', 'asientos', 1),
('2025-07-11 17:02:33', 'Inserción', 'asientos', 1),
('2025-07-11 17:02:33', 'Inserción', 'asientos', 1),
('2025-07-11 17:02:33', 'Inserción', 'asientos', 1),
('2025-07-11 17:02:33', 'Inserción', 'asientos', 1),
('2025-07-11 17:02:33', 'Inserción', 'asientos', 1),
('2025-07-11 17:02:33', 'Inserción', 'asientos', 1),
('2025-07-11 17:02:33', 'Inserción', 'asientos', 1),
('2025-07-11 17:02:33', 'Inserción', 'asientos', 1),
('2025-07-11 17:02:33', 'Inserción', 'asientos', 1),
('2025-07-11 17:02:33', 'Inserción', 'asientos', 1),
('2025-07-11 17:02:33', 'Inserción', 'asientos', 1),
('2025-07-11 17:02:33', 'Inserción', 'asientos', 1),
('2025-07-11 17:02:33', 'Inserción', 'asientos', 1),
('2025-07-11 17:02:33', 'Inserción', 'asientos', 1),
('2025-07-11 17:02:33', 'Inserción', 'asientos', 1),
('2025-07-11 17:02:33', 'Inserción', 'asientos', 1),
('2025-07-11 17:02:33', 'Inserción', 'asientos', 1),
('2025-07-11 17:02:33', 'Inserción', 'asientos', 1),
('2025-07-11 17:02:33', 'Inserción', 'asientos', 1),
('2025-07-11 17:02:33', 'Inserción', 'asientos', 1),
('2025-07-11 17:02:33', 'Inserción', 'asientos', 1),
('2025-07-11 17:02:33', 'Inserción', 'asientos', 1),
('2025-07-11 17:02:33', 'Inserción', 'asientos', 1),
('2025-07-11 17:02:33', 'Inserción', 'asientos', 1),
('2025-07-11 17:02:33', 'Inserción', 'asientos', 1),
('2025-07-11 17:02:33', 'Inserción', 'asientos', 1),
('2025-07-11 17:02:33', 'Inserción', 'asientos', 1),
('2025-07-11 17:02:33', 'Inserción', 'asientos', 1),
('2025-07-11 17:02:33', 'Inserción', 'asientos', 1),
('2025-07-11 17:02:33', 'Inserción', 'asientos', 1),
('2025-07-11 17:02:33', 'Inserción', 'asientos', 1),
('2025-07-11 17:02:33', 'Inserción', 'asientos', 1),
('2025-07-11 17:02:33', 'Inserción', 'asientos', 1),
('2025-07-11 17:02:33', 'Inserción', 'asientos', 1),
('2025-07-11 17:02:33', 'Inserción', 'asientos', 1),
('2025-07-11 17:02:33', 'Inserción', 'asientos', 1),
('2025-07-11 17:02:33', 'Inserción', 'asientos', 1),
('2025-07-11 17:02:33', 'Inserción', 'asientos', 1),
('2025-07-11 17:02:33', 'Inserción', 'asientos', 1),
('2025-07-11 17:02:33', 'Inserción', 'asientos', 1),
('2025-07-11 17:02:33', 'Inserción', 'asientos', 1),
('2025-07-11 17:02:33', 'Inserción', 'asientos', 1),
('2025-07-11 17:02:33', 'Inserción', 'asientos', 1),
('2025-07-11 17:02:33', 'Inserción', 'asientos', 1),
('2025-07-11 17:02:33', 'Inserción', 'asientos', 1),
('2025-07-11 17:02:33', 'Inserción', 'asientos', 1),
('2025-07-11 17:02:33', 'Inserción', 'asientos', 1),
('2025-07-11 17:02:33', 'Inserción', 'asientos', 1),
('2025-07-11 17:02:33', 'Inserción', 'asientos', 1),
('2025-07-11 17:02:33', 'Inserción', 'asientos', 1),
('2025-07-11 17:02:33', 'Inserción', 'asientos', 1),
('2025-07-11 17:02:33', 'Inserción', 'asientos', 1),
('2025-07-11 17:02:33', 'Inserción', 'asientos', 1),
('2025-07-11 17:02:33', 'Inserción', 'asientos', 1),
('2025-07-11 17:02:33', 'Inserción', 'asientos', 1),
('2025-07-11 17:02:33', 'Inserción', 'asientos', 1),
('2025-07-11 17:02:33', 'Inserción', 'asientos', 1),
('2025-07-11 17:02:33', 'Inserción', 'asientos', 1),
('2025-07-11 17:02:33', 'Inserción', 'asientos', 1),
('2025-07-11 17:02:33', 'Inserción', 'asientos', 1),
('2025-07-11 17:02:33', 'Inserción', 'asientos', 1),
('2025-07-11 17:02:33', 'Inserción', 'asientos', 1),
('2025-07-11 17:02:33', 'Inserción', 'asientos', 1),
('2025-07-11 17:02:33', 'Inserción', 'asientos', 1),
('2025-07-11 17:02:33', 'Inserción', 'asientos', 1),
('2025-07-11 17:02:33', 'Inserción', 'asientos', 1),
('2025-07-11 17:02:33', 'Inserción', 'asientos', 1),
('2025-07-11 17:02:33', 'Inserción', 'asientos', 1),
('2025-07-11 17:02:33', 'Inserción', 'asientos', 1),
('2025-07-11 17:02:33', 'Inserción', 'asientos', 1),
('2025-07-11 17:02:33', 'Inserción', 'asientos', 1),
('2025-07-11 17:02:33', 'Inserción', 'asientos', 1),
('2025-07-11 17:02:33', 'Inserción', 'asientos', 1),
('2025-07-11 17:02:33', 'Inserción', 'asientos', 1),
('2025-07-11 17:02:33', 'Inserción', 'asientos', 1),
('2025-07-11 17:02:33', 'Inserción', 'asientos', 1),
('2025-07-11 17:02:33', 'Inserción', 'asientos', 1),
('2025-07-11 17:02:33', 'Inserción', 'asientos', 1),
('2025-07-11 17:02:33', 'Inserción', 'asientos', 1),
('2025-07-11 17:02:33', 'Inserción', 'asientos', 1),
('2025-07-11 17:02:33', 'Inserción', 'asientos', 1),
('2025-07-11 17:02:33', 'Inserción', 'asientos', 1),
('2025-07-11 17:02:33', 'Inserción', 'asientos', 1),
('2025-07-11 17:02:33', 'Inserción', 'asientos', 1),
('2025-07-11 17:02:33', 'Inserción', 'asientos', 1),
('2025-07-11 17:02:33', 'Inserción', 'asientos', 1),
('2025-07-11 17:02:33', 'Inserción', 'asientos', 1),
('2025-07-11 17:02:33', 'Inserción', 'asientos', 1),
('2025-07-11 17:02:33', 'Inserción', 'asientos', 1),
('2025-07-11 17:02:33', 'Inserción', 'asientos', 1),
('2025-07-11 17:02:33', 'Inserción', 'asientos', 1),
('2025-07-11 17:02:33', 'Inserción', 'asientos', 1),
('2025-07-11 17:02:33', 'Inserción', 'asientos', 1),
('2025-07-11 17:02:33', 'Inserción', 'asientos', 1),
('2025-07-11 17:02:33', 'Inserción', 'asientos', 1),
('2025-07-11 17:02:33', 'Inserción', 'asientos', 1),
('2025-07-11 17:02:33', 'Inserción', 'asientos', 1),
('2025-07-11 17:02:33', 'Inserción', 'asientos', 1),
('2025-07-11 17:02:33', 'Inserción', 'asientos', 1),
('2025-07-11 17:02:33', 'Inserción', 'asientos', 1),
('2025-07-11 17:02:33', 'Inserción', 'asientos', 1),
('2025-07-11 17:02:33', 'Inserción', 'asientos', 1),
('2025-07-11 17:02:33', 'Inserción', 'asientos', 1),
('2025-07-11 17:02:33', 'Inserción', 'asientos', 1),
('2025-07-11 17:02:33', 'Inserción', 'asientos', 1),
('2025-07-11 17:02:33', 'Inserción', 'asientos', 1),
('2025-07-11 17:02:33', 'Inserción', 'asientos', 1),
('2025-07-11 17:02:33', 'Inserción', 'asientos', 1),
('2025-07-11 17:02:33', 'Inserción', 'asientos', 1),
('2025-07-11 17:02:33', 'Inserción', 'asientos', 1),
('2025-07-11 17:02:33', 'Inserción', 'asientos', 1),
('2025-07-11 17:02:33', 'Inserción', 'asientos', 1),
('2025-07-11 17:02:33', 'Inserción', 'asientos', 1),
('2025-07-11 17:02:33', 'Inserción', 'asientos', 1),
('2025-07-11 17:02:33', 'Inserción', 'asientos', 1),
('2025-07-11 17:02:33', 'Inserción', 'asientos', 1),
('2025-07-11 17:02:33', 'Inserción', 'asientos', 1),
('2025-07-11 17:02:33', 'Inserción', 'asientos', 1),
('2025-07-11 17:02:33', 'Inserción', 'asientos', 1),
('2025-07-11 17:02:33', 'Inserción', 'asientos', 1),
('2025-07-11 17:02:33', 'Inserción', 'asientos', 1),
('2025-07-11 17:02:33', 'Inserción', 'asientos', 1),
('2025-07-11 17:02:33', 'Inserción', 'asientos', 1),
('2025-07-11 17:02:33', 'Inserción', 'asientos', 1),
('2025-07-11 17:02:33', 'Inserción', 'asientos', 1),
('2025-07-11 17:02:33', 'Inserción', 'asientos', 1),
('2025-07-11 17:02:33', 'Inserción', 'asientos', 1),
('2025-07-11 17:02:33', 'Inserción', 'asientos', 1),
('2025-07-11 17:02:33', 'Inserción', 'asientos', 1),
('2025-07-11 17:02:33', 'Inserción', 'asientos', 1),
('2025-07-11 17:02:33', 'Inserción', 'asientos', 1),
('2025-07-11 17:02:33', 'Inserción', 'asientos', 1),
('2025-07-11 17:02:33', 'Inserción', 'asientos', 1),
('2025-07-11 17:02:33', 'Inserción', 'asientos', 1),
('2025-07-11 17:02:33', 'Inserción', 'asientos', 1),
('2025-07-11 17:02:33', 'Inserción', 'asientos', 1),
('2025-07-11 17:02:33', 'Inserción', 'asientos', 1),
('2025-07-11 17:02:33', 'Inserción', 'asientos', 1),
('2025-07-11 17:02:33', 'Inserción', 'asientos', 1),
('2025-07-11 17:02:33', 'Inserción', 'asientos', 1),
('2025-07-11 17:02:33', 'Inserción', 'asientos', 1),
('2025-07-11 17:02:33', 'Inserción', 'asientos', 1),
('2025-07-11 17:02:33', 'Inserción', 'asientos', 1),
('2025-07-11 17:02:33', 'Inserción', 'asientos', 1),
('2025-07-11 17:02:33', 'Inserción', 'asientos', 1),
('2025-07-11 17:02:33', 'Inserción', 'asientos', 1),
('2025-07-11 17:02:33', 'Inserción', 'asientos', 1),
('2025-07-11 17:02:33', 'Inserción', 'asientos', 1),
('2025-07-11 17:02:33', 'Inserción', 'asientos', 1),
('2025-07-11 17:02:33', 'Inserción', 'asientos', 1),
('2025-07-11 17:02:33', 'Inserción', 'asientos', 1),
('2025-07-11 17:02:33', 'Inserción', 'asientos', 1),
('2025-07-11 17:02:33', 'Inserción', 'asientos', 1),
('2025-07-11 17:02:33', 'Inserción', 'asientos', 1),
('2025-07-11 17:02:33', 'Inserción', 'asientos', 1),
('2025-07-11 17:02:33', 'Inserción', 'asientos', 1),
('2025-07-11 17:02:33', 'Inserción', 'asientos', 1),
('2025-07-11 17:02:33', 'Inserción', 'asientos', 1),
('2025-07-11 17:02:33', 'Inserción', 'asientos', 1),
('2025-07-11 17:02:33', 'Inserción', 'asientos', 1),
('2025-07-11 17:02:33', 'Inserción', 'asientos', 1),
('2025-07-11 17:02:33', 'Inserción', 'asientos', 1),
('2025-07-11 17:02:33', 'Inserción', 'asientos', 1),
('2025-07-11 17:02:33', 'Inserción', 'asientos', 1),
('2025-07-11 17:02:33', 'Inserción', 'asientos', 1),
('2025-07-11 17:02:33', 'Inserción', 'asientos', 1),
('2025-07-11 17:02:33', 'Inserción', 'asientos', 1),
('2025-07-11 17:02:33', 'Inserción', 'asientos', 1),
('2025-07-11 17:02:33', 'Inserción', 'asientos', 1),
('2025-07-11 17:02:33', 'Inserción', 'asientos', 1),
('2025-07-11 17:02:33', 'Inserción', 'asientos', 1),
('2025-07-11 17:02:33', 'Inserción', 'asientos', 1),
('2025-07-11 17:02:33', 'Inserción', 'asientos', 1),
('2025-07-11 17:02:33', 'Inserción', 'asientos', 1),
('2025-07-11 17:02:33', 'Inserción', 'asientos', 1),
('2025-07-11 17:02:33', 'Inserción', 'asientos', 1),
('2025-07-11 17:02:33', 'Inserción', 'asientos', 1),
('2025-07-11 17:02:33', 'Inserción', 'asientos', 1),
('2025-07-11 17:02:33', 'Inserción', 'asientos', 1),
('2025-07-11 17:02:33', 'Inserción', 'asientos', 1),
('2025-07-11 17:02:33', 'Inserción', 'asientos', 1),
('2025-07-11 17:02:33', 'Inserción', 'asientos', 1),
('2025-07-11 17:02:33', 'Inserción', 'asientos', 1),
('2025-07-11 17:02:33', 'Inserción', 'asientos', 1),
('2025-07-11 17:02:33', 'Inserción', 'asientos', 1),
('2025-07-11 17:02:33', 'Inserción', 'asientos', 1),
('2025-07-11 17:02:33', 'Inserción', 'asientos', 1),
('2025-07-11 17:02:33', 'Inserción', 'asientos', 1),
('2025-07-11 17:02:33', 'Inserción', 'asientos', 1),
('2025-07-11 17:02:33', 'Inserción', 'asientos', 1),
('2025-07-11 17:02:33', 'Inserción', 'asientos', 1),
('2025-07-11 17:02:33', 'Inserción', 'asientos', 1),
('2025-07-11 17:02:33', 'Inserción', 'asientos', 1),
('2025-07-11 17:02:33', 'Inserción', 'asientos', 1),
('2025-07-11 17:02:33', 'Inserción', 'asientos', 1),
('2025-07-11 17:02:33', 'Inserción', 'asientos', 1),
('2025-07-11 17:02:33', 'Inserción', 'asientos', 1),
('2025-07-11 17:02:33', 'Inserción', 'asientos', 1),
('2025-07-11 17:02:33', 'Inserción', 'asientos', 1),
('2025-07-11 17:02:33', 'Inserción', 'asientos', 1),
('2025-07-11 17:02:33', 'Inserción', 'asientos', 1),
('2025-07-11 17:02:33', 'Inserción', 'asientos', 1),
('2025-07-11 17:02:33', 'Inserción', 'asientos', 1),
('2025-07-11 17:02:33', 'Inserción', 'asientos', 1),
('2025-07-11 17:02:33', 'Inserción', 'asientos', 1),
('2025-07-11 17:02:33', 'Inserción', 'asientos', 1),
('2025-07-11 17:02:33', 'Inserción', 'asientos', 1),
('2025-07-11 17:02:33', 'Inserción', 'asientos', 1),
('2025-07-11 17:02:33', 'Inserción', 'asientos', 1),
('2025-07-11 17:02:33', 'Inserción', 'asientos', 1),
('2025-07-11 17:02:33', 'Inserción', 'asientos', 1),
('2025-07-11 17:02:33', 'Inserción', 'asientos', 1),
('2025-07-11 17:02:33', 'Inserción', 'asientos', 1),
('2025-07-11 17:02:33', 'Inserción', 'asientos', 1),
('2025-07-11 17:02:33', 'Inserción', 'asientos', 1),
('2025-07-11 17:02:33', 'Inserción', 'asientos', 1),
('2025-07-11 17:02:33', 'Inserción', 'asientos', 1),
('2025-07-11 17:02:33', 'Inserción', 'asientos', 1),
('2025-07-11 17:02:33', 'Inserción', 'asientos', 1),
('2025-07-11 17:02:33', 'Inserción', 'asientos', 1),
('2025-07-11 17:02:33', 'Inserción', 'asientos', 1),
('2025-07-11 17:02:33', 'Inserción', 'asientos', 1),
('2025-07-11 17:02:33', 'Inserción', 'asientos', 1),
('2025-07-11 17:02:33', 'Inserción', 'asientos', 1),
('2025-07-11 17:02:33', 'Inserción', 'asientos', 1),
('2025-07-11 17:02:33', 'Inserción', 'asientos', 1),
('2025-07-11 17:02:33', 'Inserción', 'asientos', 1),
('2025-07-11 17:02:33', 'Inserción', 'asientos', 1);
INSERT INTO `historial` (`fecha`, `accion`, `tabla`, `cantidad`) VALUES
('2025-07-11 17:02:33', 'Inserción', 'asientos', 1),
('2025-07-11 17:04:34', 'Borrado', 'asientos', 1),
('2025-07-11 17:04:34', 'Borrado', 'asientos', 1),
('2025-07-11 17:04:34', 'Borrado', 'asientos', 1),
('2025-07-11 17:04:34', 'Borrado', 'asientos', 1),
('2025-07-11 17:04:34', 'Borrado', 'asientos', 1),
('2025-07-11 17:04:34', 'Borrado', 'asientos', 1),
('2025-07-11 17:04:34', 'Borrado', 'asientos', 1),
('2025-07-11 17:04:34', 'Borrado', 'asientos', 1),
('2025-07-11 17:04:34', 'Borrado', 'asientos', 1),
('2025-07-11 17:04:34', 'Borrado', 'asientos', 1),
('2025-07-11 17:04:34', 'Borrado', 'asientos', 1),
('2025-07-11 17:04:34', 'Borrado', 'asientos', 1),
('2025-07-11 17:04:34', 'Borrado', 'asientos', 1),
('2025-07-11 17:04:34', 'Borrado', 'asientos', 1),
('2025-07-11 17:04:34', 'Borrado', 'asientos', 1),
('2025-07-11 17:04:34', 'Borrado', 'asientos', 1),
('2025-07-11 17:04:34', 'Borrado', 'asientos', 1),
('2025-07-11 17:04:34', 'Borrado', 'asientos', 1),
('2025-07-11 17:04:34', 'Borrado', 'asientos', 1),
('2025-07-11 17:04:34', 'Borrado', 'asientos', 1),
('2025-07-11 17:04:34', 'Borrado', 'asientos', 1),
('2025-07-11 17:04:34', 'Borrado', 'asientos', 1),
('2025-07-11 17:04:34', 'Borrado', 'asientos', 1),
('2025-07-11 17:04:34', 'Borrado', 'asientos', 1),
('2025-07-11 17:04:34', 'Borrado', 'asientos', 1),
('2025-07-11 17:04:34', 'Borrado', 'asientos', 1),
('2025-07-11 17:04:34', 'Borrado', 'asientos', 1),
('2025-07-11 17:04:34', 'Borrado', 'asientos', 1),
('2025-07-11 17:04:34', 'Borrado', 'asientos', 1),
('2025-07-11 17:04:34', 'Borrado', 'asientos', 1),
('2025-07-11 17:04:34', 'Borrado', 'asientos', 1),
('2025-07-11 17:04:34', 'Borrado', 'asientos', 1),
('2025-07-11 17:04:34', 'Borrado', 'asientos', 1),
('2025-07-11 17:04:34', 'Borrado', 'asientos', 1),
('2025-07-11 17:04:34', 'Borrado', 'asientos', 1),
('2025-07-11 17:04:34', 'Borrado', 'asientos', 1),
('2025-07-11 17:04:34', 'Borrado', 'asientos', 1),
('2025-07-11 17:04:34', 'Borrado', 'asientos', 1),
('2025-07-11 17:04:34', 'Borrado', 'asientos', 1),
('2025-07-11 17:04:34', 'Borrado', 'asientos', 1),
('2025-07-11 17:04:34', 'Borrado', 'asientos', 1),
('2025-07-11 17:04:34', 'Borrado', 'asientos', 1),
('2025-07-11 17:04:34', 'Borrado', 'asientos', 1),
('2025-07-11 17:04:34', 'Borrado', 'asientos', 1),
('2025-07-11 17:04:34', 'Borrado', 'asientos', 1),
('2025-07-11 17:04:34', 'Borrado', 'asientos', 1),
('2025-07-11 17:04:34', 'Borrado', 'asientos', 1),
('2025-07-11 17:04:34', 'Borrado', 'asientos', 1),
('2025-07-11 17:04:34', 'Borrado', 'asientos', 1),
('2025-07-11 17:04:34', 'Borrado', 'asientos', 1),
('2025-07-11 17:04:34', 'Borrado', 'asientos', 1),
('2025-07-11 17:04:34', 'Borrado', 'asientos', 1),
('2025-07-11 17:04:34', 'Borrado', 'asientos', 1),
('2025-07-11 17:04:34', 'Borrado', 'asientos', 1),
('2025-07-11 17:04:34', 'Borrado', 'asientos', 1),
('2025-07-11 17:04:34', 'Borrado', 'asientos', 1),
('2025-07-11 17:04:34', 'Borrado', 'asientos', 1),
('2025-07-11 17:04:34', 'Borrado', 'asientos', 1),
('2025-07-11 17:04:34', 'Borrado', 'asientos', 1),
('2025-07-11 17:04:34', 'Borrado', 'asientos', 1),
('2025-07-11 17:04:34', 'Borrado', 'asientos', 1),
('2025-07-11 17:04:34', 'Borrado', 'asientos', 1),
('2025-07-11 17:04:34', 'Borrado', 'asientos', 1),
('2025-07-11 17:04:34', 'Borrado', 'asientos', 1),
('2025-07-11 17:04:34', 'Borrado', 'asientos', 1),
('2025-07-11 17:04:34', 'Borrado', 'asientos', 1),
('2025-07-11 17:04:34', 'Borrado', 'asientos', 1),
('2025-07-11 17:04:34', 'Borrado', 'asientos', 1),
('2025-07-11 17:04:34', 'Borrado', 'asientos', 1),
('2025-07-11 17:04:34', 'Borrado', 'asientos', 1),
('2025-07-11 17:04:34', 'Borrado', 'asientos', 1),
('2025-07-11 17:04:34', 'Borrado', 'asientos', 1),
('2025-07-11 17:04:34', 'Borrado', 'asientos', 1),
('2025-07-11 17:04:34', 'Borrado', 'asientos', 1),
('2025-07-11 17:04:34', 'Borrado', 'asientos', 1),
('2025-07-11 17:04:34', 'Borrado', 'asientos', 1),
('2025-07-11 17:04:34', 'Borrado', 'asientos', 1),
('2025-07-11 17:04:34', 'Borrado', 'asientos', 1),
('2025-07-11 17:04:34', 'Borrado', 'asientos', 1),
('2025-07-11 17:04:34', 'Borrado', 'asientos', 1),
('2025-07-11 17:04:34', 'Borrado', 'asientos', 1),
('2025-07-11 17:04:34', 'Borrado', 'asientos', 1),
('2025-07-11 17:04:34', 'Borrado', 'asientos', 1),
('2025-07-11 17:04:34', 'Borrado', 'asientos', 1),
('2025-07-11 17:04:34', 'Borrado', 'asientos', 1),
('2025-07-11 17:04:34', 'Borrado', 'asientos', 1),
('2025-07-11 17:04:34', 'Borrado', 'asientos', 1),
('2025-07-11 17:04:34', 'Borrado', 'asientos', 1),
('2025-07-11 17:04:34', 'Borrado', 'asientos', 1),
('2025-07-11 17:04:34', 'Borrado', 'asientos', 1),
('2025-07-11 17:04:34', 'Borrado', 'asientos', 1),
('2025-07-11 17:04:34', 'Borrado', 'asientos', 1),
('2025-07-11 17:04:34', 'Borrado', 'asientos', 1),
('2025-07-11 17:04:34', 'Borrado', 'asientos', 1),
('2025-07-11 17:04:34', 'Borrado', 'asientos', 1),
('2025-07-11 17:04:34', 'Borrado', 'asientos', 1),
('2025-07-11 17:04:34', 'Borrado', 'asientos', 1),
('2025-07-11 17:04:34', 'Borrado', 'asientos', 1),
('2025-07-11 17:04:34', 'Borrado', 'asientos', 1),
('2025-07-11 17:04:34', 'Borrado', 'asientos', 1),
('2025-07-11 17:04:34', 'Borrado', 'asientos', 1),
('2025-07-11 17:04:34', 'Borrado', 'asientos', 1),
('2025-07-11 17:04:34', 'Borrado', 'asientos', 1),
('2025-07-11 17:04:34', 'Borrado', 'asientos', 1),
('2025-07-11 17:04:34', 'Borrado', 'asientos', 1),
('2025-07-11 17:04:34', 'Borrado', 'asientos', 1),
('2025-07-11 17:04:34', 'Borrado', 'asientos', 1),
('2025-07-11 17:04:34', 'Borrado', 'asientos', 1),
('2025-07-11 17:04:34', 'Borrado', 'asientos', 1),
('2025-07-11 17:04:34', 'Borrado', 'asientos', 1),
('2025-07-11 17:04:34', 'Borrado', 'asientos', 1),
('2025-07-11 17:04:34', 'Borrado', 'asientos', 1),
('2025-07-11 17:04:34', 'Borrado', 'asientos', 1),
('2025-07-11 17:04:34', 'Borrado', 'asientos', 1),
('2025-07-11 17:04:34', 'Borrado', 'asientos', 1),
('2025-07-11 17:04:34', 'Borrado', 'asientos', 1),
('2025-07-11 17:04:34', 'Borrado', 'asientos', 1),
('2025-07-11 17:04:34', 'Borrado', 'asientos', 1),
('2025-07-11 17:04:34', 'Borrado', 'asientos', 1),
('2025-07-11 17:04:34', 'Borrado', 'asientos', 1),
('2025-07-11 17:04:34', 'Borrado', 'asientos', 1),
('2025-07-11 17:04:34', 'Borrado', 'asientos', 1),
('2025-07-11 17:04:34', 'Borrado', 'asientos', 1),
('2025-07-11 17:04:34', 'Borrado', 'asientos', 1),
('2025-07-11 17:04:34', 'Borrado', 'asientos', 1),
('2025-07-11 17:04:34', 'Borrado', 'asientos', 1),
('2025-07-11 17:04:34', 'Borrado', 'asientos', 1),
('2025-07-11 17:04:34', 'Borrado', 'asientos', 1),
('2025-07-11 17:04:34', 'Borrado', 'asientos', 1),
('2025-07-11 17:04:34', 'Borrado', 'asientos', 1),
('2025-07-11 17:04:34', 'Borrado', 'asientos', 1),
('2025-07-11 17:04:34', 'Borrado', 'asientos', 1),
('2025-07-11 17:04:34', 'Borrado', 'asientos', 1),
('2025-07-11 17:04:34', 'Borrado', 'asientos', 1),
('2025-07-11 17:04:34', 'Borrado', 'asientos', 1),
('2025-07-11 17:04:34', 'Borrado', 'asientos', 1),
('2025-07-11 17:04:34', 'Borrado', 'asientos', 1),
('2025-07-11 17:04:34', 'Borrado', 'asientos', 1),
('2025-07-11 17:04:34', 'Borrado', 'asientos', 1),
('2025-07-11 17:04:34', 'Borrado', 'asientos', 1),
('2025-07-11 17:04:34', 'Borrado', 'asientos', 1),
('2025-07-11 17:04:34', 'Borrado', 'asientos', 1),
('2025-07-11 17:04:34', 'Borrado', 'asientos', 1),
('2025-07-11 17:04:34', 'Borrado', 'asientos', 1),
('2025-07-11 17:04:34', 'Borrado', 'asientos', 1),
('2025-07-11 17:04:34', 'Borrado', 'asientos', 1),
('2025-07-11 17:04:34', 'Borrado', 'asientos', 1),
('2025-07-11 17:04:34', 'Borrado', 'asientos', 1),
('2025-07-11 17:04:34', 'Borrado', 'asientos', 1),
('2025-07-11 17:04:34', 'Borrado', 'asientos', 1),
('2025-07-11 17:04:34', 'Borrado', 'asientos', 1),
('2025-07-11 17:04:34', 'Borrado', 'asientos', 1),
('2025-07-11 17:04:34', 'Borrado', 'asientos', 1),
('2025-07-11 17:04:34', 'Borrado', 'asientos', 1),
('2025-07-11 17:04:34', 'Borrado', 'asientos', 1),
('2025-07-11 17:04:34', 'Borrado', 'asientos', 1),
('2025-07-11 17:04:34', 'Borrado', 'asientos', 1),
('2025-07-11 17:04:34', 'Borrado', 'asientos', 1),
('2025-07-11 17:04:34', 'Borrado', 'asientos', 1),
('2025-07-11 17:04:34', 'Borrado', 'asientos', 1),
('2025-07-11 17:04:34', 'Borrado', 'asientos', 1),
('2025-07-11 17:04:34', 'Borrado', 'asientos', 1),
('2025-07-11 17:04:34', 'Borrado', 'asientos', 1),
('2025-07-11 17:04:34', 'Borrado', 'asientos', 1),
('2025-07-11 17:04:34', 'Borrado', 'asientos', 1),
('2025-07-11 17:04:34', 'Borrado', 'asientos', 1),
('2025-07-11 17:04:34', 'Borrado', 'asientos', 1),
('2025-07-11 17:04:34', 'Borrado', 'asientos', 1),
('2025-07-11 17:04:34', 'Borrado', 'asientos', 1),
('2025-07-11 17:04:34', 'Borrado', 'asientos', 1),
('2025-07-11 17:04:34', 'Borrado', 'asientos', 1),
('2025-07-11 17:04:34', 'Borrado', 'asientos', 1),
('2025-07-11 17:04:34', 'Borrado', 'asientos', 1),
('2025-07-11 17:04:34', 'Borrado', 'asientos', 1),
('2025-07-11 17:04:34', 'Borrado', 'asientos', 1),
('2025-07-11 17:04:34', 'Borrado', 'asientos', 1),
('2025-07-11 17:04:34', 'Borrado', 'asientos', 1),
('2025-07-11 17:04:34', 'Borrado', 'asientos', 1),
('2025-07-11 17:04:34', 'Borrado', 'asientos', 1),
('2025-07-11 17:04:34', 'Borrado', 'asientos', 1),
('2025-07-11 17:04:34', 'Borrado', 'asientos', 1),
('2025-07-11 17:04:34', 'Borrado', 'asientos', 1),
('2025-07-11 17:04:34', 'Borrado', 'asientos', 1),
('2025-07-11 17:04:34', 'Borrado', 'asientos', 1),
('2025-07-11 17:04:34', 'Borrado', 'asientos', 1),
('2025-07-11 17:04:34', 'Borrado', 'asientos', 1),
('2025-07-11 17:04:34', 'Borrado', 'asientos', 1),
('2025-07-11 17:04:34', 'Borrado', 'asientos', 1),
('2025-07-11 17:04:34', 'Borrado', 'asientos', 1),
('2025-07-11 17:04:34', 'Borrado', 'asientos', 1),
('2025-07-11 17:04:34', 'Borrado', 'asientos', 1),
('2025-07-11 17:04:34', 'Borrado', 'asientos', 1),
('2025-07-11 17:04:34', 'Borrado', 'asientos', 1),
('2025-07-11 17:04:34', 'Borrado', 'asientos', 1),
('2025-07-11 17:04:34', 'Borrado', 'asientos', 1),
('2025-07-11 17:04:34', 'Borrado', 'asientos', 1),
('2025-07-11 17:04:34', 'Borrado', 'asientos', 1),
('2025-07-11 17:04:34', 'Borrado', 'asientos', 1),
('2025-07-11 17:04:34', 'Borrado', 'asientos', 1),
('2025-07-11 17:04:34', 'Borrado', 'asientos', 1),
('2025-07-11 17:04:34', 'Inserción', 'asientos', 1),
('2025-07-11 17:04:34', 'Inserción', 'asientos', 1),
('2025-07-11 17:04:34', 'Inserción', 'asientos', 1),
('2025-07-11 17:04:34', 'Inserción', 'asientos', 1),
('2025-07-11 17:04:34', 'Inserción', 'asientos', 1),
('2025-07-11 17:04:34', 'Inserción', 'asientos', 1),
('2025-07-11 17:04:34', 'Inserción', 'asientos', 1),
('2025-07-11 17:04:34', 'Inserción', 'asientos', 1),
('2025-07-11 17:04:34', 'Inserción', 'asientos', 1),
('2025-07-11 17:04:34', 'Inserción', 'asientos', 1),
('2025-07-11 17:04:34', 'Inserción', 'asientos', 1),
('2025-07-11 17:04:34', 'Inserción', 'asientos', 1),
('2025-07-11 17:04:34', 'Inserción', 'asientos', 1),
('2025-07-11 17:04:34', 'Inserción', 'asientos', 1),
('2025-07-11 17:04:34', 'Inserción', 'asientos', 1),
('2025-07-11 17:04:34', 'Inserción', 'asientos', 1),
('2025-07-11 17:04:34', 'Inserción', 'asientos', 1),
('2025-07-11 17:04:34', 'Inserción', 'asientos', 1),
('2025-07-11 17:04:34', 'Inserción', 'asientos', 1),
('2025-07-11 17:04:34', 'Inserción', 'asientos', 1),
('2025-07-11 17:04:34', 'Inserción', 'asientos', 1),
('2025-07-11 17:04:34', 'Inserción', 'asientos', 1),
('2025-07-11 17:04:34', 'Inserción', 'asientos', 1),
('2025-07-11 17:04:34', 'Inserción', 'asientos', 1),
('2025-07-11 17:04:34', 'Inserción', 'asientos', 1),
('2025-07-11 17:04:34', 'Inserción', 'asientos', 1),
('2025-07-11 17:04:34', 'Inserción', 'asientos', 1),
('2025-07-11 17:04:34', 'Inserción', 'asientos', 1),
('2025-07-11 17:04:34', 'Inserción', 'asientos', 1),
('2025-07-11 17:04:34', 'Inserción', 'asientos', 1),
('2025-07-11 17:04:34', 'Inserción', 'asientos', 1),
('2025-07-11 17:04:34', 'Inserción', 'asientos', 1),
('2025-07-11 17:04:34', 'Inserción', 'asientos', 1),
('2025-07-11 17:04:34', 'Inserción', 'asientos', 1),
('2025-07-11 17:04:34', 'Inserción', 'asientos', 1),
('2025-07-11 17:04:34', 'Inserción', 'asientos', 1),
('2025-07-11 17:04:34', 'Inserción', 'asientos', 1),
('2025-07-11 17:04:34', 'Inserción', 'asientos', 1),
('2025-07-11 17:04:34', 'Inserción', 'asientos', 1),
('2025-07-11 17:04:34', 'Inserción', 'asientos', 1),
('2025-07-11 17:04:34', 'Inserción', 'asientos', 1),
('2025-07-11 17:04:34', 'Inserción', 'asientos', 1),
('2025-07-11 17:04:34', 'Inserción', 'asientos', 1),
('2025-07-11 17:04:34', 'Inserción', 'asientos', 1),
('2025-07-11 17:04:34', 'Inserción', 'asientos', 1),
('2025-07-11 17:04:34', 'Inserción', 'asientos', 1),
('2025-07-11 17:04:34', 'Inserción', 'asientos', 1),
('2025-07-11 17:04:34', 'Inserción', 'asientos', 1),
('2025-07-11 17:04:34', 'Inserción', 'asientos', 1),
('2025-07-11 17:04:34', 'Inserción', 'asientos', 1),
('2025-07-11 17:04:34', 'Inserción', 'asientos', 1),
('2025-07-11 17:04:34', 'Inserción', 'asientos', 1),
('2025-07-11 17:04:34', 'Inserción', 'asientos', 1),
('2025-07-11 17:04:34', 'Inserción', 'asientos', 1),
('2025-07-11 17:04:34', 'Inserción', 'asientos', 1),
('2025-07-11 17:04:34', 'Inserción', 'asientos', 1),
('2025-07-11 17:04:34', 'Inserción', 'asientos', 1),
('2025-07-11 17:04:34', 'Inserción', 'asientos', 1),
('2025-07-11 17:04:34', 'Inserción', 'asientos', 1),
('2025-07-11 17:04:34', 'Inserción', 'asientos', 1),
('2025-07-11 17:04:34', 'Inserción', 'asientos', 1),
('2025-07-11 17:04:34', 'Inserción', 'asientos', 1),
('2025-07-11 17:04:34', 'Inserción', 'asientos', 1),
('2025-07-11 17:04:34', 'Inserción', 'asientos', 1),
('2025-07-11 17:04:34', 'Inserción', 'asientos', 1),
('2025-07-11 17:04:34', 'Inserción', 'asientos', 1),
('2025-07-11 17:04:34', 'Inserción', 'asientos', 1),
('2025-07-11 17:04:34', 'Inserción', 'asientos', 1),
('2025-07-11 17:04:34', 'Inserción', 'asientos', 1),
('2025-07-11 17:04:34', 'Inserción', 'asientos', 1),
('2025-07-11 17:04:34', 'Inserción', 'asientos', 1),
('2025-07-11 17:04:34', 'Inserción', 'asientos', 1),
('2025-07-11 17:04:34', 'Inserción', 'asientos', 1),
('2025-07-11 17:04:34', 'Inserción', 'asientos', 1),
('2025-07-11 17:04:34', 'Inserción', 'asientos', 1),
('2025-07-11 17:04:34', 'Inserción', 'asientos', 1),
('2025-07-11 17:04:34', 'Inserción', 'asientos', 1),
('2025-07-11 17:04:34', 'Inserción', 'asientos', 1),
('2025-07-11 17:04:34', 'Inserción', 'asientos', 1),
('2025-07-11 17:04:34', 'Inserción', 'asientos', 1),
('2025-07-11 17:04:34', 'Inserción', 'asientos', 1),
('2025-07-11 17:04:34', 'Inserción', 'asientos', 1),
('2025-07-11 17:04:34', 'Inserción', 'asientos', 1),
('2025-07-11 17:04:34', 'Inserción', 'asientos', 1),
('2025-07-11 17:04:34', 'Inserción', 'asientos', 1),
('2025-07-11 17:04:34', 'Inserción', 'asientos', 1),
('2025-07-11 17:04:34', 'Inserción', 'asientos', 1),
('2025-07-11 17:04:34', 'Inserción', 'asientos', 1),
('2025-07-11 17:04:34', 'Inserción', 'asientos', 1),
('2025-07-11 17:04:34', 'Inserción', 'asientos', 1),
('2025-07-11 17:04:34', 'Inserción', 'asientos', 1),
('2025-07-11 17:04:34', 'Inserción', 'asientos', 1),
('2025-07-11 17:04:34', 'Inserción', 'asientos', 1),
('2025-07-11 17:04:34', 'Inserción', 'asientos', 1),
('2025-07-11 17:04:34', 'Inserción', 'asientos', 1),
('2025-07-11 17:04:34', 'Inserción', 'asientos', 1),
('2025-07-11 17:04:34', 'Inserción', 'asientos', 1),
('2025-07-11 17:04:34', 'Inserción', 'asientos', 1),
('2025-07-11 17:04:34', 'Inserción', 'asientos', 1),
('2025-07-11 17:04:34', 'Inserción', 'asientos', 1),
('2025-07-11 17:04:34', 'Inserción', 'asientos', 1),
('2025-07-11 17:04:34', 'Inserción', 'asientos', 1),
('2025-07-11 17:04:34', 'Inserción', 'asientos', 1),
('2025-07-11 17:04:34', 'Inserción', 'asientos', 1),
('2025-07-11 17:04:34', 'Inserción', 'asientos', 1),
('2025-07-11 17:04:34', 'Inserción', 'asientos', 1),
('2025-07-11 17:04:34', 'Inserción', 'asientos', 1),
('2025-07-11 17:04:34', 'Inserción', 'asientos', 1),
('2025-07-11 17:04:34', 'Inserción', 'asientos', 1),
('2025-07-11 17:04:34', 'Inserción', 'asientos', 1),
('2025-07-11 17:04:34', 'Inserción', 'asientos', 1),
('2025-07-11 17:04:34', 'Inserción', 'asientos', 1),
('2025-07-11 17:04:34', 'Inserción', 'asientos', 1),
('2025-07-11 17:04:34', 'Inserción', 'asientos', 1),
('2025-07-11 17:04:34', 'Inserción', 'asientos', 1),
('2025-07-11 17:04:34', 'Inserción', 'asientos', 1),
('2025-07-11 17:04:34', 'Inserción', 'asientos', 1),
('2025-07-11 17:04:34', 'Inserción', 'asientos', 1),
('2025-07-11 17:04:34', 'Inserción', 'asientos', 1),
('2025-07-11 17:04:34', 'Inserción', 'asientos', 1),
('2025-07-11 17:04:34', 'Inserción', 'asientos', 1),
('2025-07-11 17:04:34', 'Inserción', 'asientos', 1),
('2025-07-11 17:04:34', 'Inserción', 'asientos', 1),
('2025-07-11 17:04:34', 'Inserción', 'asientos', 1),
('2025-07-11 17:04:34', 'Inserción', 'asientos', 1),
('2025-07-11 17:04:34', 'Inserción', 'asientos', 1),
('2025-07-11 17:04:34', 'Inserción', 'asientos', 1),
('2025-07-11 17:04:34', 'Inserción', 'asientos', 1),
('2025-07-11 17:04:34', 'Inserción', 'asientos', 1),
('2025-07-11 17:04:34', 'Inserción', 'asientos', 1),
('2025-07-11 17:04:34', 'Inserción', 'asientos', 1),
('2025-07-11 17:04:34', 'Inserción', 'asientos', 1),
('2025-07-11 17:04:34', 'Inserción', 'asientos', 1),
('2025-07-11 17:04:34', 'Inserción', 'asientos', 1),
('2025-07-11 17:04:34', 'Inserción', 'asientos', 1),
('2025-07-11 17:04:34', 'Inserción', 'asientos', 1),
('2025-07-11 17:04:34', 'Inserción', 'asientos', 1),
('2025-07-11 17:04:34', 'Inserción', 'asientos', 1),
('2025-07-11 17:04:34', 'Inserción', 'asientos', 1),
('2025-07-11 17:04:34', 'Inserción', 'asientos', 1),
('2025-07-11 17:04:34', 'Inserción', 'asientos', 1),
('2025-07-11 17:04:34', 'Inserción', 'asientos', 1),
('2025-07-11 17:04:34', 'Inserción', 'asientos', 1),
('2025-07-11 17:04:34', 'Inserción', 'asientos', 1),
('2025-07-11 17:04:34', 'Inserción', 'asientos', 1),
('2025-07-11 17:04:34', 'Inserción', 'asientos', 1),
('2025-07-11 17:04:34', 'Inserción', 'asientos', 1),
('2025-07-11 17:04:34', 'Inserción', 'asientos', 1),
('2025-07-11 17:04:34', 'Inserción', 'asientos', 1),
('2025-07-11 17:04:34', 'Inserción', 'asientos', 1),
('2025-07-11 17:04:34', 'Inserción', 'asientos', 1),
('2025-07-11 17:04:34', 'Inserción', 'asientos', 1),
('2025-07-11 17:04:34', 'Inserción', 'asientos', 1),
('2025-07-11 17:04:34', 'Inserción', 'asientos', 1),
('2025-07-11 17:04:34', 'Inserción', 'asientos', 1),
('2025-07-11 17:04:34', 'Inserción', 'asientos', 1),
('2025-07-11 17:04:34', 'Inserción', 'asientos', 1),
('2025-07-11 17:04:34', 'Inserción', 'asientos', 1),
('2025-07-11 17:04:34', 'Inserción', 'asientos', 1),
('2025-07-11 17:04:34', 'Inserción', 'asientos', 1),
('2025-07-11 17:04:34', 'Inserción', 'asientos', 1),
('2025-07-11 17:04:34', 'Inserción', 'asientos', 1),
('2025-07-11 17:04:34', 'Inserción', 'asientos', 1),
('2025-07-11 17:04:34', 'Inserción', 'asientos', 1),
('2025-07-11 17:04:34', 'Inserción', 'asientos', 1),
('2025-07-11 17:04:34', 'Inserción', 'asientos', 1),
('2025-07-11 17:04:34', 'Inserción', 'asientos', 1),
('2025-07-11 17:04:34', 'Inserción', 'asientos', 1),
('2025-07-11 17:04:34', 'Inserción', 'asientos', 1),
('2025-07-11 17:04:34', 'Inserción', 'asientos', 1),
('2025-07-11 17:04:34', 'Inserción', 'asientos', 1),
('2025-07-11 17:04:34', 'Inserción', 'asientos', 1),
('2025-07-11 17:04:34', 'Inserción', 'asientos', 1),
('2025-07-11 17:04:34', 'Inserción', 'asientos', 1),
('2025-07-11 17:04:34', 'Inserción', 'asientos', 1),
('2025-07-11 17:04:34', 'Inserción', 'asientos', 1),
('2025-07-11 17:04:34', 'Inserción', 'asientos', 1),
('2025-07-11 17:04:34', 'Inserción', 'asientos', 1),
('2025-07-11 17:04:34', 'Inserción', 'asientos', 1),
('2025-07-11 17:04:34', 'Inserción', 'asientos', 1),
('2025-07-11 17:04:34', 'Inserción', 'asientos', 1),
('2025-07-11 17:04:34', 'Inserción', 'asientos', 1),
('2025-07-11 17:04:34', 'Inserción', 'asientos', 1),
('2025-07-11 17:04:34', 'Inserción', 'asientos', 1),
('2025-07-11 17:04:34', 'Inserción', 'asientos', 1),
('2025-07-11 17:04:34', 'Inserción', 'asientos', 1),
('2025-07-11 17:04:34', 'Inserción', 'asientos', 1),
('2025-07-11 17:04:34', 'Inserción', 'asientos', 1),
('2025-07-11 17:04:34', 'Inserción', 'asientos', 1),
('2025-07-11 17:04:34', 'Inserción', 'asientos', 1),
('2025-07-11 17:04:34', 'Inserción', 'asientos', 1),
('2025-07-11 17:04:34', 'Inserción', 'asientos', 1),
('2025-07-11 17:04:35', 'Inserción', 'asientos', 1),
('2025-07-11 17:04:35', 'Inserción', 'asientos', 1),
('2025-07-11 17:04:35', 'Inserción', 'asientos', 1),
('2025-07-11 17:04:35', 'Inserción', 'asientos', 1),
('2025-07-11 17:04:35', 'Inserción', 'asientos', 1),
('2025-07-11 17:04:35', 'Inserción', 'asientos', 1),
('2025-07-11 17:04:35', 'Inserción', 'asientos', 1),
('2025-07-11 17:04:35', 'Inserción', 'asientos', 1),
('2025-07-11 17:11:10', 'Modificación', 'clientes', 1),
('2025-07-11 17:11:30', 'Inserción', 'clientes', 1),
('2025-07-11 17:11:30', 'Inserción', 'clientes', 1),
('2025-07-11 17:11:30', 'Inserción', 'clientes', 1),
('2025-07-11 17:11:30', 'Inserción', 'clientes', 1),
('2025-07-11 17:11:30', 'Inserción', 'clientes', 1),
('2025-07-11 17:11:30', 'Inserción', 'clientes', 1),
('2025-07-11 17:11:30', 'Inserción', 'clientes', 1),
('2025-07-11 17:11:30', 'Inserción', 'clientes', 1),
('2025-07-11 17:11:30', 'Inserción', 'clientes', 1),
('2025-07-11 17:11:30', 'Inserción', 'clientes', 1),
('2025-07-11 17:11:30', 'Inserción', 'clientes', 1),
('2025-07-11 17:11:30', 'Inserción', 'clientes', 1),
('2025-07-11 17:11:30', 'Inserción', 'clientes', 1),
('2025-07-11 17:11:30', 'Inserción', 'clientes', 1),
('2025-07-11 17:11:30', 'Inserción', 'clientes', 1),
('2025-07-11 17:11:30', 'Inserción', 'clientes', 1),
('2025-07-11 17:11:30', 'Inserción', 'clientes', 1),
('2025-07-11 17:11:30', 'Inserción', 'clientes', 1),
('2025-07-11 17:11:30', 'Inserción', 'clientes', 1),
('2025-07-11 17:11:30', 'Inserción', 'clientes', 1),
('2025-07-11 17:11:30', 'Inserción', 'clientes', 1),
('2025-07-11 17:11:30', 'Inserción', 'clientes', 1),
('2025-07-11 17:11:30', 'Inserción', 'clientes', 1),
('2025-07-11 17:11:30', 'Inserción', 'clientes', 1),
('2025-07-11 17:11:30', 'Inserción', 'clientes', 1),
('2025-07-11 17:11:30', 'Inserción', 'clientes', 1),
('2025-07-11 17:11:30', 'Inserción', 'clientes', 1),
('2025-07-11 17:11:30', 'Inserción', 'clientes', 1),
('2025-07-11 17:11:30', 'Inserción', 'clientes', 1),
('2025-07-11 17:11:30', 'Inserción', 'clientes', 1),
('2025-07-11 17:11:30', 'Inserción', 'clientes', 1),
('2025-07-11 17:11:30', 'Inserción', 'clientes', 1),
('2025-07-11 17:11:30', 'Inserción', 'clientes', 1),
('2025-07-11 17:11:30', 'Inserción', 'clientes', 1),
('2025-07-11 17:11:30', 'Inserción', 'clientes', 1),
('2025-07-11 17:11:30', 'Inserción', 'clientes', 1),
('2025-07-11 17:11:30', 'Inserción', 'clientes', 1),
('2025-07-11 17:11:30', 'Inserción', 'clientes', 1),
('2025-07-11 17:11:30', 'Inserción', 'clientes', 1),
('2025-07-11 17:11:30', 'Inserción', 'clientes', 1),
('2025-07-11 17:11:30', 'Inserción', 'clientes', 1),
('2025-07-11 17:11:30', 'Inserción', 'clientes', 1),
('2025-07-11 17:11:30', 'Inserción', 'clientes', 1),
('2025-07-11 17:11:30', 'Inserción', 'clientes', 1),
('2025-07-11 17:11:30', 'Inserción', 'clientes', 1),
('2025-07-11 17:11:30', 'Inserción', 'clientes', 1),
('2025-07-11 17:11:30', 'Inserción', 'clientes', 1),
('2025-07-11 17:11:30', 'Inserción', 'clientes', 1),
('2025-07-11 17:11:30', 'Inserción', 'clientes', 1),
('2025-07-11 17:11:30', 'Inserción', 'clientes', 1),
('2025-07-11 17:11:30', 'Inserción', 'clientes', 1),
('2025-07-11 17:11:30', 'Inserción', 'clientes', 1),
('2025-07-11 17:11:30', 'Inserción', 'clientes', 1),
('2025-07-11 17:11:30', 'Inserción', 'clientes', 1),
('2025-07-11 17:11:30', 'Inserción', 'clientes', 1),
('2025-07-11 17:11:30', 'Inserción', 'clientes', 1),
('2025-07-11 17:11:30', 'Inserción', 'clientes', 1),
('2025-07-11 17:11:30', 'Inserción', 'clientes', 1),
('2025-07-11 17:11:30', 'Inserción', 'clientes', 1),
('2025-07-11 17:11:30', 'Inserción', 'clientes', 1),
('2025-07-11 17:11:30', 'Inserción', 'clientes', 1),
('2025-07-11 17:11:30', 'Inserción', 'clientes', 1),
('2025-07-11 17:11:30', 'Inserción', 'clientes', 1),
('2025-07-11 17:11:30', 'Inserción', 'clientes', 1),
('2025-07-11 17:11:30', 'Inserción', 'clientes', 1),
('2025-07-11 17:11:30', 'Inserción', 'clientes', 1),
('2025-07-11 17:11:30', 'Inserción', 'clientes', 1),
('2025-07-11 17:11:30', 'Inserción', 'clientes', 1),
('2025-07-11 17:11:30', 'Inserción', 'clientes', 1),
('2025-07-11 17:11:30', 'Inserción', 'clientes', 1),
('2025-07-11 17:11:30', 'Inserción', 'clientes', 1),
('2025-07-11 17:11:30', 'Inserción', 'clientes', 1),
('2025-07-11 17:11:30', 'Inserción', 'clientes', 1),
('2025-07-11 17:11:30', 'Inserción', 'clientes', 1),
('2025-07-11 17:11:30', 'Inserción', 'clientes', 1),
('2025-07-11 17:11:30', 'Inserción', 'clientes', 1),
('2025-07-11 17:11:30', 'Inserción', 'clientes', 1),
('2025-07-11 17:11:30', 'Inserción', 'clientes', 1),
('2025-07-11 17:11:30', 'Inserción', 'clientes', 1),
('2025-07-11 17:11:30', 'Inserción', 'clientes', 1),
('2025-07-11 17:11:30', 'Inserción', 'clientes', 1),
('2025-07-11 17:11:30', 'Inserción', 'clientes', 1),
('2025-07-11 17:11:30', 'Inserción', 'clientes', 1),
('2025-07-11 17:11:30', 'Inserción', 'clientes', 1),
('2025-07-11 17:11:30', 'Inserción', 'clientes', 1),
('2025-07-11 17:11:30', 'Inserción', 'clientes', 1),
('2025-07-11 17:11:30', 'Inserción', 'clientes', 1),
('2025-07-11 17:11:30', 'Inserción', 'clientes', 1),
('2025-07-11 17:11:30', 'Inserción', 'clientes', 1),
('2025-07-11 17:11:30', 'Inserción', 'clientes', 1),
('2025-07-11 17:11:30', 'Inserción', 'clientes', 1),
('2025-07-11 17:11:30', 'Inserción', 'clientes', 1),
('2025-07-11 17:11:30', 'Inserción', 'clientes', 1),
('2025-07-11 17:11:30', 'Inserción', 'clientes', 1),
('2025-07-11 17:11:30', 'Inserción', 'clientes', 1),
('2025-07-11 17:11:30', 'Inserción', 'clientes', 1),
('2025-07-11 17:13:54', 'Borrado', 'clientes', 1),
('2025-07-11 17:13:54', 'Borrado', 'clientes', 1),
('2025-07-11 17:13:54', 'Borrado', 'clientes', 1),
('2025-07-11 17:13:54', 'Borrado', 'clientes', 1),
('2025-07-11 17:13:54', 'Borrado', 'clientes', 1),
('2025-07-11 17:13:54', 'Borrado', 'clientes', 1),
('2025-07-11 17:13:54', 'Borrado', 'clientes', 1),
('2025-07-11 17:13:54', 'Borrado', 'clientes', 1),
('2025-07-11 17:13:54', 'Borrado', 'clientes', 1),
('2025-07-11 17:13:54', 'Borrado', 'clientes', 1),
('2025-07-11 17:13:54', 'Borrado', 'clientes', 1),
('2025-07-11 17:13:54', 'Borrado', 'clientes', 1),
('2025-07-11 17:13:54', 'Borrado', 'clientes', 1),
('2025-07-11 17:13:54', 'Borrado', 'clientes', 1),
('2025-07-11 17:13:54', 'Borrado', 'clientes', 1),
('2025-07-11 17:13:54', 'Borrado', 'clientes', 1),
('2025-07-11 17:13:54', 'Borrado', 'clientes', 1),
('2025-07-11 17:13:54', 'Borrado', 'clientes', 1),
('2025-07-11 17:13:54', 'Borrado', 'clientes', 1),
('2025-07-11 17:13:54', 'Borrado', 'clientes', 1),
('2025-07-11 17:13:54', 'Borrado', 'clientes', 1),
('2025-07-11 17:13:54', 'Borrado', 'clientes', 1),
('2025-07-11 17:13:54', 'Borrado', 'clientes', 1),
('2025-07-11 17:13:54', 'Borrado', 'clientes', 1),
('2025-07-11 17:24:35', 'Inserción', 'vuelos', 1),
('2025-07-11 17:24:35', 'Inserción', 'vuelos', 1),
('2025-07-11 17:24:35', 'Inserción', 'vuelos', 1),
('2025-07-11 17:24:35', 'Inserción', 'vuelos', 1),
('2025-07-11 17:24:35', 'Inserción', 'vuelos', 1),
('2025-07-11 17:26:34', 'Inserción', 'reservaciones', 1),
('2025-07-11 17:26:34', 'Inserción', 'reservaciones', 1),
('2025-07-11 17:26:34', 'Inserción', 'reservaciones', 1),
('2025-07-11 17:26:34', 'Inserción', 'reservaciones', 1),
('2025-07-11 17:26:34', 'Inserción', 'reservaciones', 1),
('2025-07-11 17:29:29', 'Inserción', 'reservacion_detalle', 1),
('2025-07-11 17:29:29', 'Inserción', 'reservacion_detalle', 1),
('2025-07-11 17:29:29', 'Inserción', 'reservacion_detalle', 1),
('2025-07-11 17:29:29', 'Inserción', 'reservacion_detalle', 1),
('2025-07-11 17:29:29', 'Inserción', 'reservacion_detalle', 1),
('2025-07-12 13:39:31', 'Inserción', 'vuelo_tripulacion', 1),
('2025-07-12 13:39:31', 'Inserción', 'vuelo_tripulacion', 1),
('2025-07-12 13:39:31', 'Inserción', 'vuelo_tripulacion', 1),
('2025-07-12 13:39:31', 'Inserción', 'vuelo_tripulacion', 1),
('2025-07-12 13:39:31', 'Inserción', 'vuelo_tripulacion', 1),
('2025-07-12 13:39:31', 'Inserción', 'vuelo_tripulacion', 1),
('2025-07-12 13:39:31', 'Inserción', 'vuelo_tripulacion', 1),
('2025-07-12 13:39:31', 'Inserción', 'vuelo_tripulacion', 1),
('2025-07-12 13:39:31', 'Inserción', 'vuelo_tripulacion', 1),
('2025-07-12 13:39:31', 'Inserción', 'vuelo_tripulacion', 1),
('2025-07-12 13:39:31', 'Inserción', 'vuelo_tripulacion', 1),
('2025-07-12 13:39:31', 'Inserción', 'vuelo_tripulacion', 1),
('2025-07-12 13:39:31', 'Inserción', 'vuelo_tripulacion', 1),
('2025-07-12 13:39:31', 'Inserción', 'vuelo_tripulacion', 1),
('2025-07-12 14:14:50', 'Borrado', 'vuelo_tripulacion', 1),
('2025-07-12 14:14:50', 'Borrado', 'vuelo_tripulacion', 1),
('2025-07-12 14:14:50', 'Inserción', 'vuelo_tripulacion', 1),
('2025-07-12 14:14:50', 'Inserción', 'vuelo_tripulacion', 1),
('2025-07-12 14:14:50', 'Inserción', 'vuelo_tripulacion', 1),
('2025-07-12 14:15:36', 'Inserción', 'clientes', 1),
('2025-07-12 14:16:52', 'Inserción', 'reservaciones', 1),
('2025-07-12 14:20:00', 'Borrado', 'reservaciones', 1),
('2025-07-12 14:20:00', 'Inserción', 'reservaciones', 1),
('2025-07-12 14:20:00', 'Inserción', 'reservacion_detalle', 1),
('2025-07-12 14:20:00', 'Modificación', 'reservaciones', 1),
('2025-07-12 14:52:36', 'Inserción', 'funcionarios', 1),
('2025-07-12 14:52:46', 'Modificación', 'funcionarios', 1),
('2025-07-12 14:53:18', 'Borrado', 'funcionarios', 1),
('2025-07-12 14:55:58', 'Inserción', 'clientes', 1),
('2025-07-12 14:55:58', 'Inserción', 'reservaciones', 1),
('2025-07-12 14:55:59', 'Inserción', 'reservacion_detalle', 1),
('2025-07-12 14:55:59', 'Inserción', 'reservacion_detalle', 1),
('2025-07-12 14:55:59', 'Modificación', 'reservaciones', 1),
('2025-07-12 14:57:58', 'Borrado', 'reservacion_detalle', 1),
('2025-07-12 14:57:58', 'Inserción', 'reservacion_detalle', 1),
('2025-07-12 14:57:58', 'Modificación', 'reservaciones', 1);

-- --------------------------------------------------------

--
-- Estructura de tabla para la tabla `historial_puestos`
--

CREATE TABLE `historial_puestos` (
  `cedula` varchar(20) DEFAULT NULL,
  `puesto` varchar(50) DEFAULT NULL,
  `fecha_inicio` date DEFAULT NULL,
  `fecha_fin` date DEFAULT NULL
) ENGINE=InnoDB DEFAULT CHARSET=utf8mb4 COLLATE=utf8mb4_general_ci;

--
-- Volcado de datos para la tabla `historial_puestos`
--

INSERT INTO `historial_puestos` (`cedula`, `puesto`, `fecha_inicio`, `fecha_fin`) VALUES
('101', 'Piloto', '2025-07-12', NULL),
('102', 'Copiloto', '2025-07-12', NULL),
('103', 'Aeromoza', '2025-07-12', NULL),
('104', 'Aeromoza', '2025-07-12', NULL),
('105', 'Aeromoza', '2025-07-12', NULL),
('106', 'Piloto', '2025-07-12', NULL),
('107', 'Copiloto', '2025-07-12', NULL),
('108', 'Aeromoza', '2025-07-12', NULL),
('109', 'Aeromoza', '2025-07-12', NULL),
('110', 'Aeromoza', '2025-07-12', NULL),
('111', 'Piloto', '2025-07-12', NULL),
('112', 'Copiloto', '2025-07-12', NULL),
('113', 'Aeromoza', '2025-07-12', NULL),
('114', 'Aeromoza', '2025-07-12', NULL),
('115', 'Aeromoza', '2025-07-12', NULL),
('116', 'Piloto', '2025-07-12', NULL),
('117', 'Copiloto', '2025-07-12', NULL),
('118', 'Aeromoza', '2025-07-12', NULL),
('119', 'Aeromoza', '2025-07-12', NULL),
('120', 'Aeromoza', '2025-07-12', NULL),
('121', 'Piloto', '2025-07-12', NULL),
('122', 'Copiloto', '2025-07-12', NULL),
('123', 'Aeromoza', '2025-07-12', NULL),
('124', 'Aeromoza', '2025-07-12', NULL),
('125', 'Aeromoza', '2025-07-12', NULL),
('126', 'Piloto', '2025-07-12', NULL),
('127', 'Copiloto', '2025-07-12', NULL),
('128', 'Aeromoza', '2025-07-12', NULL),
('129', 'Aeromoza', '2025-07-12', NULL),
('130', 'Aeromoza', '2025-07-12', NULL);

-- --------------------------------------------------------

--
-- Estructura de tabla para la tabla `reservaciones`
--

CREATE TABLE `reservaciones` (
  `numero` int(11) NOT NULL,
  `fecha` date DEFAULT NULL,
  `cliente_cedula` varchar(20) DEFAULT NULL,
  `vuelo_numero` int(11) DEFAULT NULL,
  `total_costo` decimal(10,2) DEFAULT NULL
) ENGINE=InnoDB DEFAULT CHARSET=utf8mb4 COLLATE=utf8mb4_general_ci;

--
-- Volcado de datos para la tabla `reservaciones`
--

INSERT INTO `reservaciones` (`numero`, `fecha`, `cliente_cedula`, `vuelo_numero`, `total_costo`) VALUES
(1, '2025-07-15', '201', 1, 15000.00),
(2, '2025-07-16', '204', 2, 15000.00),
(3, '2025-07-17', '205', 3, 12000.00),
(4, '2025-07-18', '206', 4, 12000.00),
(5, '2025-07-19', '208', 5, 18000.00),
(8888, '2025-07-12', '99999999', 1, 33750.00),
(9999, '2025-07-12', '12345678', 1, 15000.00);

--
-- Disparadores `reservaciones`
--
DELIMITER $$
CREATE TRIGGER `reservaciones_tgg` AFTER INSERT ON `reservaciones` FOR EACH ROW BEGIN
    INSERT INTO historial (fecha, accion, tabla, cantidad) VALUES (NOW(), 'Inserción', 'reservaciones', 1);
END
$$
DELIMITER ;
DELIMITER $$
CREATE TRIGGER `reservaciones_tgg_delete` AFTER DELETE ON `reservaciones` FOR EACH ROW BEGIN
    INSERT INTO historial (fecha, accion, tabla, cantidad) VALUES (NOW(), 'Borrado', 'reservaciones', 1);
END
$$
DELIMITER ;
DELIMITER $$
CREATE TRIGGER `reservaciones_tgg_update` AFTER UPDATE ON `reservaciones` FOR EACH ROW BEGIN
    INSERT INTO historial (fecha, accion, tabla, cantidad) VALUES (NOW(), 'Modificación', 'reservaciones', 1);
END
$$
DELIMITER ;

-- --------------------------------------------------------

--
-- Estructura de tabla para la tabla `reservacion_detalle`
--

CREATE TABLE `reservacion_detalle` (
  `reservacion_numero` int(11) NOT NULL,
  `seccion_codigo` int(11) NOT NULL,
  `asiento_numero` int(11) NOT NULL,
  `avion_codigo` int(11) NOT NULL,
  `monto` decimal(10,2) DEFAULT NULL
) ENGINE=InnoDB DEFAULT CHARSET=utf8mb4 COLLATE=utf8mb4_general_ci;

--
-- Volcado de datos para la tabla `reservacion_detalle`
--

INSERT INTO `reservacion_detalle` (`reservacion_numero`, `seccion_codigo`, `asiento_numero`, `avion_codigo`, `monto`) VALUES
(1, 200, 1, 100, 15000.00),
(1, 201, 2, 100, 10000.00),
(2, 203, 3, 101, 12000.00),
(3, 206, 4, 102, 14000.00),
(4, 209, 5, 103, 13000.00),
(8888, 200, 1, 100, 18000.00),
(8888, 201, 2, 100, 15750.00),
(9999, 200, 1, 100, 15000.00);

--
-- Disparadores `reservacion_detalle`
--
DELIMITER $$
CREATE TRIGGER `reservacion_detalle_tgg` AFTER INSERT ON `reservacion_detalle` FOR EACH ROW BEGIN
    INSERT INTO historial (fecha, accion, tabla, cantidad) VALUES (NOW(), 'Inserción', 'reservacion_detalle', 1);
END
$$
DELIMITER ;
DELIMITER $$
CREATE TRIGGER `reservacion_detalle_tgg_delete` AFTER DELETE ON `reservacion_detalle` FOR EACH ROW BEGIN
    INSERT INTO historial (fecha, accion, tabla, cantidad) VALUES (NOW(), 'Borrado', 'reservacion_detalle', 1);
END
$$
DELIMITER ;

-- --------------------------------------------------------

--
-- Estructura de tabla para la tabla `secciones`
--

CREATE TABLE `secciones` (
  `codigo` int(11) NOT NULL,
  `avion_codigo` int(11) NOT NULL,
  `tipo` varchar(50) DEFAULT NULL,
  `area` varchar(50) DEFAULT NULL,
  `porcentaje` int(11) DEFAULT NULL
) ENGINE=InnoDB DEFAULT CHARSET=utf8mb4 COLLATE=utf8mb4_general_ci;

--
-- Volcado de datos para la tabla `secciones`
--

INSERT INTO `secciones` (`codigo`, `avion_codigo`, `tipo`, `area`, `porcentaje`) VALUES
(200, 100, 'Primera Clase', 'Delantera', 20),
(201, 100, 'Clase Económica', 'Central', 70),
(202, 100, 'Carga', 'Trasera', 10),
(203, 101, 'Primera Clase', 'Delantera', 15),
(204, 101, 'Clase Económica', 'Central', 80),
(205, 101, 'Carga', 'Trasera', 5),
(206, 102, 'Primera Clase', 'Delantera', 10),
(207, 102, 'Clase Económica', 'Central', 85),
(208, 102, 'Carga', 'Trasera', 5),
(209, 103, 'Primera Clase', 'Delantera', 18),
(210, 103, 'Clase Económica', 'Central', 72),
(211, 103, 'Carga', 'Trasera', 10),
(212, 104, 'Primera Clase', 'Delantera', 25),
(213, 104, 'Clase Económica', 'Central', 65),
(214, 104, 'Carga', 'Trasera', 10);

--
-- Disparadores `secciones`
--
DELIMITER $$
CREATE TRIGGER `secciones_tgg` AFTER INSERT ON `secciones` FOR EACH ROW BEGIN
    INSERT INTO historial (fecha, accion, tabla, cantidad) VALUES (NOW(), 'Inserción', 'secciones', 1);
END
$$
DELIMITER ;
DELIMITER $$
CREATE TRIGGER `secciones_tgg_delete` AFTER DELETE ON `secciones` FOR EACH ROW BEGIN
    INSERT INTO historial (fecha, accion, tabla, cantidad) VALUES (NOW(), 'Borrado', 'secciones', 1);
END
$$
DELIMITER ;
DELIMITER $$
CREATE TRIGGER `secciones_tgg_update` AFTER UPDATE ON `secciones` FOR EACH ROW BEGIN
    INSERT INTO historial (fecha, accion, tabla, cantidad) VALUES (NOW(), 'Modificación', 'secciones', 1);
END
$$
DELIMITER ;

-- --------------------------------------------------------

--
-- Estructura de tabla para la tabla `vuelos`
--

CREATE TABLE `vuelos` (
  `numero` int(11) NOT NULL,
  `fecha` date DEFAULT NULL,
  `ciudad_destino` varchar(100) DEFAULT NULL,
  `costo_base` decimal(10,2) DEFAULT NULL,
  `avion_codigo` int(11) DEFAULT NULL
) ENGINE=InnoDB DEFAULT CHARSET=utf8mb4 COLLATE=utf8mb4_general_ci;

--
-- Volcado de datos para la tabla `vuelos`
--

INSERT INTO `vuelos` (`numero`, `fecha`, `ciudad_destino`, `costo_base`, `avion_codigo`) VALUES
(1, '2025-08-01', 'Liberia', 15000.00, 100),
(2, '2025-08-02', 'San José', 15000.00, 101),
(3, '2025-08-03', 'Puntarenas', 12000.00, 102),
(4, '2025-08-04', 'San José', 12000.00, 103),
(5, '2025-08-05', 'Limón', 18000.00, 104);

--
-- Disparadores `vuelos`
--
DELIMITER $$
CREATE TRIGGER `vuelos_tgg` AFTER INSERT ON `vuelos` FOR EACH ROW BEGIN
    INSERT INTO historial (fecha, accion, tabla, cantidad) VALUES (NOW(), 'Inserción', 'vuelos', 1);
END
$$
DELIMITER ;
DELIMITER $$
CREATE TRIGGER `vuelos_tgg_delete` AFTER DELETE ON `vuelos` FOR EACH ROW BEGIN
    INSERT INTO historial (fecha, accion, tabla, cantidad) VALUES (NOW(), 'Borrado', 'vuelos', 1);
END
$$
DELIMITER ;
DELIMITER $$
CREATE TRIGGER `vuelos_tgg_update` AFTER UPDATE ON `vuelos` FOR EACH ROW BEGIN
    INSERT INTO historial (fecha, accion, tabla, cantidad) VALUES (NOW(), 'Modificación', 'vuelos', 1);
END
$$
DELIMITER ;

-- --------------------------------------------------------

--
-- Estructura de tabla para la tabla `vuelo_tripulacion`
--

CREATE TABLE `vuelo_tripulacion` (
  `vuelo_numero` int(11) NOT NULL,
  `funcionario_cedula` varchar(20) NOT NULL
) ENGINE=InnoDB DEFAULT CHARSET=utf8mb4 COLLATE=utf8mb4_general_ci;

--
-- Volcado de datos para la tabla `vuelo_tripulacion`
--

INSERT INTO `vuelo_tripulacion` (`vuelo_numero`, `funcionario_cedula`) VALUES
(1, '101'),
(1, '102'),
(1, '103'),
(1, '104'),
(1, '105'),
(2, '101'),
(2, '106'),
(2, '107'),
(2, '108'),
(2, '109'),
(2, '110'),
(3, '111'),
(3, '112'),
(3, '113'),
(3, '114');

--
-- Disparadores `vuelo_tripulacion`
--
DELIMITER $$
CREATE TRIGGER `vuelo_tripulacion_tgg` AFTER INSERT ON `vuelo_tripulacion` FOR EACH ROW BEGIN
    INSERT INTO historial (fecha, accion, tabla, cantidad) VALUES (NOW(), 'Inserción', 'vuelo_tripulacion', 1);
END
$$
DELIMITER ;
DELIMITER $$
CREATE TRIGGER `vuelo_tripulacion_tgg_delete` AFTER DELETE ON `vuelo_tripulacion` FOR EACH ROW BEGIN
    INSERT INTO historial (fecha, accion, tabla, cantidad) VALUES (NOW(), 'Borrado', 'vuelo_tripulacion', 1);
END
$$
DELIMITER ;

--
-- Índices para tablas volcadas
--

--
-- Indices de la tabla `asientos`
--
ALTER TABLE `asientos`
  ADD PRIMARY KEY (`numero`,`seccion_codigo`,`avion_codigo`),
  ADD KEY `seccion_codigo` (`seccion_codigo`,`avion_codigo`);

--
-- Indices de la tabla `aviones`
--
ALTER TABLE `aviones`
  ADD PRIMARY KEY (`codigo`);

--
-- Indices de la tabla `clientes`
--
ALTER TABLE `clientes`
  ADD PRIMARY KEY (`cedula`);

--
-- Indices de la tabla `consecutivos`
--
ALTER TABLE `consecutivos`
  ADD PRIMARY KEY (`nombre_tabla`);

--
-- Indices de la tabla `funcionarios`
--
ALTER TABLE `funcionarios`
  ADD PRIMARY KEY (`cedula`);

--
-- Indices de la tabla `historial_puestos`
--
ALTER TABLE `historial_puestos`
  ADD KEY `cedula` (`cedula`);

--
-- Indices de la tabla `reservaciones`
--
ALTER TABLE `reservaciones`
  ADD PRIMARY KEY (`numero`),
  ADD KEY `cliente_cedula` (`cliente_cedula`),
  ADD KEY `vuelo_numero` (`vuelo_numero`);

--
-- Indices de la tabla `reservacion_detalle`
--
ALTER TABLE `reservacion_detalle`
  ADD PRIMARY KEY (`reservacion_numero`,`seccion_codigo`,`asiento_numero`,`avion_codigo`),
  ADD KEY `seccion_codigo` (`seccion_codigo`,`avion_codigo`),
  ADD KEY `asiento_numero` (`asiento_numero`,`seccion_codigo`,`avion_codigo`);

--
-- Indices de la tabla `secciones`
--
ALTER TABLE `secciones`
  ADD PRIMARY KEY (`codigo`,`avion_codigo`),
  ADD KEY `avion_codigo` (`avion_codigo`);

--
-- Indices de la tabla `vuelos`
--
ALTER TABLE `vuelos`
  ADD PRIMARY KEY (`numero`),
  ADD KEY `avion_codigo` (`avion_codigo`);

--
-- Indices de la tabla `vuelo_tripulacion`
--
ALTER TABLE `vuelo_tripulacion`
  ADD PRIMARY KEY (`vuelo_numero`,`funcionario_cedula`),
  ADD KEY `funcionario_cedula` (`funcionario_cedula`);

--
-- Restricciones para tablas volcadas
--

--
-- Filtros para la tabla `asientos`
--
ALTER TABLE `asientos`
  ADD CONSTRAINT `asientos_ibfk_1` FOREIGN KEY (`seccion_codigo`,`avion_codigo`) REFERENCES `secciones` (`codigo`, `avion_codigo`);

--
-- Filtros para la tabla `historial_puestos`
--
ALTER TABLE `historial_puestos`
  ADD CONSTRAINT `historial_puestos_ibfk_1` FOREIGN KEY (`cedula`) REFERENCES `funcionarios` (`cedula`);

--
-- Filtros para la tabla `reservaciones`
--
ALTER TABLE `reservaciones`
  ADD CONSTRAINT `reservaciones_ibfk_1` FOREIGN KEY (`cliente_cedula`) REFERENCES `clientes` (`cedula`),
  ADD CONSTRAINT `reservaciones_ibfk_2` FOREIGN KEY (`vuelo_numero`) REFERENCES `vuelos` (`numero`);

--
-- Filtros para la tabla `reservacion_detalle`
--
ALTER TABLE `reservacion_detalle`
  ADD CONSTRAINT `reservacion_detalle_ibfk_1` FOREIGN KEY (`reservacion_numero`) REFERENCES `reservaciones` (`numero`),
  ADD CONSTRAINT `reservacion_detalle_ibfk_2` FOREIGN KEY (`seccion_codigo`,`avion_codigo`) REFERENCES `secciones` (`codigo`, `avion_codigo`),
  ADD CONSTRAINT `reservacion_detalle_ibfk_3` FOREIGN KEY (`asiento_numero`,`seccion_codigo`,`avion_codigo`) REFERENCES `asientos` (`numero`, `seccion_codigo`, `avion_codigo`);

--
-- Filtros para la tabla `secciones`
--
ALTER TABLE `secciones`
  ADD CONSTRAINT `secciones_ibfk_1` FOREIGN KEY (`avion_codigo`) REFERENCES `aviones` (`codigo`);

--
-- Filtros para la tabla `vuelos`
--
ALTER TABLE `vuelos`
  ADD CONSTRAINT `vuelos_ibfk_1` FOREIGN KEY (`avion_codigo`) REFERENCES `aviones` (`codigo`);

--
-- Filtros para la tabla `vuelo_tripulacion`
--
ALTER TABLE `vuelo_tripulacion`
  ADD CONSTRAINT `vuelo_tripulacion_ibfk_1` FOREIGN KEY (`vuelo_numero`) REFERENCES `vuelos` (`numero`),
  ADD CONSTRAINT `vuelo_tripulacion_ibfk_2` FOREIGN KEY (`funcionario_cedula`) REFERENCES `funcionarios` (`cedula`);
COMMIT;

/*!40101 SET CHARACTER_SET_CLIENT=@OLD_CHARACTER_SET_CLIENT */;
/*!40101 SET CHARACTER_SET_RESULTS=@OLD_CHARACTER_SET_RESULTS */;
/*!40101 SET COLLATION_CONNECTION=@OLD_COLLATION_CONNECTION */;
